2022-11-02T12:52:36+05:30,12:52:36,756,396
2022-11-02T12:53:27+05:30,12:53:27,680,842
2022-11-02T12:54:18+05:30,12:54:18,596,856
2022-11-02T12:55:08+05:30,12:55:08,608,760
2022-11-02T12:56:00+05:30,12:56:00,584,654
2022-11-02T12:56:51+05:30,12:56:51,544,604
2022-11-02T12:57:42+05:30,12:57:42,534,598
2022-11-02T12:58:34+05:30,12:58:34,526,594
2022-11-02T12:59:24+05:30,12:59:24,522,566
2022-11-02T13:00:16+05:30,13:00:16,520,570
2022-11-02T13:01:07+05:30,13:01:07,552,594
2022-11-02T13:02:02+05:30,13:02:02,588,582
2022-11-02T13:02:53+05:30,13:02:53,598,564
2022-11-02T13:03:44+05:30,13:03:44,572,574
2022-11-02T13:05:28+05:30,13:05:28,584,576
2022-11-02T13:06:22+05:30,13:06:22,590,562
2022-11-02T13:07:13+05:30,13:07:13,560,582
2022-11-02T13:08:04+05:30,13:08:04,524,590
2022-11-02T13:08:55+05:30,13:08:55,548,590
2022-11-02T13:09:46+05:30,13:09:46,562,592
2022-11-02T13:10:37+05:30,13:10:37,548,584
2022-11-02T13:11:28+05:30,13:11:28,568,588
2022-11-02T13:12:18+05:30,13:12:18,574,586
2022-11-02T13:13:09+05:30,13:13:09,570,588
2022-11-02T13:14:02+05:30,13:14:02,576,588
2022-11-02T13:14:53+05:30,13:14:53,564,606
2022-11-02T13:15:46+05:30,13:15:46,574,594
2022-11-02T13:16:37+05:30,13:16:37,572,590
2022-11-02T13:17:27+05:30,13:17:27,556,592
2022-11-02T13:18:18+05:30,13:18:18,552,606
2022-11-02T13:19:09+05:30,13:19:09,582,592
2022-11-02T13:20:00+05:30,13:20:00,578,594
2022-11-02T13:20:51+05:30,13:20:51,554,578
2022-11-02T13:21:41+05:30,13:21:41,580,580
2022-11-02T13:22:32+05:30,13:22:32,586,584
2022-11-02T13:23:23+05:30,13:23:23,578,598
2022-11-02T13:24:14+05:30,13:24:14,576,594
2022-11-02T13:25:05+05:30,13:25:05,544,606
2022-11-02T13:25:55+05:30,13:25:55,568,592
2022-11-02T13:26:46+05:30,13:26:46,606,592
2022-11-02T13:27:37+05:30,13:27:37,606,592
2022-11-02T13:28:28+05:30,13:28:28,620,586
2022-11-02T13:29:19+05:30,13:29:19,600,586
2022-11-02T13:30:10+05:30,13:30:10,582,590
2022-11-02T13:31:00+05:30,13:31:00,566,594
2022-11-02T13:31:51+05:30,13:31:51,558,604
2022-11-02T13:32:42+05:30,13:32:42,590,604
2022-11-02T13:33:33+05:30,13:33:33,584,606
2022-11-02T13:34:24+05:30,13:34:24,552,586
2022-11-02T13:35:14+05:30,13:35:14,562,598
2022-11-02T13:36:05+05:30,13:36:05,588,606
2022-11-02T13:36:56+05:30,13:36:56,540,606
2022-11-02T13:37:47+05:30,13:37:47,512,592
2022-11-02T13:38:38+05:30,13:38:38,528,586
2022-11-02T13:39:28+05:30,13:39:28,564,596
2022-11-02T13:40:19+05:30,13:40:19,588,582
2022-11-02T13:41:10+05:30,13:41:10,570,592
2022-11-02T13:42:01+05:30,13:42:01,556,604
2022-11-02T13:42:52+05:30,13:42:52,602,604
2022-11-02T13:43:42+05:30,13:43:42,594,600
2022-11-02T13:44:33+05:30,13:44:33,598,606
2022-11-02T13:45:24+05:30,13:45:24,600,600
2022-11-02T13:46:15+05:30,13:46:15,590,604
2022-11-02T13:47:06+05:30,13:47:06,562,608
2022-11-02T13:47:56+05:30,13:47:56,584,600
2022-11-02T13:48:47+05:30,13:48:47,590,598
2022-11-02T13:49:38+05:30,13:49:38,606,598
2022-11-02T13:50:29+05:30,13:50:29,606,588
2022-11-02T13:51:20+05:30,13:51:20,580,592
2022-11-02T13:52:14+05:30,13:52:14,552,612
2022-11-02T13:53:04+05:30,13:53:04,574,602
2022-11-02T13:53:55+05:30,13:53:55,574,588
2022-11-02T13:54:46+05:30,13:54:46,576,598
2022-11-02T13:55:37+05:30,13:55:37,582,598
2022-11-02T13:56:28+05:30,13:56:28,582,594
2022-11-02T13:57:18+05:30,13:57:18,592,628
2022-11-02T13:58:09+05:30,13:58:09,556,636
2022-11-02T13:59:00+05:30,13:59:00,578,630
2022-11-02T13:59:51+05:30,13:59:51,586,630
2022-11-02T14:00:42+05:30,14:00:42,594,640
2022-11-02T14:01:33+05:30,14:01:33,598,638
2022-11-02T14:02:23+05:30,14:02:23,578,652
2022-11-02T14:03:14+05:30,14:03:14,612,668
2022-11-02T14:04:05+05:30,14:04:05,640,674
2022-11-02T14:04:58+05:30,14:04:58,636,682
2022-11-02T14:05:49+05:30,14:05:49,614,658
2022-11-02T14:06:40+05:30,14:06:40,628,662
2022-11-02T14:07:31+05:30,14:07:31,630,662
2022-11-02T14:08:22+05:30,14:08:22,624,674
2022-11-02T14:09:13+05:30,14:09:13,638,694
2022-11-02T14:10:04+05:30,14:10:04,644,694
2022-11-02T14:10:54+05:30,14:10:54,636,678
2022-11-02T14:11:48+05:30,14:11:48,668,680
2022-11-02T14:12:38+05:30,14:12:38,646,672
2022-11-02T14:13:29+05:30,14:13:29,648,654
2022-11-02T14:14:22+05:30,14:14:22,658,656
2022-11-02T14:15:12+05:30,14:15:12,634,668
2022-11-02T14:16:03+05:30,14:16:03,634,668
2022-11-02T14:16:55+05:30,14:16:55,614,696
2022-11-02T14:17:46+05:30,14:17:46,622,716
2022-11-02T14:18:37+05:30,14:18:37,630,692
2022-11-02T14:41:07+05:30,14:41:07,638,760
2022-11-02T14:41:57+05:30,14:41:57,670,750
2022-11-02T14:42:48+05:30,14:42:48,692,752
2022-11-02T14:47:05+05:30,14:47:05,396,700
2022-11-02T14:47:56+05:30,14:47:56,782,712
2022-11-02T14:48:47+05:30,14:48:47,936,714
2022-11-02T14:49:38+05:30,14:49:38,870,740
2022-11-02T15:05:45+05:30,15:05:45,820,838
2022-11-02T15:06:36+05:30,15:06:36,838,828
2022-11-02T15:07:26+05:30,15:07:26,852,834
2022-11-02T15:08:17+05:30,15:08:17,854,830
2022-11-02T15:09:08+05:30,15:09:08,864,838
2022-11-02T15:09:58+05:30,15:09:58,858,812
2022-11-02T15:10:51+05:30,15:10:51,854,830
2022-11-02T15:11:41+05:30,15:11:41,870,844
2022-11-02T15:12:32+05:30,15:12:32,898,846
2022-11-02T15:13:23+05:30,15:13:23,890,834
2022-11-02T15:14:14+05:30,15:14:14,902,848
2022-11-02T15:15:05+05:30,15:15:05,908,852
2022-11-02T15:15:58+05:30,15:15:58,886,860
2022-11-02T15:16:48+05:30,15:16:48,914,870
2022-11-02T15:17:39+05:30,15:17:39,944,858
2022-11-02T15:18:30+05:30,15:18:30,948,880
2022-11-02T15:19:21+05:30,15:19:21,944,894
2022-11-02T15:20:11+05:30,15:20:11,980,920
2022-11-02T15:21:02+05:30,15:21:02,986,922
2022-11-02T15:21:53+05:30,15:21:53,1008,882
2022-11-02T15:22:44+05:30,15:22:44,1044,914
2022-11-02T15:23:35+05:30,15:23:35,1050,922
2022-11-02T15:24:26+05:30,15:24:26,1086,924
2022-11-02T15:25:16+05:30,15:25:16,1050,932
2022-11-02T15:26:07+05:30,15:26:07,1058,936
2022-11-02T15:26:58+05:30,15:26:58,1030,960
2022-11-02T15:27:50+05:30,15:27:50,1040,972
2022-11-02T15:28:42+05:30,15:28:42,1154,986
2022-11-02T15:29:35+05:30,15:29:35,1124,988
2022-11-02T15:30:25+05:30,15:30:25,1096,998
2022-11-02T15:31:16+05:30,15:31:16,1114,1012
2022-11-02T15:32:07+05:30,15:32:07,1108,984
2022-11-02T15:32:58+05:30,15:32:58,1102,988
2022-11-02T15:33:48+05:30,15:33:48,1104,988
2022-11-02T15:34:39+05:30,15:34:39,1108,1006
2022-11-02T15:35:30+05:30,15:35:30,1158,1054
2022-11-02T15:36:21+05:30,15:36:21,1202,1052
2022-11-02T15:37:12+05:30,15:37:12,1132,1054
2022-11-02T15:38:03+05:30,15:38:03,1126,1062
2022-11-02T15:38:54+05:30,15:38:54,1210,1048
2022-11-02T15:39:45+05:30,15:39:45,1160,1062
2022-11-02T15:40:40+05:30,15:40:40,1136,1070
2022-11-02T15:41:33+05:30,15:41:33,1186,1112
2022-11-02T15:42:23+05:30,15:42:23,1204,1142
2022-11-02T15:43:14+05:30,15:43:14,1202,1094
2022-11-02T15:44:05+05:30,15:44:05,394,1184
2022-11-02T15:44:56+05:30,15:44:56,1498,1288
2022-11-02T15:45:47+05:30,15:45:47,1246,1190
2022-11-02T15:46:37+05:30,15:46:37,1228,1174
2022-11-02T15:47:29+05:30,15:47:29,1228,1216
2022-11-02T15:48:20+05:30,15:48:20,1264,1210
2022-11-02T15:49:11+05:30,15:49:11,1292,1216
2022-11-02T15:50:02+05:30,15:50:02,1236,1244
2022-11-02T15:50:55+05:30,15:50:55,1218,1262
2022-11-02T15:51:45+05:30,15:51:45,1236,1286
2022-11-02T15:53:32+05:30,15:53:32,1234,1234
2022-11-02T15:54:25+05:30,15:54:25,1214,1200
2022-11-02T15:55:17+05:30,15:55:17,1214,1148
2022-11-02T15:56:08+05:30,15:56:08,1198,1180
2022-11-02T15:56:59+05:30,15:56:59,1202,1234
2022-11-02T15:57:52+05:30,15:57:52,1256,1228
2022-11-02T15:58:45+05:30,15:58:45,1254,1190
2022-11-02T15:59:36+05:30,15:59:36,1218,1178
2022-11-02T16:00:30+05:30,16:00:30,1256,1190
2022-11-02T16:01:21+05:30,16:01:21,1244,1202
2022-11-02T16:02:13+05:30,16:02:13,1196,1212
2022-11-02T16:03:03+05:30,16:03:03,1218,1206
2022-11-02T16:03:54+05:30,16:03:54,1220,1220
2022-11-02T16:04:45+05:30,16:04:45,1194,1240
2022-11-02T16:05:36+05:30,16:05:36,1186,1266
2022-11-02T16:06:27+05:30,16:06:27,1200,1246
2022-11-02T16:07:17+05:30,16:07:17,1220,1206
2022-11-02T16:08:08+05:30,16:08:08,1230,1176
2022-11-02T16:08:59+05:30,16:08:59,1228,1178
2022-11-02T16:09:52+05:30,16:09:52,1216,1200
2022-11-02T16:10:43+05:30,16:10:43,1228,1234
2022-11-02T16:11:33+05:30,16:11:33,1206,1184
2022-11-02T16:12:24+05:30,16:12:24,1188,1184
2022-11-02T16:13:15+05:30,16:13:15,1210,1218
2022-11-02T16:14:07+05:30,16:14:07,1204,1216
2022-11-02T16:14:59+05:30,16:14:59,1216,1202
2022-11-02T16:15:51+05:30,16:15:51,1172,1232
2022-11-02T16:16:42+05:30,16:16:42,1172,1222
2022-11-02T16:17:34+05:30,16:17:34,1212,1186
2022-11-02T16:18:25+05:30,16:18:25,1178,1204
2022-11-02T16:19:17+05:30,16:19:17,1174,1200
2022-11-02T16:20:10+05:30,16:20:10,1204,1180
2022-11-02T16:21:00+05:30,16:21:00,1186,1226
2022-11-02T16:21:51+05:30,16:21:51,1164,1232
2022-11-02T16:22:43+05:30,16:22:43,1126,1210
2022-11-02T16:23:34+05:30,16:23:34,1136,1192
2022-11-02T16:24:24+05:30,16:24:24,1164,1154
2022-11-02T16:25:20+05:30,16:25:20,1148,1158
2022-11-02T16:26:12+05:30,16:26:12,1108,1220
2022-11-02T16:27:03+05:30,16:27:03,1130,1188
2022-11-02T16:27:54+05:30,16:27:54,1148,1146
2022-11-02T16:28:46+05:30,16:28:46,1130,1130
2022-11-02T16:29:37+05:30,16:29:37,1108,1152
2022-11-02T16:30:28+05:30,16:30:28,1100,1136
2022-11-02T16:31:19+05:30,16:31:19,1090,1132
2022-11-02T16:32:10+05:30,16:32:10,1108,1164
2022-11-02T16:33:00+05:30,16:33:00,1112,1152
2022-11-02T16:33:51+05:30,16:33:51,1082,1134
2022-11-02T16:34:42+05:30,16:34:42,1076,1108
2022-11-02T16:35:33+05:30,16:35:33,1070,1096
2022-11-02T16:36:25+05:30,16:36:25,1062,1106
2022-11-02T16:37:15+05:30,16:37:15,1078,1118
2022-11-02T16:38:06+05:30,16:38:06,1082,1138
2022-11-02T16:38:57+05:30,16:38:57,1070,1108
2022-11-02T16:39:48+05:30,16:39:48,1016,1054
2022-11-02T16:40:39+05:30,16:40:39,1020,1038
2022-11-02T16:41:29+05:30,16:41:29,1030,1058
2022-11-02T16:42:20+05:30,16:42:20,1016,1064
2022-11-02T16:43:11+05:30,16:43:11,1006,1064
2022-11-02T16:44:02+05:30,16:44:02,1014,1030
2022-11-02T16:44:53+05:30,16:44:53,1026,1006
2022-11-02T16:45:43+05:30,16:45:43,966,982
2022-11-02T16:46:34+05:30,16:46:34,964,978
2022-11-02T16:47:26+05:30,16:47:26,990,970
2022-11-02T16:48:17+05:30,16:48:17,992,956
2022-11-02T16:49:08+05:30,16:49:08,976,968
2022-11-02T16:49:59+05:30,16:49:59,970,970
2022-11-02T16:50:50+05:30,16:50:50,950,962
2022-11-02T16:51:42+05:30,16:51:42,950,984
2022-11-02T16:52:33+05:30,16:52:33,958,976
2022-11-02T16:53:24+05:30,16:53:24,962,934
2022-11-02T16:54:14+05:30,16:54:14,964,954
2022-11-02T16:55:05+05:30,16:55:05,942,964
2022-11-02T16:55:56+05:30,16:55:56,928,960
2022-11-02T16:56:47+05:30,16:56:47,944,934
2022-11-02T16:57:38+05:30,16:57:38,924,956
2022-11-02T16:58:29+05:30,16:58:29,912,962
2022-11-02T16:59:22+05:30,16:59:22,914,954
2022-11-02T17:00:13+05:30,17:00:13,890,938
2022-11-02T17:01:04+05:30,17:01:04,904,928
2022-11-02T17:01:56+05:30,17:01:56,924,934
2022-11-02T17:02:48+05:30,17:02:48,894,960
2022-11-02T17:03:39+05:30,17:03:39,884,938
2022-11-02T17:04:32+05:30,17:04:32,900,918
2022-11-02T17:05:23+05:30,17:05:23,914,918
2022-11-02T17:06:13+05:30,17:06:13,884,912
2022-11-02T17:07:06+05:30,17:07:06,910,890
2022-11-02T17:07:58+05:30,17:07:58,928,882
2022-11-02T17:08:50+05:30,17:08:50,896,884
2022-11-02T17:09:41+05:30,17:09:41,898,886
2022-11-02T17:10:34+05:30,17:10:34,886,886
2022-11-02T17:11:25+05:30,17:11:25,884,886
2022-11-02T17:12:17+05:30,17:12:17,862,894
2022-11-02T17:13:08+05:30,17:13:08,852,912
2022-11-02T17:14:00+05:30,17:14:00,900,916
2022-11-02T17:14:54+05:30,17:14:54,904,882
2022-11-02T17:15:45+05:30,17:15:45,882,894
2022-11-02T17:16:36+05:30,17:16:36,858,890
2022-11-02T17:17:27+05:30,17:17:27,852,862
2022-11-02T17:18:19+05:30,17:18:19,846,836
2022-11-02T17:19:13+05:30,17:19:13,832,862
2022-11-02T17:20:05+05:30,17:20:05,818,868
2022-11-02T17:20:56+05:30,17:20:56,828,848
2022-11-02T17:21:47+05:30,17:21:47,832,852
2022-11-02T17:22:38+05:30,17:22:38,830,860
2022-11-02T17:23:28+05:30,17:23:28,822,864
2022-11-02T17:24:20+05:30,17:24:20,818,864
2022-11-02T17:25:11+05:30,17:25:11,818,858
2022-11-02T17:26:03+05:30,17:26:03,824,848
2022-11-02T17:26:55+05:30,17:26:55,838,840
2022-11-02T17:27:45+05:30,17:27:45,842,826
2022-11-02T17:28:37+05:30,17:28:37,818,828
2022-11-02T17:29:28+05:30,17:29:28,812,852
2022-11-02T17:30:24+05:30,17:30:24,816,840
2022-11-02T17:31:14+05:30,17:31:14,810,830
2022-11-02T17:32:04+05:30,17:32:04,806,828
2022-11-02T17:32:55+05:30,17:32:55,840,822
2022-11-02T17:33:46+05:30,17:33:46,820,832
2022-11-02T17:34:38+05:30,17:34:38,826,836
2022-11-02T17:35:28+05:30,17:35:28,854,834
2022-11-02T17:36:19+05:30,17:36:19,854,858
2022-11-02T17:37:10+05:30,17:37:10,822,858
2022-11-02T17:38:01+05:30,17:38:01,804,846
2022-11-02T17:38:52+05:30,17:38:52,820,822
2022-11-02T17:39:42+05:30,17:39:42,812,816
2022-11-02T17:40:33+05:30,17:40:33,824,812
2022-11-02T17:41:24+05:30,17:41:24,832,808
2022-11-02T17:42:15+05:30,17:42:15,824,816
2022-11-02T17:43:06+05:30,17:43:06,822,820
2022-11-02T17:43:56+05:30,17:43:56,796,820
2022-11-02T17:44:47+05:30,17:44:47,722,808
2022-11-02T17:45:39+05:30,17:45:39,730,816
2022-11-02T17:46:30+05:30,17:46:30,802,828
2022-11-02T17:47:21+05:30,17:47:21,812,818
2022-11-02T17:48:11+05:30,17:48:11,808,818
2022-11-02T17:49:02+05:30,17:49:02,774,808
2022-11-02T17:49:53+05:30,17:49:53,758,792
2022-11-02T17:50:44+05:30,17:50:44,754,778
2022-11-02T17:51:35+05:30,17:51:35,758,776
2022-11-02T17:52:25+05:30,17:52:25,746,778
2022-11-02T17:53:16+05:30,17:53:16,762,770
2022-11-02T17:54:07+05:30,17:54:07,756,760
2022-11-02T17:55:00+05:30,17:55:00,756,772
2022-11-02T17:55:51+05:30,17:55:51,776,762
2022-11-02T17:56:45+05:30,17:56:45,778,758
2022-11-02T17:57:35+05:30,17:57:35,754,780
2022-11-02T17:58:30+05:30,17:58:30,748,778
2022-11-02T17:59:21+05:30,17:59:21,752,770
2022-11-02T18:00:12+05:30,18:00:12,768,772
2022-11-02T18:01:08+05:30,18:01:08,780,756
2022-11-02T18:01:59+05:30,18:01:59,782,750
2022-11-02T18:02:50+05:30,18:02:50,750,764
2022-11-02T18:03:41+05:30,18:03:41,728,780
2022-11-02T18:04:32+05:30,18:04:32,748,768
2022-11-02T18:05:22+05:30,18:05:22,784,766
2022-11-02T18:06:13+05:30,18:06:13,768,774
2022-11-02T18:07:04+05:30,18:07:04,738,780
2022-11-02T18:07:56+05:30,18:07:56,730,766
2022-11-02T18:08:47+05:30,18:08:47,704,764
2022-11-02T18:09:37+05:30,18:09:37,716,770
2022-11-02T18:10:28+05:30,18:10:28,724,762
2022-11-02T18:11:19+05:30,18:11:19,698,744
2022-11-02T18:12:10+05:30,18:12:10,698,746
2022-11-02T18:13:01+05:30,18:13:01,716,752
2022-11-02T18:13:51+05:30,18:13:51,720,758
2022-11-02T18:14:42+05:30,18:14:42,728,754
2022-11-02T18:15:33+05:30,18:15:33,720,764
2022-11-02T18:17:19+05:30,18:17:19,724,772
2022-11-02T18:18:09+05:30,18:18:09,722,760
2022-11-02T18:19:00+05:30,18:19:00,724,758
2022-11-02T18:19:51+05:30,18:19:51,728,756
2022-11-02T18:20:43+05:30,18:20:43,730,778
2022-11-02T18:21:34+05:30,18:21:34,714,776
2022-11-02T18:22:24+05:30,18:22:24,726,748
2022-11-02T18:23:15+05:30,18:23:15,720,742
2022-11-02T18:24:06+05:30,18:24:06,736,764
2022-11-02T18:24:57+05:30,18:24:57,748,774
2022-11-02T18:25:47+05:30,18:25:47,752,764
2022-11-02T18:26:38+05:30,18:26:38,740,754
2022-11-02T18:27:31+05:30,18:27:31,738,764
2022-11-02T18:28:22+05:30,18:28:22,760,770
2022-11-02T18:29:13+05:30,18:29:13,772,778
2022-11-02T18:30:04+05:30,18:30:04,754,780
2022-11-02T18:30:55+05:30,18:30:55,740,786
2022-11-02T18:31:46+05:30,18:31:46,746,788
2022-11-02T18:32:37+05:30,18:32:37,766,782
2022-11-02T18:33:28+05:30,18:33:28,780,792
2022-11-02T18:34:18+05:30,18:34:18,764,788
2022-11-02T18:35:09+05:30,18:35:09,756,784
2022-11-02T18:36:00+05:30,18:36:00,754,780
2022-11-02T18:36:52+05:30,18:36:52,752,784
2022-11-02T18:37:42+05:30,18:37:42,762,798
2022-11-02T18:38:33+05:30,18:38:33,762,790
2022-11-02T18:39:25+05:30,18:39:25,784,786
2022-11-02T18:40:16+05:30,18:40:16,796,806
2022-11-02T18:41:07+05:30,18:41:07,778,804
2022-11-02T18:41:58+05:30,18:41:58,762,794
2022-11-02T18:42:48+05:30,18:42:48,772,794
2022-11-02T18:43:39+05:30,18:43:39,768,806
2022-11-02T18:44:31+05:30,18:44:31,758,806
2022-11-02T18:45:22+05:30,18:45:22,772,790
2022-11-02T18:46:12+05:30,18:46:12,762,788
2022-11-02T18:47:03+05:30,18:47:03,768,770
2022-11-02T18:47:54+05:30,18:47:54,782,780
2022-11-02T18:48:45+05:30,18:48:45,784,806
2022-11-02T18:49:36+05:30,18:49:36,774,810
2022-11-02T18:50:26+05:30,18:50:26,774,800
2022-11-02T18:51:17+05:30,18:51:17,784,784
2022-11-02T18:52:08+05:30,18:52:08,764,786
2022-11-02T18:52:59+05:30,18:52:59,742,786
2022-11-02T18:53:50+05:30,18:53:50,750,794
2022-11-02T18:54:41+05:30,18:54:41,764,790
2022-11-02T18:55:32+05:30,18:55:32,746,792
2022-11-02T18:56:23+05:30,18:56:23,760,786
2022-11-02T18:57:14+05:30,18:57:14,762,790
2022-11-02T18:58:05+05:30,18:58:05,772,800
2022-11-02T18:58:55+05:30,18:58:55,754,792
2022-11-02T18:59:46+05:30,18:59:46,758,774
2022-11-02T19:00:40+05:30,19:00:40,770,784
2022-11-02T19:01:30+05:30,19:01:30,746,780
2022-11-02T19:02:21+05:30,19:02:21,740,782
2022-11-02T19:03:12+05:30,19:03:12,776,792
2022-11-02T19:04:04+05:30,19:04:04,780,794
2022-11-02T19:04:55+05:30,19:04:55,764,792
2022-11-02T19:05:46+05:30,19:05:46,736,780
2022-11-02T19:06:36+05:30,19:06:36,780,768
2022-11-02T19:07:27+05:30,19:07:27,786,774
2022-11-02T19:08:18+05:30,19:08:18,760,772
2022-11-02T19:09:10+05:30,19:09:10,772,774
2022-11-02T19:10:01+05:30,19:10:01,788,780
2022-11-02T19:10:53+05:30,19:10:53,752,792
2022-11-02T19:11:44+05:30,19:11:44,742,792
2022-11-02T19:12:36+05:30,19:12:36,764,792
2022-11-02T19:13:27+05:30,19:13:27,762,794
2022-11-02T19:14:17+05:30,19:14:17,784,790
2022-11-02T19:15:08+05:30,19:15:08,780,790
2022-11-02T19:15:59+05:30,19:15:59,760,796
2022-11-02T19:16:50+05:30,19:16:50,744,780
2022-11-02T19:17:41+05:30,19:17:41,758,798
2022-11-02T19:18:33+05:30,19:18:33,740,802
2022-11-02T19:19:24+05:30,19:19:24,732,796
2022-11-02T19:20:15+05:30,19:20:15,758,802
2022-11-02T19:21:06+05:30,19:21:06,772,806
2022-11-02T19:21:57+05:30,19:21:57,748,790
2022-11-02T19:22:49+05:30,19:22:49,728,790
2022-11-02T19:23:39+05:30,19:23:39,722,786
2022-11-02T19:24:30+05:30,19:24:30,750,794
2022-11-02T19:25:21+05:30,19:25:21,748,784
2022-11-02T19:26:11+05:30,19:26:11,736,760
2022-11-02T19:27:02+05:30,19:27:02,740,768
2022-11-02T19:27:53+05:30,19:27:53,756,774
2022-11-02T19:28:44+05:30,19:28:44,734,776
2022-11-02T19:29:36+05:30,19:29:36,746,754
2022-11-02T19:30:26+05:30,19:30:26,778,766
2022-11-02T19:31:18+05:30,19:31:18,784,782
2022-11-02T19:32:11+05:30,19:32:11,754,776
2022-11-02T19:33:02+05:30,19:33:02,760,768
2022-11-02T19:33:53+05:30,19:33:53,756,772
2022-11-02T19:34:43+05:30,19:34:43,780,788
2022-11-02T19:35:35+05:30,19:35:35,774,800
2022-11-02T19:36:26+05:30,19:36:26,766,778
2022-11-02T19:37:17+05:30,19:37:17,756,792
2022-11-02T19:38:08+05:30,19:38:08,752,806
2022-11-02T19:38:58+05:30,19:38:58,738,802
2022-11-02T19:39:49+05:30,19:39:49,736,784
2022-11-02T19:40:40+05:30,19:40:40,744,796
2022-11-02T19:41:31+05:30,19:41:31,752,804
2022-11-02T19:42:21+05:30,19:42:21,740,804
2022-11-02T19:43:12+05:30,19:43:12,742,798
2022-11-02T19:44:04+05:30,19:44:04,764,794
2022-11-02T19:44:55+05:30,19:44:55,758,794
2022-11-02T19:45:46+05:30,19:45:46,748,790
2022-11-02T19:46:36+05:30,19:46:36,748,780
2022-11-02T19:47:27+05:30,19:47:27,758,782
2022-11-02T19:48:19+05:30,19:48:19,756,772
2022-11-02T19:49:10+05:30,19:49:10,764,768
2022-11-02T19:50:01+05:30,19:50:01,756,766
2022-11-02T19:50:51+05:30,19:50:51,750,778
2022-11-02T19:51:42+05:30,19:51:42,768,788
2022-11-02T19:52:33+05:30,19:52:33,760,786
2022-11-02T19:53:25+05:30,19:53:25,790,792
2022-11-02T19:54:16+05:30,19:54:16,764,794
2022-11-02T19:55:06+05:30,19:55:06,762,784
2022-11-02T19:55:57+05:30,19:55:57,766,788
2022-11-02T19:56:48+05:30,19:56:48,762,776
2022-11-02T19:57:39+05:30,19:57:39,758,790
2022-11-02T19:58:30+05:30,19:58:30,760,786
2022-11-02T19:59:20+05:30,19:59:20,754,774
2022-11-02T20:00:11+05:30,20:00:11,756,786
2022-11-02T20:01:02+05:30,20:01:02,766,798
2022-11-02T20:01:53+05:30,20:01:53,766,788
2022-11-02T20:02:45+05:30,20:02:45,768,774
2022-11-02T20:03:36+05:30,20:03:36,758,796
2022-11-02T20:04:27+05:30,20:04:27,738,806
2022-11-02T20:05:19+05:30,20:05:19,776,776
2022-11-02T20:06:11+05:30,20:06:11,788,776
2022-11-02T20:07:02+05:30,20:07:02,770,788
2022-11-02T20:07:52+05:30,20:07:52,754,804
2022-11-02T20:08:43+05:30,20:08:43,740,800
2022-11-02T20:09:34+05:30,20:09:34,754,800
2022-11-02T20:10:25+05:30,20:10:25,754,798
2022-11-02T20:11:15+05:30,20:11:15,758,788
2022-11-02T20:12:06+05:30,20:12:06,782,774
2022-11-02T20:12:57+05:30,20:12:57,780,782
2022-11-02T20:13:48+05:30,20:13:48,774,788
2022-11-02T20:14:39+05:30,20:14:39,784,812
2022-11-02T20:15:29+05:30,20:15:29,768,804
2022-11-02T20:16:20+05:30,20:16:20,756,798
2022-11-02T20:17:11+05:30,20:17:11,780,798
2022-11-02T20:18:04+05:30,20:18:04,786,798
2022-11-02T20:18:55+05:30,20:18:55,772,802
2022-11-02T20:19:45+05:30,20:19:45,760,786
2022-11-02T20:20:36+05:30,20:20:36,788,786
2022-11-02T20:21:27+05:30,20:21:27,772,780
2022-11-02T20:22:18+05:30,20:22:18,750,782
2022-11-02T20:23:12+05:30,20:23:12,766,774
2022-11-02T20:24:03+05:30,20:24:03,778,794
2022-11-02T20:24:54+05:30,20:24:54,780,798
2022-11-02T20:25:45+05:30,20:25:45,770,790
2022-11-02T20:26:36+05:30,20:26:36,782,774
2022-11-02T20:27:26+05:30,20:27:26,792,766
2022-11-02T20:28:17+05:30,20:28:17,776,760
2022-11-02T20:29:08+05:30,20:29:08,766,774
2022-11-02T20:29:59+05:30,20:29:59,758,782
2022-11-02T20:30:50+05:30,20:30:50,754,764
2022-11-02T20:31:41+05:30,20:31:41,758,760
2022-11-02T20:32:35+05:30,20:32:35,750,770
2022-11-02T20:33:27+05:30,20:33:27,752,788
2022-11-02T20:34:18+05:30,20:34:18,772,778
2022-11-02T20:35:09+05:30,20:35:09,780,780
2022-11-02T20:36:00+05:30,20:36:00,772,782
2022-11-02T20:36:50+05:30,20:36:50,764,764
2022-11-02T20:37:41+05:30,20:37:41,748,794
2022-11-02T20:38:32+05:30,20:38:32,742,806
2022-11-02T20:39:23+05:30,20:39:23,746,790
2022-11-02T20:40:13+05:30,20:40:13,794,776
2022-11-02T20:41:04+05:30,20:41:04,822,784
2022-11-02T20:41:55+05:30,20:41:55,816,766
2022-11-02T20:42:46+05:30,20:42:46,804,828
2022-11-02T20:43:38+05:30,20:43:38,806,902
2022-11-02T20:44:28+05:30,20:44:28,818,882
2022-11-02T20:45:19+05:30,20:45:19,830,856
2022-11-02T20:46:10+05:30,20:46:10,822,852
2022-11-02T20:47:01+05:30,20:47:01,818,850
2022-11-02T20:47:52+05:30,20:47:52,816,842
2022-11-02T20:48:42+05:30,20:48:42,816,842
2022-11-02T20:49:33+05:30,20:49:33,820,836
2022-11-02T20:50:24+05:30,20:50:24,820,822
2022-11-02T20:51:15+05:30,20:51:15,864,828
2022-11-02T20:52:07+05:30,20:52:07,850,838
2022-11-02T20:52:57+05:30,20:52:57,838,836
2022-11-02T20:53:49+05:30,20:53:49,838,830
2022-11-02T20:54:40+05:30,20:54:40,840,826
2022-11-02T20:55:31+05:30,20:55:31,864,838
2022-11-02T20:56:22+05:30,20:56:22,844,846
2022-11-02T20:57:12+05:30,20:57:12,836,844
2022-11-02T20:58:03+05:30,20:58:03,854,834
2022-11-02T20:58:55+05:30,20:58:55,844,814
2022-11-02T20:59:46+05:30,20:59:46,822,812
2022-11-02T21:00:37+05:30,21:00:37,824,826
2022-11-02T21:01:27+05:30,21:01:27,874,848
2022-11-02T21:02:20+05:30,21:02:20,858,842
2022-11-02T21:03:11+05:30,21:03:11,852,842
2022-11-02T21:04:02+05:30,21:04:02,836,848
2022-11-02T21:04:52+05:30,21:04:52,852,852
2022-11-02T21:05:43+05:30,21:05:43,870,866
2022-11-02T21:06:34+05:30,21:06:34,874,866
2022-11-02T21:07:25+05:30,21:07:25,860,856
2022-11-02T21:08:16+05:30,21:08:16,868,854
2022-11-02T21:09:06+05:30,21:09:06,856,884
2022-11-02T21:09:58+05:30,21:09:58,864,882
2022-11-02T21:10:49+05:30,21:10:49,882,852
2022-11-02T21:11:40+05:30,21:11:40,876,856
2022-11-02T21:12:30+05:30,21:12:30,886,880
2022-11-02T21:13:21+05:30,21:13:21,890,890
2022-11-02T21:14:12+05:30,21:14:12,890,880
2022-11-02T21:15:03+05:30,21:15:03,848,892
2022-11-02T21:15:54+05:30,21:15:54,854,900
2022-11-02T21:16:44+05:30,21:16:44,886,894
2022-11-02T21:17:35+05:30,21:17:35,888,876
2022-11-02T21:18:26+05:30,21:18:26,892,872
2022-11-02T21:19:18+05:30,21:19:18,884,906
2022-11-02T21:20:09+05:30,21:20:09,906,926
2022-11-02T21:20:59+05:30,21:20:59,932,926
2022-11-02T21:21:50+05:30,21:21:50,926,916
2022-11-02T21:22:41+05:30,21:22:41,912,894
2022-11-02T21:23:32+05:30,21:23:32,892,876
2022-11-02T21:24:24+05:30,21:24:24,860,868
2022-11-02T21:25:14+05:30,21:25:14,862,878
2022-11-02T21:26:05+05:30,21:26:05,876,872
2022-11-02T21:26:56+05:30,21:26:56,886,872
2022-11-02T21:27:47+05:30,21:27:47,866,870
2022-11-02T21:28:38+05:30,21:28:38,864,856
2022-11-02T21:29:28+05:30,21:29:28,896,852
2022-11-02T21:30:19+05:30,21:30:19,918,852
2022-11-02T21:31:10+05:30,21:31:10,932,874
2022-11-02T21:32:01+05:30,21:32:01,898,884
2022-11-02T21:32:55+05:30,21:32:55,900,880
2022-11-02T21:33:46+05:30,21:33:46,896,878
2022-11-02T21:34:38+05:30,21:34:38,908,882
2022-11-02T21:35:29+05:30,21:35:29,912,888
2022-11-02T21:36:20+05:30,21:36:20,858,880
2022-11-02T21:37:10+05:30,21:37:10,872,870
2022-11-02T21:38:01+05:30,21:38:01,864,866
2022-11-02T21:38:53+05:30,21:38:53,858,872
2022-11-02T21:39:48+05:30,21:39:48,840,868
2022-11-02T21:40:39+05:30,21:40:39,842,862
2022-11-02T21:41:29+05:30,21:41:29,902,870
2022-11-02T21:42:20+05:30,21:42:20,894,870
2022-11-02T21:43:11+05:30,21:43:11,874,868
2022-11-02T21:44:03+05:30,21:44:03,908,866
2022-11-02T21:44:54+05:30,21:44:54,900,888
2022-11-02T21:45:44+05:30,21:45:44,848,888
2022-11-02T21:46:35+05:30,21:46:35,842,872
2022-11-02T21:47:26+05:30,21:47:26,852,870
2022-11-02T21:48:17+05:30,21:48:17,882,872
2022-11-02T21:49:08+05:30,21:49:08,892,902
2022-11-02T21:49:58+05:30,21:49:58,916,900
2022-11-02T21:50:52+05:30,21:50:52,896,888
2022-11-02T21:51:43+05:30,21:51:43,898,872
2022-11-02T21:52:34+05:30,21:52:34,884,868
2022-11-02T21:53:24+05:30,21:53:24,876,872
2022-11-02T21:54:16+05:30,21:54:16,898,878
2022-11-02T21:55:08+05:30,21:55:08,880,878
2022-11-02T21:55:59+05:30,21:55:59,864,870
2022-11-02T21:56:50+05:30,21:56:50,860,882
2022-11-02T21:57:40+05:30,21:57:40,868,884
2022-11-02T21:58:31+05:30,21:58:31,860,872
2022-11-02T21:59:22+05:30,21:59:22,876,866
2022-11-02T22:00:16+05:30,22:00:16,880,874
2022-11-02T22:01:08+05:30,22:01:08,876,878
2022-11-02T22:01:58+05:30,22:01:58,898,900
2022-11-02T22:02:49+05:30,22:02:49,918,916
2022-11-02T22:03:40+05:30,22:03:40,896,900
2022-11-02T22:04:31+05:30,22:04:31,860,878
2022-11-02T22:05:21+05:30,22:05:21,896,870
2022-11-02T22:06:12+05:30,22:06:12,908,868
2022-11-02T22:07:03+05:30,22:07:03,884,878
2022-11-02T22:07:54+05:30,22:07:54,882,860
2022-11-02T22:08:45+05:30,22:08:45,868,862
2022-11-02T22:09:35+05:30,22:09:35,864,874
2022-11-02T22:10:27+05:30,22:10:27,904,862
2022-11-02T22:11:18+05:30,22:11:18,914,862
2022-11-02T22:12:10+05:30,22:12:10,880,864
2022-11-02T22:13:00+05:30,22:13:00,904,858
2022-11-02T22:13:50+05:30,22:13:50,892,842
2022-11-02T22:14:41+05:30,22:14:41,896,860
2022-11-02T22:15:32+05:30,22:15:32,862,890
2022-11-02T22:16:23+05:30,22:16:23,884,880
2022-11-02T22:17:16+05:30,22:17:16,904,878
2022-11-02T22:18:06+05:30,22:18:06,912,874
2022-11-02T22:18:57+05:30,22:18:57,908,882
2022-11-02T22:19:48+05:30,22:19:48,912,886
2022-11-02T22:20:39+05:30,22:20:39,892,860
2022-11-02T22:21:30+05:30,22:21:30,890,860
2022-11-02T22:22:20+05:30,22:22:20,866,882
2022-11-02T22:23:11+05:30,22:23:11,866,876
2022-11-02T22:24:02+05:30,22:24:02,916,876
2022-11-02T22:24:53+05:30,22:24:53,916,890
2022-11-02T22:25:44+05:30,22:25:44,902,884
2022-11-02T22:26:34+05:30,22:26:34,900,886
2022-11-02T22:27:25+05:30,22:27:25,868,880
2022-11-02T22:28:16+05:30,22:28:16,872,878
2022-11-02T22:29:07+05:30,22:29:07,834,898
2022-11-02T22:30:00+05:30,22:30:00,882,904
2022-11-02T22:30:52+05:30,22:30:52,894,876
2022-11-02T22:31:43+05:30,22:31:43,888,850
2022-11-02T22:32:34+05:30,22:32:34,876,868
2022-11-02T22:33:26+05:30,22:33:26,872,874
2022-11-02T22:34:19+05:30,22:34:19,910,872
2022-11-02T22:35:12+05:30,22:35:12,922,878
2022-11-02T22:36:03+05:30,22:36:03,916,880
2022-11-02T22:36:54+05:30,22:36:54,896,894
2022-11-02T22:37:45+05:30,22:37:45,886,900
2022-11-02T22:38:35+05:30,22:38:35,892,888
2022-11-02T22:39:26+05:30,22:39:26,926,900
2022-11-02T22:40:17+05:30,22:40:17,924,892
2022-11-02T22:41:08+05:30,22:41:08,908,886
2022-11-02T22:41:58+05:30,22:41:58,924,896
2022-11-02T22:42:50+05:30,22:42:50,898,876
2022-11-02T22:43:41+05:30,22:43:41,878,878
2022-11-02T22:44:32+05:30,22:44:32,904,878
2022-11-02T22:45:23+05:30,22:45:23,912,896
2022-11-02T22:46:13+05:30,22:46:13,910,894
2022-11-02T22:47:04+05:30,22:47:04,870,874
2022-11-02T22:47:55+05:30,22:47:55,864,872
2022-11-02T22:48:46+05:30,22:48:46,862,898
2022-11-02T22:49:37+05:30,22:49:37,866,912
2022-11-02T22:50:27+05:30,22:50:27,914,880
2022-11-02T22:51:18+05:30,22:51:18,882,872
2022-11-02T22:52:12+05:30,22:52:12,868,874
2022-11-02T22:53:03+05:30,22:53:03,884,886
2022-11-02T22:53:53+05:30,22:53:53,888,888
2022-11-02T22:54:44+05:30,22:54:44,900,882
2022-11-02T22:55:35+05:30,22:55:35,880,892
2022-11-02T22:56:26+05:30,22:56:26,894,900
2022-11-02T22:57:17+05:30,22:57:17,890,898
2022-11-02T22:58:07+05:30,22:58:07,876,886
2022-11-02T22:58:59+05:30,22:58:59,876,884
2022-11-02T22:59:50+05:30,22:59:50,888,892
2022-11-02T23:00:41+05:30,23:00:41,894,890
2022-11-02T23:01:34+05:30,23:01:34,880,874
2022-11-02T23:02:25+05:30,23:02:25,878,868
2022-11-02T23:03:17+05:30,23:03:17,886,878
2022-11-02T23:04:08+05:30,23:04:08,898,880
2022-11-02T23:04:59+05:30,23:04:59,888,880
2022-11-02T23:05:49+05:30,23:05:49,864,862
2022-11-02T23:06:40+05:30,23:06:40,882,862
2022-11-02T23:07:31+05:30,23:07:31,878,868
2022-11-02T23:08:22+05:30,23:08:22,884,872
2022-11-02T23:09:13+05:30,23:09:13,858,858
2022-11-02T23:10:03+05:30,23:10:03,842,858
2022-11-02T23:10:54+05:30,23:10:54,860,884
2022-11-02T23:11:45+05:30,23:11:45,884,878
2022-11-02T23:12:36+05:30,23:12:36,872,862
2022-11-02T23:13:28+05:30,23:13:28,838,862
2022-11-02T23:14:18+05:30,23:14:18,838,858
2022-11-02T23:15:09+05:30,23:15:09,838,844
2022-11-02T23:16:00+05:30,23:16:00,852,850
2022-11-02T23:16:51+05:30,23:16:51,850,862
2022-11-02T23:17:41+05:30,23:17:41,850,850
2022-11-02T23:18:32+05:30,23:18:32,844,852
2022-11-02T23:19:23+05:30,23:19:23,806,840
2022-11-02T23:20:14+05:30,23:20:14,828,840
2022-11-02T23:21:05+05:30,23:21:05,830,838
2022-11-02T23:21:55+05:30,23:21:55,836,842
2022-11-02T23:22:46+05:30,23:22:46,820,846
2022-11-02T23:23:37+05:30,23:23:37,842,854
2022-11-02T23:24:28+05:30,23:24:28,868,870
2022-11-02T23:25:19+05:30,23:25:19,848,860
2022-11-02T23:26:09+05:30,23:26:09,830,842
2022-11-02T23:27:00+05:30,23:27:00,852,838
2022-11-02T23:27:51+05:30,23:27:51,842,848
2022-11-02T23:28:42+05:30,23:28:42,836,850
2022-11-02T23:29:35+05:30,23:29:35,838,842
2022-11-02T23:30:26+05:30,23:30:26,834,840
2022-11-02T23:31:17+05:30,23:31:17,850,862
2022-11-02T23:32:08+05:30,23:32:08,820,848
2022-11-02T23:32:59+05:30,23:32:59,808,852
2022-11-02T23:33:50+05:30,23:33:50,850,864
2022-11-02T23:34:41+05:30,23:34:41,864,842
2022-11-02T23:35:32+05:30,23:35:32,850,832
2022-11-02T23:36:23+05:30,23:36:23,820,862
2022-11-02T23:37:14+05:30,23:37:14,838,858
2022-11-02T23:38:04+05:30,23:38:04,828,844
2022-11-02T23:38:55+05:30,23:38:55,834,856
2022-11-02T23:39:46+05:30,23:39:46,874,846
2022-11-02T23:40:37+05:30,23:40:37,904,824
2022-11-02T23:41:28+05:30,23:41:28,884,836
2022-11-02T23:42:18+05:30,23:42:18,836,862
2022-11-02T23:43:09+05:30,23:43:09,836,852
2022-11-02T23:44:01+05:30,23:44:01,844,832
2022-11-02T23:44:52+05:30,23:44:52,834,830
2022-11-02T23:45:42+05:30,23:45:42,854,834
2022-11-02T23:46:33+05:30,23:46:33,878,844
2022-11-02T23:47:24+05:30,23:47:24,876,842
2022-11-02T23:48:15+05:30,23:48:15,842,830
2022-11-02T23:49:06+05:30,23:49:06,824,822
2022-11-02T23:49:56+05:30,23:49:56,820,810
2022-11-02T23:50:47+05:30,23:50:47,826,806
2022-11-02T23:51:38+05:30,23:51:38,806,834
2022-11-02T23:52:29+05:30,23:52:29,818,870
2022-11-02T23:53:21+05:30,23:53:21,828,900
2022-11-02T23:54:11+05:30,23:54:11,862,862
2022-11-02T23:55:02+05:30,23:55:02,868,856
2022-11-02T23:55:53+05:30,23:55:53,900,860
2022-11-02T23:56:44+05:30,23:56:44,892,870
2022-11-02T23:57:34+05:30,23:57:34,892,884
2022-11-02T23:58:25+05:30,23:58:25,880,902
2022-11-02T23:59:16+05:30,23:59:16,834,890
2022-11-03T00:00:07+05:30,00:00:07,854,900
2022-11-03T00:00:58+05:30,00:00:58,888,898
2022-11-03T00:01:48+05:30,00:01:48,876,884
2022-11-03T00:02:39+05:30,00:02:39,880,878
2022-11-03T00:03:30+05:30,00:03:30,870,880
2022-11-03T00:04:21+05:30,00:04:21,884,904
2022-11-03T00:05:12+05:30,00:05:12,1042,918
2022-11-03T00:06:02+05:30,00:06:02,928,888
2022-11-03T00:06:53+05:30,00:06:53,872,864
2022-11-03T00:07:47+05:30,00:07:47,904,882
2022-11-03T00:08:38+05:30,00:08:38,892,876
2022-11-03T00:09:28+05:30,00:09:28,868,852
2022-11-03T00:10:19+05:30,00:10:19,878,854
2022-11-03T00:11:10+05:30,00:11:10,840,872
2022-11-03T00:12:01+05:30,00:12:01,738,872
2022-11-03T00:12:52+05:30,00:12:52,706,846
2022-11-03T00:13:42+05:30,00:13:42,704,824
2022-11-03T00:14:33+05:30,00:14:33,712,820
2022-11-03T00:15:24+05:30,00:15:24,708,780
2022-11-03T00:16:15+05:30,00:16:15,696,770
2022-11-03T00:17:07+05:30,00:17:07,696,764
2022-11-03T00:17:57+05:30,00:17:57,710,758
2022-11-03T00:18:49+05:30,00:18:49,726,762
2022-11-03T00:19:42+05:30,00:19:42,716,746
2022-11-03T00:20:34+05:30,00:20:34,702,752
2022-11-03T00:21:24+05:30,00:21:24,694,774
2022-11-03T00:22:15+05:30,00:22:15,698,758
2022-11-03T00:23:06+05:30,00:23:06,696,736
2022-11-03T00:23:57+05:30,00:23:57,708,746
2022-11-03T00:24:47+05:30,00:24:47,710,736
2022-11-03T00:25:38+05:30,00:25:38,678,728
2022-11-03T00:26:29+05:30,00:26:29,656,732
2022-11-03T00:27:21+05:30,00:27:21,654,746
2022-11-03T00:28:12+05:30,00:28:12,650,736
2022-11-03T00:29:02+05:30,00:29:02,616,726
2022-11-03T00:29:53+05:30,00:29:53,600,718
2022-11-03T00:30:44+05:30,00:30:44,590,706
2022-11-03T00:31:35+05:30,00:31:35,588,670
2022-11-03T00:32:26+05:30,00:32:26,578,660
2022-11-03T00:33:16+05:30,00:33:16,570,660
2022-11-03T00:34:08+05:30,00:34:08,574,668
2022-11-03T00:34:59+05:30,00:34:59,568,672
2022-11-03T00:35:50+05:30,00:35:50,560,678
2022-11-03T00:36:41+05:30,00:36:41,554,672
2022-11-03T00:37:31+05:30,00:37:31,552,660
2022-11-03T00:38:22+05:30,00:38:22,562,656
2022-11-03T00:39:13+05:30,00:39:13,566,668
2022-11-03T00:40:04+05:30,00:40:04,538,664
2022-11-03T00:40:54+05:30,00:40:54,534,664
2022-11-03T00:41:45+05:30,00:41:45,548,660
2022-11-03T00:42:36+05:30,00:42:36,552,664
2022-11-03T00:43:30+05:30,00:43:30,536,656
2022-11-03T00:44:21+05:30,00:44:21,534,644
2022-11-03T00:45:11+05:30,00:45:11,528,650
2022-11-03T00:46:05+05:30,00:46:05,502,658
2022-11-03T00:46:55+05:30,00:46:55,502,660
2022-11-03T00:47:46+05:30,00:47:46,506,646
2022-11-03T00:48:37+05:30,00:48:37,524,616
2022-11-03T00:49:28+05:30,00:49:28,510,620
2022-11-03T00:50:19+05:30,00:50:19,526,642
2022-11-03T00:51:10+05:30,00:51:10,536,638
2022-11-03T00:52:01+05:30,00:52:01,532,636
2022-11-03T00:52:51+05:30,00:52:51,524,624
2022-11-03T00:53:42+05:30,00:53:42,524,610
2022-11-03T00:54:33+05:30,00:54:33,512,612
2022-11-03T00:55:24+05:30,00:55:24,492,632
2022-11-03T00:56:15+05:30,00:56:15,490,634
2022-11-03T00:57:05+05:30,00:57:05,506,624
2022-11-03T00:57:56+05:30,00:57:56,510,630
2022-11-03T00:58:49+05:30,00:58:49,492,642
2022-11-03T00:59:40+05:30,00:59:40,498,618
2022-11-03T01:00:31+05:30,01:00:31,518,602
2022-11-03T01:01:21+05:30,01:01:21,520,604
2022-11-03T01:02:12+05:30,01:02:12,512,610
2022-11-03T01:03:03+05:30,01:03:03,516,616
2022-11-03T01:03:54+05:30,01:03:54,504,596
2022-11-03T01:04:45+05:30,01:04:45,500,594
2022-11-03T01:05:35+05:30,01:05:35,496,618
2022-11-03T01:06:26+05:30,01:06:26,496,616
2022-11-03T01:07:17+05:30,01:07:17,494,602
2022-11-03T01:08:08+05:30,01:08:08,490,608
2022-11-03T01:08:59+05:30,01:08:59,494,594
2022-11-03T01:09:49+05:30,01:09:49,494,598
2022-11-03T01:10:40+05:30,01:10:40,480,610
2022-11-03T01:11:31+05:30,01:11:31,480,624
2022-11-03T01:12:22+05:30,01:12:22,490,648
2022-11-03T01:13:12+05:30,01:13:12,500,646
2022-11-03T01:14:03+05:30,01:14:03,496,620
2022-11-03T01:14:54+05:30,01:14:54,492,600
2022-11-03T01:15:45+05:30,01:15:45,488,598
2022-11-03T01:16:36+05:30,01:16:36,498,610
2022-11-03T01:17:26+05:30,01:17:26,478,602
2022-11-03T01:18:17+05:30,01:18:17,472,576
2022-11-03T01:19:08+05:30,01:19:08,472,556
2022-11-03T01:19:59+05:30,01:19:59,476,574
2022-11-03T01:20:51+05:30,01:20:51,486,578
2022-11-03T01:21:41+05:30,01:21:41,482,576
2022-11-03T01:22:32+05:30,01:22:32,470,566
2022-11-03T01:23:23+05:30,01:23:23,466,568
2022-11-03T01:24:14+05:30,01:24:14,462,570
2022-11-03T01:25:07+05:30,01:25:07,464,570
2022-11-03T01:25:57+05:30,01:25:57,458,572
2022-11-03T01:26:48+05:30,01:26:48,456,570
2022-11-03T01:27:39+05:30,01:27:39,454,574
2022-11-03T01:28:30+05:30,01:28:30,454,578
2022-11-03T01:29:20+05:30,01:29:20,468,572
2022-11-03T01:30:11+05:30,01:30:11,450,572
2022-11-03T01:31:02+05:30,01:31:02,442,578
2022-11-03T01:31:53+05:30,01:31:53,436,576
2022-11-03T01:32:44+05:30,01:32:44,450,570
2022-11-03T01:33:36+05:30,01:33:36,448,560
2022-11-03T01:34:26+05:30,01:34:26,458,564
2022-11-03T01:35:17+05:30,01:35:17,458,562
2022-11-03T01:36:08+05:30,01:36:08,454,548
2022-11-03T01:36:59+05:30,01:36:59,442,554
2022-11-03T01:37:49+05:30,01:37:49,434,546
2022-11-03T01:38:40+05:30,01:38:40,438,550
2022-11-03T01:39:31+05:30,01:39:31,436,552
2022-11-03T01:40:22+05:30,01:40:22,424,558
2022-11-03T01:41:13+05:30,01:41:13,436,560
2022-11-03T01:42:03+05:30,01:42:03,432,562
2022-11-03T01:42:54+05:30,01:42:54,440,562
2022-11-03T01:43:45+05:30,01:43:45,446,572
2022-11-03T01:44:36+05:30,01:44:36,442,564
2022-11-03T01:45:27+05:30,01:45:27,434,546
2022-11-03T01:46:17+05:30,01:46:17,422,550
2022-11-03T01:47:08+05:30,01:47:08,424,546
2022-11-03T01:47:59+05:30,01:47:59,426,544
2022-11-03T01:48:50+05:30,01:48:50,440,550
2022-11-03T01:49:40+05:30,01:49:40,430,554
2022-11-03T01:50:31+05:30,01:50:31,436,560
2022-11-03T01:51:22+05:30,01:51:22,424,538
2022-11-03T01:52:13+05:30,01:52:13,424,554
2022-11-03T01:53:04+05:30,01:53:04,422,554
2022-11-03T01:53:57+05:30,01:53:57,426,548
2022-11-03T01:54:48+05:30,01:54:48,422,550
2022-11-03T01:55:39+05:30,01:55:39,422,558
2022-11-03T01:56:31+05:30,01:56:31,422,554
2022-11-03T01:57:23+05:30,01:57:23,422,548
2022-11-03T01:58:13+05:30,01:58:13,424,542
2022-11-03T01:59:04+05:30,01:59:04,424,530
2022-11-03T01:59:55+05:30,01:59:55,422,544
2022-11-03T02:00:46+05:30,02:00:46,424,532
2022-11-03T02:01:38+05:30,02:01:38,424,526
2022-11-03T02:02:28+05:30,02:02:28,422,550
2022-11-03T02:03:19+05:30,02:03:19,420,548
2022-11-03T02:04:10+05:30,02:04:10,420,528
2022-11-03T02:05:01+05:30,02:05:01,422,504
2022-11-03T02:05:51+05:30,02:05:51,422,498
2022-11-03T02:06:42+05:30,02:06:42,422,524
2022-11-03T02:07:33+05:30,02:07:33,418,528
2022-11-03T02:08:24+05:30,02:08:24,418,530
2022-11-03T02:09:15+05:30,02:09:15,418,528
2022-11-03T02:10:05+05:30,02:10:05,422,528
2022-11-03T02:10:56+05:30,02:10:56,422,514
2022-11-03T02:11:47+05:30,02:11:47,422,524
2022-11-03T02:12:38+05:30,02:12:38,422,538
2022-11-03T02:13:29+05:30,02:13:29,422,528
2022-11-03T02:14:19+05:30,02:14:19,422,516
2022-11-03T02:15:10+05:30,02:15:10,422,516
2022-11-03T02:16:01+05:30,02:16:01,420,518
2022-11-03T02:16:52+05:30,02:16:52,420,526
2022-11-03T02:17:42+05:30,02:17:42,420,522
2022-11-03T02:18:32+05:30,02:18:32,420,516
2022-11-03T02:19:23+05:30,02:19:23,420,520
2022-11-03T02:20:14+05:30,02:20:14,424,500
2022-11-03T02:21:05+05:30,02:21:05,422,506
2022-11-03T02:21:56+05:30,02:21:56,418,500
2022-11-03T02:22:46+05:30,02:22:46,420,490
2022-11-03T02:23:37+05:30,02:23:37,422,498
2022-11-03T02:24:28+05:30,02:24:28,420,496
2022-11-03T02:25:19+05:30,02:25:19,418,516
2022-11-03T02:26:10+05:30,02:26:10,418,514
2022-11-03T02:27:00+05:30,02:27:00,422,510
2022-11-03T02:27:51+05:30,02:27:51,422,498
2022-11-03T02:28:42+05:30,02:28:42,420,490
2022-11-03T02:29:33+05:30,02:29:33,418,512
2022-11-03T02:30:24+05:30,02:30:24,418,496
2022-11-03T02:31:14+05:30,02:31:14,418,484
2022-11-03T02:32:05+05:30,02:32:05,418,470
2022-11-03T02:32:56+05:30,02:32:56,418,476
2022-11-03T02:33:47+05:30,02:33:47,418,510
2022-11-03T02:34:38+05:30,02:34:38,416,518
2022-11-03T02:35:29+05:30,02:35:29,418,508
2022-11-03T02:36:20+05:30,02:36:20,422,502
2022-11-03T02:37:11+05:30,02:37:11,420,498
2022-11-03T02:38:02+05:30,02:38:02,420,498
2022-11-03T02:38:52+05:30,02:38:52,416,484
2022-11-03T02:39:43+05:30,02:39:43,418,488
2022-11-03T02:40:36+05:30,02:40:36,422,510
2022-11-03T02:41:27+05:30,02:41:27,420,514
2022-11-03T02:42:18+05:30,02:42:18,418,504
2022-11-03T02:43:08+05:30,02:43:08,416,514
2022-11-03T02:43:59+05:30,02:43:59,414,506
2022-11-03T02:44:50+05:30,02:44:50,412,512
2022-11-03T02:45:41+05:30,02:45:41,416,518
2022-11-03T02:46:32+05:30,02:46:32,416,516
2022-11-03T02:47:22+05:30,02:47:22,416,498
2022-11-03T02:48:13+05:30,02:48:13,416,496
2022-11-03T02:49:04+05:30,02:49:04,416,504
2022-11-03T02:49:55+05:30,02:49:55,416,498
2022-11-03T02:50:46+05:30,02:50:46,414,492
2022-11-03T02:51:36+05:30,02:51:36,414,486
2022-11-03T02:52:27+05:30,02:52:27,416,498
2022-11-03T02:53:18+05:30,02:53:18,416,482
2022-11-03T02:54:09+05:30,02:54:09,416,472
2022-11-03T02:55:01+05:30,02:55:01,414,468
2022-11-03T02:55:51+05:30,02:55:51,414,494
2022-11-03T02:56:42+05:30,02:56:42,412,504
2022-11-03T02:57:33+05:30,02:57:33,414,482
2022-11-03T02:58:24+05:30,02:58:24,414,480
2022-11-03T02:59:14+05:30,02:59:14,414,480
2022-11-03T03:00:05+05:30,03:00:05,412,484
2022-11-03T03:00:56+05:30,03:00:56,414,488
2022-11-03T03:01:47+05:30,03:01:47,414,476
2022-11-03T03:02:38+05:30,03:02:38,412,478
2022-11-03T03:03:28+05:30,03:03:28,414,480
2022-11-03T03:04:19+05:30,03:04:19,414,470
2022-11-03T03:05:10+05:30,03:05:10,414,482
2022-11-03T03:06:01+05:30,03:06:01,410,486
2022-11-03T03:06:52+05:30,03:06:52,414,468
2022-11-03T03:07:42+05:30,03:07:42,416,464
2022-11-03T03:08:33+05:30,03:08:33,414,468
2022-11-03T03:09:25+05:30,03:09:25,414,470
2022-11-03T03:10:16+05:30,03:10:16,414,466
2022-11-03T03:11:06+05:30,03:11:06,416,476
2022-11-03T03:11:56+05:30,03:11:56,418,482
2022-11-03T03:12:47+05:30,03:12:47,418,468
2022-11-03T03:13:38+05:30,03:13:38,414,460
2022-11-03T03:14:29+05:30,03:14:29,414,454
2022-11-03T03:15:20+05:30,03:15:20,414,460
2022-11-03T03:16:10+05:30,03:16:10,410,468
2022-11-03T03:17:01+05:30,03:17:01,410,462
2022-11-03T03:17:52+05:30,03:17:52,410,462
2022-11-03T03:18:43+05:30,03:18:43,414,464
2022-11-03T03:19:34+05:30,03:19:34,414,462
2022-11-03T03:20:24+05:30,03:20:24,412,460
2022-11-03T03:21:15+05:30,03:21:15,414,454
2022-11-03T03:22:06+05:30,03:22:06,412,458
2022-11-03T03:22:57+05:30,03:22:57,412,462
2022-11-03T03:23:50+05:30,03:23:50,414,470
2022-11-03T03:24:42+05:30,03:24:42,412,460
2022-11-03T03:25:33+05:30,03:25:33,414,460
2022-11-03T03:26:24+05:30,03:26:24,414,462
2022-11-03T03:27:15+05:30,03:27:15,414,460
2022-11-03T03:28:05+05:30,03:28:05,414,446
2022-11-03T03:28:56+05:30,03:28:56,412,468
2022-11-03T03:29:47+05:30,03:29:47,412,454
2022-11-03T03:30:38+05:30,03:30:38,412,450
2022-11-03T03:31:29+05:30,03:31:29,412,456
2022-11-03T03:32:19+05:30,03:32:19,414,456
2022-11-03T03:33:10+05:30,03:33:10,414,462
2022-11-03T03:34:01+05:30,03:34:01,414,464
2022-11-03T03:34:52+05:30,03:34:52,412,446
2022-11-03T03:35:43+05:30,03:35:43,414,446
2022-11-03T03:36:33+05:30,03:36:33,416,454
2022-11-03T03:37:25+05:30,03:37:25,414,460
2022-11-03T03:38:16+05:30,03:38:16,412,458
2022-11-03T03:39:07+05:30,03:39:07,410,450
2022-11-03T03:39:58+05:30,03:39:58,412,450
2022-11-03T03:40:48+05:30,03:40:48,408,442
2022-11-03T03:41:39+05:30,03:41:39,408,450
2022-11-03T03:42:30+05:30,03:42:30,410,460
2022-11-03T03:43:21+05:30,03:43:21,410,460
2022-11-03T03:44:12+05:30,03:44:12,410,446
2022-11-03T03:45:02+05:30,03:45:02,410,446
2022-11-03T03:45:53+05:30,03:45:53,410,440
2022-11-03T03:46:44+05:30,03:46:44,412,434
2022-11-03T03:47:35+05:30,03:47:35,410,436
2022-11-03T03:48:25+05:30,03:48:25,408,436
2022-11-03T03:49:16+05:30,03:49:16,410,454
2022-11-03T03:50:07+05:30,03:50:07,410,468
2022-11-03T03:50:58+05:30,03:50:58,410,464
2022-11-03T03:51:49+05:30,03:51:49,412,448
2022-11-03T03:52:39+05:30,03:52:39,412,452
2022-11-03T03:53:30+05:30,03:53:30,410,464
2022-11-03T03:54:21+05:30,03:54:21,406,460
2022-11-03T03:55:12+05:30,03:55:12,406,444
2022-11-03T03:56:03+05:30,03:56:03,408,436
2022-11-03T03:56:53+05:30,03:56:53,406,446
2022-11-03T03:57:44+05:30,03:57:44,406,456
2022-11-03T03:58:35+05:30,03:58:35,408,452
2022-11-03T03:59:26+05:30,03:59:26,410,446
2022-11-03T04:00:17+05:30,04:00:17,408,446
2022-11-03T04:01:06+05:30,04:01:06,408,438
2022-11-03T04:01:57+05:30,04:01:57,408,444
2022-11-03T04:02:48+05:30,04:02:48,406,456
2022-11-03T04:03:39+05:30,04:03:39,404,448
2022-11-03T04:04:30+05:30,04:04:30,406,452
2022-11-03T04:05:20+05:30,04:05:20,408,448
2022-11-03T04:06:11+05:30,04:06:11,408,438
2022-11-03T04:07:02+05:30,04:07:02,406,444
2022-11-03T04:07:53+05:30,04:07:53,406,446
2022-11-03T04:08:44+05:30,04:08:44,408,450
2022-11-03T04:09:34+05:30,04:09:34,412,450
2022-11-03T04:10:25+05:30,04:10:25,412,458
2022-11-03T04:11:16+05:30,04:11:16,412,460
2022-11-03T04:12:07+05:30,04:12:07,412,462
2022-11-03T04:12:58+05:30,04:12:58,410,446
2022-11-03T04:13:48+05:30,04:13:48,410,442
2022-11-03T04:14:39+05:30,04:14:39,410,460
2022-11-03T04:15:30+05:30,04:15:30,410,458
2022-11-03T04:16:21+05:30,04:16:21,410,460
2022-11-03T04:17:11+05:30,04:17:11,410,448
2022-11-03T04:18:02+05:30,04:18:02,410,438
2022-11-03T04:18:53+05:30,04:18:53,410,442
2022-11-03T04:19:44+05:30,04:19:44,410,442
2022-11-03T04:20:35+05:30,04:20:35,410,436
2022-11-03T04:21:25+05:30,04:21:25,410,458
2022-11-03T04:22:16+05:30,04:22:16,410,468
2022-11-03T04:23:06+05:30,04:23:06,410,454
2022-11-03T04:23:57+05:30,04:23:57,408,424
2022-11-03T04:24:47+05:30,04:24:47,406,442
2022-11-03T04:25:37+05:30,04:25:37,410,446
2022-11-03T04:26:28+05:30,04:26:28,412,448
2022-11-03T04:27:19+05:30,04:27:19,410,446
2022-11-03T04:28:10+05:30,04:28:10,410,430
2022-11-03T04:29:01+05:30,04:29:01,410,424
2022-11-03T04:29:51+05:30,04:29:51,408,422
2022-11-03T04:30:42+05:30,04:30:42,410,424
2022-11-03T04:31:33+05:30,04:31:33,410,446
2022-11-03T04:32:24+05:30,04:32:24,408,446
2022-11-03T04:33:15+05:30,04:33:15,406,424
2022-11-03T04:34:05+05:30,04:34:05,406,426
2022-11-03T04:34:56+05:30,04:34:56,408,440
2022-11-03T04:35:47+05:30,04:35:47,408,424
2022-11-03T04:36:38+05:30,04:36:38,404,424
2022-11-03T04:37:29+05:30,04:37:29,408,434
2022-11-03T04:38:18+05:30,04:38:18,410,460
2022-11-03T04:39:09+05:30,04:39:09,408,456
2022-11-03T04:40:00+05:30,04:40:00,406,440
2022-11-03T04:40:51+05:30,04:40:51,408,442
2022-11-03T04:41:42+05:30,04:41:42,406,432
2022-11-03T04:42:32+05:30,04:42:32,408,424
2022-11-03T04:43:23+05:30,04:43:23,406,424
2022-11-03T04:44:14+05:30,04:44:14,408,426
2022-11-03T04:45:05+05:30,04:45:05,410,434
2022-11-03T04:45:55+05:30,04:45:55,410,440
2022-11-03T04:46:46+05:30,04:46:46,410,436
2022-11-03T04:47:37+05:30,04:47:37,412,424
2022-11-03T04:48:28+05:30,04:48:28,412,424
2022-11-03T04:49:19+05:30,04:49:19,408,434
2022-11-03T04:50:09+05:30,04:50:09,410,432
2022-11-03T04:51:00+05:30,04:51:00,410,430
2022-11-03T04:51:51+05:30,04:51:51,410,442
2022-11-03T04:52:42+05:30,04:52:42,410,438
2022-11-03T04:53:33+05:30,04:53:33,408,424
2022-11-03T04:54:23+05:30,04:54:23,406,424
2022-11-03T04:55:14+05:30,04:55:14,408,424
2022-11-03T04:56:05+05:30,04:56:05,410,424
2022-11-03T04:56:56+05:30,04:56:56,408,426
2022-11-03T04:57:46+05:30,04:57:46,410,424
2022-11-03T04:58:36+05:30,04:58:36,408,424
2022-11-03T04:59:27+05:30,04:59:27,410,436
2022-11-03T05:00:18+05:30,05:00:18,410,438
2022-11-03T05:01:09+05:30,05:01:09,408,438
2022-11-03T05:02:00+05:30,05:02:00,408,428
2022-11-03T05:02:50+05:30,05:02:50,410,430
2022-11-03T05:03:41+05:30,05:03:41,408,440
2022-11-03T05:04:32+05:30,05:04:32,406,432
2022-11-03T05:05:23+05:30,05:05:23,408,428
2022-11-03T05:06:14+05:30,05:06:14,408,426
2022-11-03T05:07:04+05:30,05:07:04,408,436
2022-11-03T05:07:55+05:30,05:07:55,406,440
2022-11-03T05:08:46+05:30,05:08:46,406,444
2022-11-03T05:09:37+05:30,05:09:37,404,440
2022-11-03T05:10:28+05:30,05:10:28,406,440
2022-11-03T05:11:18+05:30,05:11:18,406,442
2022-11-03T05:12:09+05:30,05:12:09,408,436
2022-11-03T05:13:00+05:30,05:13:00,408,438
2022-11-03T05:13:51+05:30,05:13:51,408,450
2022-11-03T05:14:42+05:30,05:14:42,410,452
2022-11-03T05:15:32+05:30,05:15:32,408,448
2022-11-03T05:16:23+05:30,05:16:23,406,434
2022-11-03T05:17:14+05:30,05:17:14,408,444
2022-11-03T05:18:05+05:30,05:18:05,408,438
2022-11-03T05:18:56+05:30,05:18:56,408,432
2022-11-03T05:19:46+05:30,05:19:46,410,430
2022-11-03T05:20:37+05:30,05:20:37,408,446
2022-11-03T05:21:28+05:30,05:21:28,406,442
2022-11-03T05:22:19+05:30,05:22:19,406,424
2022-11-03T05:23:09+05:30,05:23:09,408,422
2022-11-03T05:24:00+05:30,05:24:00,408,424
2022-11-03T05:24:51+05:30,05:24:51,408,432
2022-11-03T05:25:42+05:30,05:25:42,408,434
2022-11-03T05:26:33+05:30,05:26:33,410,424
2022-11-03T05:27:23+05:30,05:27:23,408,422
2022-11-03T05:28:14+05:30,05:28:14,406,436
2022-11-03T05:29:05+05:30,05:29:05,408,438
2022-11-03T05:29:56+05:30,05:29:56,410,424
2022-11-03T05:30:47+05:30,05:30:47,408,432
2022-11-03T05:31:36+05:30,05:31:36,406,444
2022-11-03T05:32:27+05:30,05:32:27,408,450
2022-11-03T05:33:18+05:30,05:33:18,410,450
2022-11-03T05:34:09+05:30,05:34:09,406,450
2022-11-03T05:35:00+05:30,05:35:00,406,434
2022-11-03T05:35:50+05:30,05:35:50,406,428
2022-11-03T05:36:41+05:30,05:36:41,406,424
2022-11-03T05:37:32+05:30,05:37:32,410,430
2022-11-03T05:38:23+05:30,05:38:23,408,432
2022-11-03T05:39:14+05:30,05:39:14,408,434
2022-11-03T05:40:05+05:30,05:40:05,406,436
2022-11-03T05:40:56+05:30,05:40:56,406,436
2022-11-03T05:41:47+05:30,05:41:47,404,436
2022-11-03T05:42:38+05:30,05:42:38,406,444
2022-11-03T05:43:29+05:30,05:43:29,410,446
2022-11-03T05:44:19+05:30,05:44:19,408,450
2022-11-03T05:45:10+05:30,05:45:10,406,440
2022-11-03T05:46:01+05:30,05:46:01,404,436
2022-11-03T05:46:52+05:30,05:46:52,406,436
2022-11-03T05:47:43+05:30,05:47:43,408,424
2022-11-03T05:48:33+05:30,05:48:33,406,424
2022-11-03T05:49:24+05:30,05:49:24,406,424
2022-11-03T05:50:15+05:30,05:50:15,406,432
2022-11-03T05:51:06+05:30,05:51:06,406,430
2022-11-03T05:51:56+05:30,05:51:56,406,438
2022-11-03T05:52:47+05:30,05:52:47,406,434
2022-11-03T05:53:38+05:30,05:53:38,408,428
2022-11-03T05:54:29+05:30,05:54:29,408,424
2022-11-03T05:55:20+05:30,05:55:20,406,424
2022-11-03T05:56:10+05:30,05:56:10,406,432
2022-11-03T05:57:01+05:30,05:57:01,406,434
2022-11-03T05:57:52+05:30,05:57:52,408,426
2022-11-03T05:58:43+05:30,05:58:43,406,424
2022-11-03T05:59:34+05:30,05:59:34,404,432
2022-11-03T06:00:24+05:30,06:00:24,404,456
2022-11-03T06:01:15+05:30,06:01:15,406,446
2022-11-03T06:02:06+05:30,06:02:06,408,432
2022-11-03T06:02:57+05:30,06:02:57,406,432
2022-11-03T06:03:48+05:30,06:03:48,408,454
2022-11-03T06:04:38+05:30,06:04:38,404,450
2022-11-03T06:05:29+05:30,06:05:29,406,434
2022-11-03T06:06:20+05:30,06:06:20,406,424
2022-11-03T06:07:11+05:30,06:07:11,404,424
2022-11-03T06:08:02+05:30,06:08:02,404,424
2022-11-03T06:08:52+05:30,06:08:52,406,428
2022-11-03T06:09:43+05:30,06:09:43,406,424
2022-11-03T06:10:34+05:30,06:10:34,408,438
2022-11-03T06:11:25+05:30,06:11:25,408,426
2022-11-03T06:12:16+05:30,06:12:16,406,424
2022-11-03T06:13:06+05:30,06:13:06,408,424
2022-11-03T06:13:57+05:30,06:13:57,408,426
2022-11-03T06:14:48+05:30,06:14:48,404,426
2022-11-03T06:15:39+05:30,06:15:39,402,424
2022-11-03T06:16:29+05:30,06:16:29,404,424
2022-11-03T06:17:20+05:30,06:17:20,406,424
2022-11-03T06:18:11+05:30,06:18:11,406,428
2022-11-03T06:19:02+05:30,06:19:02,408,430
2022-11-03T06:19:53+05:30,06:19:53,406,436
2022-11-03T06:20:43+05:30,06:20:43,410,440
2022-11-03T06:21:34+05:30,06:21:34,410,440
2022-11-03T06:22:25+05:30,06:22:25,410,424
2022-11-03T06:23:16+05:30,06:23:16,408,424
2022-11-03T06:24:07+05:30,06:24:07,408,422
2022-11-03T06:24:57+05:30,06:24:57,406,422
2022-11-03T06:25:48+05:30,06:25:48,406,428
2022-11-03T06:26:39+05:30,06:26:39,406,426
2022-11-03T06:27:30+05:30,06:27:30,406,430
2022-11-03T06:28:21+05:30,06:28:21,406,440
2022-11-03T06:29:11+05:30,06:29:11,408,442
2022-11-03T06:30:02+05:30,06:30:02,408,434
2022-11-03T06:30:53+05:30,06:30:53,410,432
2022-11-03T06:31:44+05:30,06:31:44,406,426
2022-11-03T06:32:34+05:30,06:32:34,408,426
2022-11-03T06:33:24+05:30,06:33:24,408,434
2022-11-03T06:34:15+05:30,06:34:15,410,434
2022-11-03T06:35:05+05:30,06:35:05,408,428
2022-11-03T06:35:56+05:30,06:35:56,406,438
2022-11-03T06:36:47+05:30,06:36:47,404,446
2022-11-03T06:37:37+05:30,06:37:37,406,432
2022-11-03T06:38:28+05:30,06:38:28,408,432
2022-11-03T06:39:19+05:30,06:39:19,406,424
2022-11-03T06:40:10+05:30,06:40:10,406,430
2022-11-03T06:41:01+05:30,06:41:01,406,426
2022-11-03T06:41:51+05:30,06:41:51,406,424
2022-11-03T06:42:42+05:30,06:42:42,408,440
2022-11-03T06:43:33+05:30,06:43:33,408,434
2022-11-03T06:44:24+05:30,06:44:24,408,428
2022-11-03T06:45:15+05:30,06:45:15,408,438
2022-11-03T06:46:05+05:30,06:46:05,404,434
2022-11-03T06:46:56+05:30,06:46:56,406,434
2022-11-03T06:47:47+05:30,06:47:47,406,430
2022-11-03T06:48:38+05:30,06:48:38,406,424
2022-11-03T06:49:29+05:30,06:49:29,408,424
2022-11-03T06:50:19+05:30,06:50:19,408,424
2022-11-03T06:51:10+05:30,06:51:10,404,424
2022-11-03T06:52:01+05:30,06:52:01,406,422
2022-11-03T06:52:52+05:30,06:52:52,410,424
2022-11-03T06:53:42+05:30,06:53:42,410,436
2022-11-03T06:54:33+05:30,06:54:33,410,424
2022-11-03T06:55:24+05:30,06:55:24,410,422
2022-11-03T06:56:15+05:30,06:56:15,410,424
2022-11-03T06:57:06+05:30,06:57:06,408,424
2022-11-03T06:57:56+05:30,06:57:56,406,426
2022-11-03T06:58:47+05:30,06:58:47,410,426
2022-11-03T06:59:38+05:30,06:59:38,408,430
2022-11-03T07:00:29+05:30,07:00:29,408,440
2022-11-03T07:01:20+05:30,07:01:20,404,442
2022-11-03T07:02:10+05:30,07:02:10,406,430
2022-11-03T07:03:00+05:30,07:03:00,410,432
2022-11-03T07:03:51+05:30,07:03:51,410,426
2022-11-03T07:04:42+05:30,07:04:42,410,422
2022-11-03T07:05:33+05:30,07:05:33,406,422
2022-11-03T07:06:22+05:30,07:06:22,406,424
2022-11-03T07:07:13+05:30,07:07:13,408,432
2022-11-03T07:08:04+05:30,07:08:04,408,424
2022-11-03T07:08:55+05:30,07:08:55,408,420
2022-11-03T07:09:46+05:30,07:09:46,406,424
2022-11-03T07:10:36+05:30,07:10:36,406,424
2022-11-03T07:11:27+05:30,07:11:27,406,428
2022-11-03T07:12:18+05:30,07:12:18,406,424
2022-11-03T07:13:09+05:30,07:13:09,406,424
2022-11-03T07:14:00+05:30,07:14:00,408,426
2022-11-03T07:14:50+05:30,07:14:50,406,424
2022-11-03T07:15:41+05:30,07:15:41,404,422
2022-11-03T07:16:33+05:30,07:16:33,406,430
2022-11-03T07:17:24+05:30,07:17:24,406,440
2022-11-03T07:18:15+05:30,07:18:15,408,424
2022-11-03T07:19:05+05:30,07:19:05,404,426
2022-11-03T07:19:56+05:30,07:19:56,400,434
2022-11-03T07:20:47+05:30,07:20:47,404,436
2022-11-03T07:21:38+05:30,07:21:38,404,430
2022-11-03T07:22:29+05:30,07:22:29,406,428
2022-11-03T07:23:19+05:30,07:23:19,406,422
2022-11-03T07:24:10+05:30,07:24:10,408,422
2022-11-03T07:25:01+05:30,07:25:01,406,420
2022-11-03T07:25:51+05:30,07:25:51,406,420
2022-11-03T07:26:41+05:30,07:26:41,406,422
2022-11-03T07:27:31+05:30,07:27:31,404,424
2022-11-03T07:28:22+05:30,07:28:22,404,424
2022-11-03T07:29:13+05:30,07:29:13,404,424
2022-11-03T07:30:04+05:30,07:30:04,404,436
2022-11-03T07:30:55+05:30,07:30:55,406,424
2022-11-03T07:31:45+05:30,07:31:45,404,424
2022-11-03T07:32:36+05:30,07:32:36,404,424
2022-11-03T07:33:27+05:30,07:33:27,406,424
2022-11-03T07:34:18+05:30,07:34:18,406,422
2022-11-03T07:35:08+05:30,07:35:08,404,422
2022-11-03T07:35:59+05:30,07:35:59,404,424
2022-11-03T07:36:50+05:30,07:36:50,404,430
2022-11-03T07:37:41+05:30,07:37:41,404,424
2022-11-03T07:38:32+05:30,07:38:32,406,422
2022-11-03T07:39:22+05:30,07:39:22,406,422
2022-11-03T07:40:13+05:30,07:40:13,404,436
2022-11-03T07:41:04+05:30,07:41:04,400,448
2022-11-03T07:41:55+05:30,07:41:55,404,424
2022-11-03T07:42:46+05:30,07:42:46,404,422
2022-11-03T07:43:36+05:30,07:43:36,404,422
2022-11-03T07:44:27+05:30,07:44:27,404,422
