time,Time,Referencevalues 
2022-11-02T12:52:36+05:30,12:52:36,396
2022-11-02T12:53:27+05:30,12:53:27,842
2022-11-02T12:54:18+05:30,12:54:18,856
2022-11-02T12:55:08+05:30,12:55:08,760
2022-11-02T12:56:00+05:30,12:56:00,654
2022-11-02T12:56:51+05:30,12:56:51,604
2022-11-02T12:57:42+05:30,12:57:42,598
2022-11-02T12:58:34+05:30,12:58:34,594
2022-11-02T12:59:24+05:30,12:59:24,566
2022-11-02T13:00:16+05:30,13:00:16,570
2022-11-02T13:01:07+05:30,13:01:07,594
2022-11-02T13:02:02+05:30,13:02:02,582
2022-11-02T13:02:53+05:30,13:02:53,564
2022-11-02T13:03:44+05:30,13:03:44,574
2022-11-02T13:05:28+05:30,13:05:28,576
2022-11-02T13:06:22+05:30,13:06:22,562
2022-11-02T13:07:13+05:30,13:07:13,582
2022-11-02T13:08:04+05:30,13:08:04,590
2022-11-02T13:08:55+05:30,13:08:55,590
2022-11-02T13:09:46+05:30,13:09:46,592
2022-11-02T13:10:37+05:30,13:10:37,584
2022-11-02T13:11:28+05:30,13:11:28,588
2022-11-02T13:12:18+05:30,13:12:18,586
2022-11-02T13:13:09+05:30,13:13:09,588
2022-11-02T13:14:02+05:30,13:14:02,588
2022-11-02T13:14:53+05:30,13:14:53,606
2022-11-02T13:15:46+05:30,13:15:46,594
2022-11-02T13:16:37+05:30,13:16:37,590
2022-11-02T13:17:27+05:30,13:17:27,592
2022-11-02T13:18:18+05:30,13:18:18,606
2022-11-02T13:19:09+05:30,13:19:09,592
2022-11-02T13:20:00+05:30,13:20:00,594
2022-11-02T13:20:51+05:30,13:20:51,578
2022-11-02T13:21:41+05:30,13:21:41,580
2022-11-02T13:22:32+05:30,13:22:32,584
2022-11-02T13:23:23+05:30,13:23:23,598
2022-11-02T13:24:14+05:30,13:24:14,594
2022-11-02T13:25:05+05:30,13:25:05,606
2022-11-02T13:25:55+05:30,13:25:55,592
2022-11-02T13:26:46+05:30,13:26:46,592
2022-11-02T13:27:37+05:30,13:27:37,592
2022-11-02T13:28:28+05:30,13:28:28,586
2022-11-02T13:29:19+05:30,13:29:19,586
2022-11-02T13:30:10+05:30,13:30:10,590
2022-11-02T13:31:00+05:30,13:31:00,594
2022-11-02T13:31:51+05:30,13:31:51,604
2022-11-02T13:32:42+05:30,13:32:42,604
2022-11-02T13:33:33+05:30,13:33:33,606
2022-11-02T13:34:24+05:30,13:34:24,586
2022-11-02T13:35:14+05:30,13:35:14,598
2022-11-02T13:36:05+05:30,13:36:05,606
2022-11-02T13:36:56+05:30,13:36:56,606
2022-11-02T13:37:47+05:30,13:37:47,592
2022-11-02T13:38:38+05:30,13:38:38,586
2022-11-02T13:39:28+05:30,13:39:28,596
2022-11-02T13:40:19+05:30,13:40:19,582
2022-11-02T13:41:10+05:30,13:41:10,592
2022-11-02T13:42:01+05:30,13:42:01,604
2022-11-02T13:42:52+05:30,13:42:52,604
2022-11-02T13:43:42+05:30,13:43:42,600
2022-11-02T13:44:33+05:30,13:44:33,606
2022-11-02T13:45:24+05:30,13:45:24,600
2022-11-02T13:46:15+05:30,13:46:15,604
2022-11-02T13:47:06+05:30,13:47:06,608
2022-11-02T13:47:56+05:30,13:47:56,600
2022-11-02T13:48:47+05:30,13:48:47,598
2022-11-02T13:49:38+05:30,13:49:38,598
2022-11-02T13:50:29+05:30,13:50:29,588
2022-11-02T13:51:20+05:30,13:51:20,592
2022-11-02T13:52:14+05:30,13:52:14,612
2022-11-02T13:53:04+05:30,13:53:04,602
2022-11-02T13:53:55+05:30,13:53:55,588
2022-11-02T13:54:46+05:30,13:54:46,598
2022-11-02T13:55:37+05:30,13:55:37,598
2022-11-02T13:56:28+05:30,13:56:28,594
2022-11-02T13:57:18+05:30,13:57:18,628
2022-11-02T13:58:09+05:30,13:58:09,636
2022-11-02T13:59:00+05:30,13:59:00,630
2022-11-02T13:59:51+05:30,13:59:51,630
2022-11-02T14:00:42+05:30,14:00:42,640
2022-11-02T14:01:33+05:30,14:01:33,638
2022-11-02T14:02:23+05:30,14:02:23,652
2022-11-02T14:03:14+05:30,14:03:14,668
2022-11-02T14:04:05+05:30,14:04:05,674
2022-11-02T14:04:58+05:30,14:04:58,682
2022-11-02T14:05:49+05:30,14:05:49,658
2022-11-02T14:06:40+05:30,14:06:40,662
2022-11-02T14:07:31+05:30,14:07:31,662
2022-11-02T14:08:22+05:30,14:08:22,674
2022-11-02T14:09:13+05:30,14:09:13,694
2022-11-02T14:10:04+05:30,14:10:04,694
2022-11-02T14:10:54+05:30,14:10:54,678
2022-11-02T14:11:48+05:30,14:11:48,680
2022-11-02T14:12:38+05:30,14:12:38,672
2022-11-02T14:13:29+05:30,14:13:29,654
2022-11-02T14:14:22+05:30,14:14:22,656
2022-11-02T14:15:12+05:30,14:15:12,668
2022-11-02T14:16:03+05:30,14:16:03,668
2022-11-02T14:16:55+05:30,14:16:55,696
2022-11-02T14:17:46+05:30,14:17:46,716
2022-11-02T14:18:37+05:30,14:18:37,692
2022-11-02T14:41:07+05:30,14:41:07,760
2022-11-02T14:41:57+05:30,14:41:57,750
2022-11-02T14:42:48+05:30,14:42:48,752
2022-11-02T14:47:05+05:30,14:47:05,700
2022-11-02T14:47:56+05:30,14:47:56,712
2022-11-02T14:48:47+05:30,14:48:47,714
2022-11-02T14:49:38+05:30,14:49:38,740
2022-11-02T15:05:45+05:30,15:05:45,838
2022-11-02T15:06:36+05:30,15:06:36,828
2022-11-02T15:07:26+05:30,15:07:26,834
2022-11-02T15:08:17+05:30,15:08:17,830
2022-11-02T15:09:08+05:30,15:09:08,838
2022-11-02T15:09:58+05:30,15:09:58,812
2022-11-02T15:10:51+05:30,15:10:51,830
2022-11-02T15:11:41+05:30,15:11:41,844
2022-11-02T15:12:32+05:30,15:12:32,846
2022-11-02T15:13:23+05:30,15:13:23,834
2022-11-02T15:14:14+05:30,15:14:14,848
2022-11-02T15:15:05+05:30,15:15:05,852
2022-11-02T15:15:58+05:30,15:15:58,860
2022-11-02T15:16:48+05:30,15:16:48,870
2022-11-02T15:17:39+05:30,15:17:39,858
2022-11-02T15:18:30+05:30,15:18:30,880
2022-11-02T15:19:21+05:30,15:19:21,894
2022-11-02T15:20:11+05:30,15:20:11,920
2022-11-02T15:21:02+05:30,15:21:02,922
2022-11-02T15:21:53+05:30,15:21:53,882
2022-11-02T15:22:44+05:30,15:22:44,914
2022-11-02T15:23:35+05:30,15:23:35,922
2022-11-02T15:24:26+05:30,15:24:26,924
2022-11-02T15:25:16+05:30,15:25:16,932
2022-11-02T15:26:07+05:30,15:26:07,936
2022-11-02T15:26:58+05:30,15:26:58,960
2022-11-02T15:27:50+05:30,15:27:50,972
2022-11-02T15:28:42+05:30,15:28:42,986
2022-11-02T15:29:35+05:30,15:29:35,988
2022-11-02T15:30:25+05:30,15:30:25,998
2022-11-02T15:31:16+05:30,15:31:16,1012
2022-11-02T15:32:07+05:30,15:32:07,984
2022-11-02T15:32:58+05:30,15:32:58,988
2022-11-02T15:33:48+05:30,15:33:48,988
2022-11-02T15:34:39+05:30,15:34:39,1006
2022-11-02T15:35:30+05:30,15:35:30,1054
2022-11-02T15:36:21+05:30,15:36:21,1052
2022-11-02T15:37:12+05:30,15:37:12,1054
2022-11-02T15:38:03+05:30,15:38:03,1062
2022-11-02T15:38:54+05:30,15:38:54,1048
2022-11-02T15:39:45+05:30,15:39:45,1062
2022-11-02T15:40:40+05:30,15:40:40,1070
2022-11-02T15:41:33+05:30,15:41:33,1112
2022-11-02T15:42:23+05:30,15:42:23,1142
2022-11-02T15:43:14+05:30,15:43:14,1094
2022-11-02T15:44:05+05:30,15:44:05,1184
2022-11-02T15:44:56+05:30,15:44:56,1288
2022-11-02T15:45:47+05:30,15:45:47,1190
2022-11-02T15:46:37+05:30,15:46:37,1174
2022-11-02T15:47:29+05:30,15:47:29,1216
2022-11-02T15:48:20+05:30,15:48:20,1210
2022-11-02T15:49:11+05:30,15:49:11,1216
2022-11-02T15:50:02+05:30,15:50:02,1244
2022-11-02T15:50:55+05:30,15:50:55,1262
2022-11-02T15:51:45+05:30,15:51:45,1286
2022-11-02T15:53:32+05:30,15:53:32,1234
2022-11-02T15:54:25+05:30,15:54:25,1200
2022-11-02T15:55:17+05:30,15:55:17,1148
2022-11-02T15:56:08+05:30,15:56:08,1180
2022-11-02T15:56:59+05:30,15:56:59,1234
2022-11-02T15:57:52+05:30,15:57:52,1228
2022-11-02T15:58:45+05:30,15:58:45,1190
2022-11-02T15:59:36+05:30,15:59:36,1178
2022-11-02T16:00:30+05:30,16:00:30,1190
2022-11-02T16:01:21+05:30,16:01:21,1202
2022-11-02T16:02:13+05:30,16:02:13,1212
2022-11-02T16:03:03+05:30,16:03:03,1206
2022-11-02T16:03:54+05:30,16:03:54,1220
2022-11-02T16:04:45+05:30,16:04:45,1240
2022-11-02T16:05:36+05:30,16:05:36,1266
2022-11-02T16:06:27+05:30,16:06:27,1246
2022-11-02T16:07:17+05:30,16:07:17,1206
2022-11-02T16:08:08+05:30,16:08:08,1176
2022-11-02T16:08:59+05:30,16:08:59,1178
2022-11-02T16:09:52+05:30,16:09:52,1200
2022-11-02T16:10:43+05:30,16:10:43,1234
2022-11-02T16:11:33+05:30,16:11:33,1184
2022-11-02T16:12:24+05:30,16:12:24,1184
2022-11-02T16:13:15+05:30,16:13:15,1218
2022-11-02T16:14:07+05:30,16:14:07,1216
2022-11-02T16:14:59+05:30,16:14:59,1202
2022-11-02T16:15:51+05:30,16:15:51,1232
2022-11-02T16:16:42+05:30,16:16:42,1222
2022-11-02T16:17:34+05:30,16:17:34,1186
2022-11-02T16:18:25+05:30,16:18:25,1204
2022-11-02T16:19:17+05:30,16:19:17,1200
2022-11-02T16:20:10+05:30,16:20:10,1180
2022-11-02T16:21:00+05:30,16:21:00,1226
2022-11-02T16:21:51+05:30,16:21:51,1232
2022-11-02T16:22:43+05:30,16:22:43,1210
2022-11-02T16:23:34+05:30,16:23:34,1192
2022-11-02T16:24:24+05:30,16:24:24,1154
2022-11-02T16:25:20+05:30,16:25:20,1158
2022-11-02T16:26:12+05:30,16:26:12,1220
2022-11-02T16:27:03+05:30,16:27:03,1188
2022-11-02T16:27:54+05:30,16:27:54,1146
2022-11-02T16:28:46+05:30,16:28:46,1130
2022-11-02T16:29:37+05:30,16:29:37,1152
2022-11-02T16:30:28+05:30,16:30:28,1136
2022-11-02T16:31:19+05:30,16:31:19,1132
2022-11-02T16:32:10+05:30,16:32:10,1164
2022-11-02T16:33:00+05:30,16:33:00,1152
2022-11-02T16:33:51+05:30,16:33:51,1134
2022-11-02T16:34:42+05:30,16:34:42,1108
2022-11-02T16:35:33+05:30,16:35:33,1096
2022-11-02T16:36:25+05:30,16:36:25,1106
2022-11-02T16:37:15+05:30,16:37:15,1118
2022-11-02T16:38:06+05:30,16:38:06,1138
2022-11-02T16:38:57+05:30,16:38:57,1108
2022-11-02T16:39:48+05:30,16:39:48,1054
2022-11-02T16:40:39+05:30,16:40:39,1038
2022-11-02T16:41:29+05:30,16:41:29,1058
2022-11-02T16:42:20+05:30,16:42:20,1064
2022-11-02T16:43:11+05:30,16:43:11,1064
2022-11-02T16:44:02+05:30,16:44:02,1030
2022-11-02T16:44:53+05:30,16:44:53,1006
2022-11-02T16:45:43+05:30,16:45:43,982
2022-11-02T16:46:34+05:30,16:46:34,978
2022-11-02T16:47:26+05:30,16:47:26,970
2022-11-02T16:48:17+05:30,16:48:17,956
2022-11-02T16:49:08+05:30,16:49:08,968
2022-11-02T16:49:59+05:30,16:49:59,970
2022-11-02T16:50:50+05:30,16:50:50,962
2022-11-02T16:51:42+05:30,16:51:42,984
2022-11-02T16:52:33+05:30,16:52:33,976
2022-11-02T16:53:24+05:30,16:53:24,934
2022-11-02T16:54:14+05:30,16:54:14,954
2022-11-02T16:55:05+05:30,16:55:05,964
2022-11-02T16:55:56+05:30,16:55:56,960
2022-11-02T16:56:47+05:30,16:56:47,934
2022-11-02T16:57:38+05:30,16:57:38,956
2022-11-02T16:58:29+05:30,16:58:29,962
2022-11-02T16:59:22+05:30,16:59:22,954
2022-11-02T17:00:13+05:30,17:00:13,938
2022-11-02T17:01:04+05:30,17:01:04,928
2022-11-02T17:01:56+05:30,17:01:56,934
2022-11-02T17:02:48+05:30,17:02:48,960
2022-11-02T17:03:39+05:30,17:03:39,938
2022-11-02T17:04:32+05:30,17:04:32,918
2022-11-02T17:05:23+05:30,17:05:23,918
2022-11-02T17:06:13+05:30,17:06:13,912
2022-11-02T17:07:06+05:30,17:07:06,890
2022-11-02T17:07:58+05:30,17:07:58,882
2022-11-02T17:08:50+05:30,17:08:50,884
2022-11-02T17:09:41+05:30,17:09:41,886
2022-11-02T17:10:34+05:30,17:10:34,886
2022-11-02T17:11:25+05:30,17:11:25,886
2022-11-02T17:12:17+05:30,17:12:17,894
2022-11-02T17:13:08+05:30,17:13:08,912
2022-11-02T17:14:00+05:30,17:14:00,916
2022-11-02T17:14:54+05:30,17:14:54,882
2022-11-02T17:15:45+05:30,17:15:45,894
2022-11-02T17:16:36+05:30,17:16:36,890
2022-11-02T17:17:27+05:30,17:17:27,862
2022-11-02T17:18:19+05:30,17:18:19,836
2022-11-02T17:19:13+05:30,17:19:13,862
2022-11-02T17:20:05+05:30,17:20:05,868
2022-11-02T17:20:56+05:30,17:20:56,848
2022-11-02T17:21:47+05:30,17:21:47,852
2022-11-02T17:22:38+05:30,17:22:38,860
2022-11-02T17:23:28+05:30,17:23:28,864
2022-11-02T17:24:20+05:30,17:24:20,864
2022-11-02T17:25:11+05:30,17:25:11,858
2022-11-02T17:26:03+05:30,17:26:03,848
2022-11-02T17:26:55+05:30,17:26:55,840
2022-11-02T17:27:45+05:30,17:27:45,826
2022-11-02T17:28:37+05:30,17:28:37,828
2022-11-02T17:29:28+05:30,17:29:28,852
2022-11-02T17:30:24+05:30,17:30:24,840
2022-11-02T17:31:14+05:30,17:31:14,830
2022-11-02T17:32:04+05:30,17:32:04,828
2022-11-02T17:32:55+05:30,17:32:55,822
2022-11-02T17:33:46+05:30,17:33:46,832
2022-11-02T17:34:38+05:30,17:34:38,836
2022-11-02T17:35:28+05:30,17:35:28,834
2022-11-02T17:36:19+05:30,17:36:19,858
2022-11-02T17:37:10+05:30,17:37:10,858
2022-11-02T17:38:01+05:30,17:38:01,846
2022-11-02T17:38:52+05:30,17:38:52,822
2022-11-02T17:39:42+05:30,17:39:42,816
2022-11-02T17:40:33+05:30,17:40:33,812
2022-11-02T17:41:24+05:30,17:41:24,808
2022-11-02T17:42:15+05:30,17:42:15,816
2022-11-02T17:43:06+05:30,17:43:06,820
2022-11-02T17:43:56+05:30,17:43:56,820
2022-11-02T17:44:47+05:30,17:44:47,808
2022-11-02T17:45:39+05:30,17:45:39,816
2022-11-02T17:46:30+05:30,17:46:30,828
2022-11-02T17:47:21+05:30,17:47:21,818
2022-11-02T17:48:11+05:30,17:48:11,818
2022-11-02T17:49:02+05:30,17:49:02,808
2022-11-02T17:49:53+05:30,17:49:53,792
2022-11-02T17:50:44+05:30,17:50:44,778
2022-11-02T17:51:35+05:30,17:51:35,776
2022-11-02T17:52:25+05:30,17:52:25,778
2022-11-02T17:53:16+05:30,17:53:16,770
2022-11-02T17:54:07+05:30,17:54:07,760
2022-11-02T17:55:00+05:30,17:55:00,772
2022-11-02T17:55:51+05:30,17:55:51,762
2022-11-02T17:56:45+05:30,17:56:45,758
2022-11-02T17:57:35+05:30,17:57:35,780
2022-11-02T17:58:30+05:30,17:58:30,778
2022-11-02T17:59:21+05:30,17:59:21,770
2022-11-02T18:00:12+05:30,18:00:12,772
2022-11-02T18:01:08+05:30,18:01:08,756
2022-11-02T18:01:59+05:30,18:01:59,750
2022-11-02T18:02:50+05:30,18:02:50,764
2022-11-02T18:03:41+05:30,18:03:41,780
2022-11-02T18:04:32+05:30,18:04:32,768
2022-11-02T18:05:22+05:30,18:05:22,766
2022-11-02T18:06:13+05:30,18:06:13,774
2022-11-02T18:07:04+05:30,18:07:04,780
2022-11-02T18:07:56+05:30,18:07:56,766
2022-11-02T18:08:47+05:30,18:08:47,764
2022-11-02T18:09:37+05:30,18:09:37,770
2022-11-02T18:10:28+05:30,18:10:28,762
2022-11-02T18:11:19+05:30,18:11:19,744
2022-11-02T18:12:10+05:30,18:12:10,746
2022-11-02T18:13:01+05:30,18:13:01,752
2022-11-02T18:13:51+05:30,18:13:51,758
2022-11-02T18:14:42+05:30,18:14:42,754
2022-11-02T18:15:33+05:30,18:15:33,764
2022-11-02T18:17:19+05:30,18:17:19,772
2022-11-02T18:18:09+05:30,18:18:09,760
2022-11-02T18:19:00+05:30,18:19:00,758
2022-11-02T18:19:51+05:30,18:19:51,756
2022-11-02T18:20:43+05:30,18:20:43,778
2022-11-02T18:21:34+05:30,18:21:34,776
2022-11-02T18:22:24+05:30,18:22:24,748
2022-11-02T18:23:15+05:30,18:23:15,742
2022-11-02T18:24:06+05:30,18:24:06,764
2022-11-02T18:24:57+05:30,18:24:57,774
2022-11-02T18:25:47+05:30,18:25:47,764
2022-11-02T18:26:38+05:30,18:26:38,754
2022-11-02T18:27:31+05:30,18:27:31,764
2022-11-02T18:28:22+05:30,18:28:22,770
2022-11-02T18:29:13+05:30,18:29:13,778
2022-11-02T18:30:04+05:30,18:30:04,780
2022-11-02T18:30:55+05:30,18:30:55,786
2022-11-02T18:31:46+05:30,18:31:46,788
2022-11-02T18:32:37+05:30,18:32:37,782
2022-11-02T18:33:28+05:30,18:33:28,792
2022-11-02T18:34:18+05:30,18:34:18,788
2022-11-02T18:35:09+05:30,18:35:09,784
2022-11-02T18:36:00+05:30,18:36:00,780
2022-11-02T18:36:52+05:30,18:36:52,784
2022-11-02T18:37:42+05:30,18:37:42,798
2022-11-02T18:38:33+05:30,18:38:33,790
2022-11-02T18:39:25+05:30,18:39:25,786
2022-11-02T18:40:16+05:30,18:40:16,806
2022-11-02T18:41:07+05:30,18:41:07,804
2022-11-02T18:41:58+05:30,18:41:58,794
2022-11-02T18:42:48+05:30,18:42:48,794
2022-11-02T18:43:39+05:30,18:43:39,806
2022-11-02T18:44:31+05:30,18:44:31,806
2022-11-02T18:45:22+05:30,18:45:22,790
2022-11-02T18:46:12+05:30,18:46:12,788
2022-11-02T18:47:03+05:30,18:47:03,770
2022-11-02T18:47:54+05:30,18:47:54,780
2022-11-02T18:48:45+05:30,18:48:45,806
2022-11-02T18:49:36+05:30,18:49:36,810
2022-11-02T18:50:26+05:30,18:50:26,800
2022-11-02T18:51:17+05:30,18:51:17,784
2022-11-02T18:52:08+05:30,18:52:08,786
2022-11-02T18:52:59+05:30,18:52:59,786
2022-11-02T18:53:50+05:30,18:53:50,794
2022-11-02T18:54:41+05:30,18:54:41,790
2022-11-02T18:55:32+05:30,18:55:32,792
2022-11-02T18:56:23+05:30,18:56:23,786
2022-11-02T18:57:14+05:30,18:57:14,790
2022-11-02T18:58:05+05:30,18:58:05,800
2022-11-02T18:58:55+05:30,18:58:55,792
2022-11-02T18:59:46+05:30,18:59:46,774
2022-11-02T19:00:40+05:30,19:00:40,784
2022-11-02T19:01:30+05:30,19:01:30,780
2022-11-02T19:02:21+05:30,19:02:21,782
2022-11-02T19:03:12+05:30,19:03:12,792
2022-11-02T19:04:04+05:30,19:04:04,794
2022-11-02T19:04:55+05:30,19:04:55,792
2022-11-02T19:05:46+05:30,19:05:46,780
2022-11-02T19:06:36+05:30,19:06:36,768
2022-11-02T19:07:27+05:30,19:07:27,774
2022-11-02T19:08:18+05:30,19:08:18,772
2022-11-02T19:09:10+05:30,19:09:10,774
2022-11-02T19:10:01+05:30,19:10:01,780
2022-11-02T19:10:53+05:30,19:10:53,792
2022-11-02T19:11:44+05:30,19:11:44,792
2022-11-02T19:12:36+05:30,19:12:36,792
2022-11-02T19:13:27+05:30,19:13:27,794
2022-11-02T19:14:17+05:30,19:14:17,790
2022-11-02T19:15:08+05:30,19:15:08,790
2022-11-02T19:15:59+05:30,19:15:59,796
2022-11-02T19:16:50+05:30,19:16:50,780
2022-11-02T19:17:41+05:30,19:17:41,798
2022-11-02T19:18:33+05:30,19:18:33,802
2022-11-02T19:19:24+05:30,19:19:24,796
2022-11-02T19:20:15+05:30,19:20:15,802
2022-11-02T19:21:06+05:30,19:21:06,806
2022-11-02T19:21:57+05:30,19:21:57,790
2022-11-02T19:22:49+05:30,19:22:49,790
2022-11-02T19:23:39+05:30,19:23:39,786
2022-11-02T19:24:30+05:30,19:24:30,794
2022-11-02T19:25:21+05:30,19:25:21,784
2022-11-02T19:26:11+05:30,19:26:11,760
2022-11-02T19:27:02+05:30,19:27:02,768
2022-11-02T19:27:53+05:30,19:27:53,774
2022-11-02T19:28:44+05:30,19:28:44,776
2022-11-02T19:29:36+05:30,19:29:36,754
2022-11-02T19:30:26+05:30,19:30:26,766
2022-11-02T19:31:18+05:30,19:31:18,782
2022-11-02T19:32:11+05:30,19:32:11,776
2022-11-02T19:33:02+05:30,19:33:02,768
2022-11-02T19:33:53+05:30,19:33:53,772
2022-11-02T19:34:43+05:30,19:34:43,788
2022-11-02T19:35:35+05:30,19:35:35,800
2022-11-02T19:36:26+05:30,19:36:26,778
2022-11-02T19:37:17+05:30,19:37:17,792
2022-11-02T19:38:08+05:30,19:38:08,806
2022-11-02T19:38:58+05:30,19:38:58,802
2022-11-02T19:39:49+05:30,19:39:49,784
2022-11-02T19:40:40+05:30,19:40:40,796
2022-11-02T19:41:31+05:30,19:41:31,804
2022-11-02T19:42:21+05:30,19:42:21,804
2022-11-02T19:43:12+05:30,19:43:12,798
2022-11-02T19:44:04+05:30,19:44:04,794
2022-11-02T19:44:55+05:30,19:44:55,794
2022-11-02T19:45:46+05:30,19:45:46,790
2022-11-02T19:46:36+05:30,19:46:36,780
2022-11-02T19:47:27+05:30,19:47:27,782
2022-11-02T19:48:19+05:30,19:48:19,772
2022-11-02T19:49:10+05:30,19:49:10,768
2022-11-02T19:50:01+05:30,19:50:01,766
2022-11-02T19:50:51+05:30,19:50:51,778
2022-11-02T19:51:42+05:30,19:51:42,788
2022-11-02T19:52:33+05:30,19:52:33,786
2022-11-02T19:53:25+05:30,19:53:25,792
2022-11-02T19:54:16+05:30,19:54:16,794
2022-11-02T19:55:06+05:30,19:55:06,784
2022-11-02T19:55:57+05:30,19:55:57,788
2022-11-02T19:56:48+05:30,19:56:48,776
2022-11-02T19:57:39+05:30,19:57:39,790
2022-11-02T19:58:30+05:30,19:58:30,786
2022-11-02T19:59:20+05:30,19:59:20,774
2022-11-02T20:00:11+05:30,20:00:11,786
2022-11-02T20:01:02+05:30,20:01:02,798
2022-11-02T20:01:53+05:30,20:01:53,788
2022-11-02T20:02:45+05:30,20:02:45,774
2022-11-02T20:03:36+05:30,20:03:36,796
2022-11-02T20:04:27+05:30,20:04:27,806
2022-11-02T20:05:19+05:30,20:05:19,776
2022-11-02T20:06:11+05:30,20:06:11,776
2022-11-02T20:07:02+05:30,20:07:02,788
2022-11-02T20:07:52+05:30,20:07:52,804
2022-11-02T20:08:43+05:30,20:08:43,800
2022-11-02T20:09:34+05:30,20:09:34,800
2022-11-02T20:10:25+05:30,20:10:25,798
2022-11-02T20:11:15+05:30,20:11:15,788
2022-11-02T20:12:06+05:30,20:12:06,774
2022-11-02T20:12:57+05:30,20:12:57,782
2022-11-02T20:13:48+05:30,20:13:48,788
2022-11-02T20:14:39+05:30,20:14:39,812
2022-11-02T20:15:29+05:30,20:15:29,804
2022-11-02T20:16:20+05:30,20:16:20,798
2022-11-02T20:17:11+05:30,20:17:11,798
2022-11-02T20:18:04+05:30,20:18:04,798
2022-11-02T20:18:55+05:30,20:18:55,802
2022-11-02T20:19:45+05:30,20:19:45,786
2022-11-02T20:20:36+05:30,20:20:36,786
2022-11-02T20:21:27+05:30,20:21:27,780
2022-11-02T20:22:18+05:30,20:22:18,782
2022-11-02T20:23:12+05:30,20:23:12,774
2022-11-02T20:24:03+05:30,20:24:03,794
2022-11-02T20:24:54+05:30,20:24:54,798
2022-11-02T20:25:45+05:30,20:25:45,790
2022-11-02T20:26:36+05:30,20:26:36,774
2022-11-02T20:27:26+05:30,20:27:26,766
2022-11-02T20:28:17+05:30,20:28:17,760
2022-11-02T20:29:08+05:30,20:29:08,774
2022-11-02T20:29:59+05:30,20:29:59,782
2022-11-02T20:30:50+05:30,20:30:50,764
2022-11-02T20:31:41+05:30,20:31:41,760
2022-11-02T20:32:35+05:30,20:32:35,770
2022-11-02T20:33:27+05:30,20:33:27,788
2022-11-02T20:34:18+05:30,20:34:18,778
2022-11-02T20:35:09+05:30,20:35:09,780
2022-11-02T20:36:00+05:30,20:36:00,782
2022-11-02T20:36:50+05:30,20:36:50,764
2022-11-02T20:37:41+05:30,20:37:41,794
2022-11-02T20:38:32+05:30,20:38:32,806
2022-11-02T20:39:23+05:30,20:39:23,790
2022-11-02T20:40:13+05:30,20:40:13,776
2022-11-02T20:41:04+05:30,20:41:04,784
2022-11-02T20:41:55+05:30,20:41:55,766
2022-11-02T20:42:46+05:30,20:42:46,828
2022-11-02T20:43:38+05:30,20:43:38,902
2022-11-02T20:44:28+05:30,20:44:28,882
2022-11-02T20:45:19+05:30,20:45:19,856
2022-11-02T20:46:10+05:30,20:46:10,852
2022-11-02T20:47:01+05:30,20:47:01,850
2022-11-02T20:47:52+05:30,20:47:52,842
2022-11-02T20:48:42+05:30,20:48:42,842
2022-11-02T20:49:33+05:30,20:49:33,836
2022-11-02T20:50:24+05:30,20:50:24,822
2022-11-02T20:51:15+05:30,20:51:15,828
2022-11-02T20:52:07+05:30,20:52:07,838
2022-11-02T20:52:57+05:30,20:52:57,836
2022-11-02T20:53:49+05:30,20:53:49,830
2022-11-02T20:54:40+05:30,20:54:40,826
2022-11-02T20:55:31+05:30,20:55:31,838
2022-11-02T20:56:22+05:30,20:56:22,846
2022-11-02T20:57:12+05:30,20:57:12,844
2022-11-02T20:58:03+05:30,20:58:03,834
2022-11-02T20:58:55+05:30,20:58:55,814
2022-11-02T20:59:46+05:30,20:59:46,812
2022-11-02T21:00:37+05:30,21:00:37,826
2022-11-02T21:01:27+05:30,21:01:27,848
2022-11-02T21:02:20+05:30,21:02:20,842
2022-11-02T21:03:11+05:30,21:03:11,842
2022-11-02T21:04:02+05:30,21:04:02,848
2022-11-02T21:04:52+05:30,21:04:52,852
2022-11-02T21:05:43+05:30,21:05:43,866
2022-11-02T21:06:34+05:30,21:06:34,866
2022-11-02T21:07:25+05:30,21:07:25,856
2022-11-02T21:08:16+05:30,21:08:16,854
2022-11-02T21:09:06+05:30,21:09:06,884
2022-11-02T21:09:58+05:30,21:09:58,882
2022-11-02T21:10:49+05:30,21:10:49,852
2022-11-02T21:11:40+05:30,21:11:40,856
2022-11-02T21:12:30+05:30,21:12:30,880
2022-11-02T21:13:21+05:30,21:13:21,890
2022-11-02T21:14:12+05:30,21:14:12,880
2022-11-02T21:15:03+05:30,21:15:03,892
2022-11-02T21:15:54+05:30,21:15:54,900
2022-11-02T21:16:44+05:30,21:16:44,894
2022-11-02T21:17:35+05:30,21:17:35,876
2022-11-02T21:18:26+05:30,21:18:26,872
2022-11-02T21:19:18+05:30,21:19:18,906
2022-11-02T21:20:09+05:30,21:20:09,926
2022-11-02T21:20:59+05:30,21:20:59,926
2022-11-02T21:21:50+05:30,21:21:50,916
2022-11-02T21:22:41+05:30,21:22:41,894
2022-11-02T21:23:32+05:30,21:23:32,876
2022-11-02T21:24:24+05:30,21:24:24,868
2022-11-02T21:25:14+05:30,21:25:14,878
2022-11-02T21:26:05+05:30,21:26:05,872
2022-11-02T21:26:56+05:30,21:26:56,872
2022-11-02T21:27:47+05:30,21:27:47,870
2022-11-02T21:28:38+05:30,21:28:38,856
2022-11-02T21:29:28+05:30,21:29:28,852
2022-11-02T21:30:19+05:30,21:30:19,852
2022-11-02T21:31:10+05:30,21:31:10,874
2022-11-02T21:32:01+05:30,21:32:01,884
2022-11-02T21:32:55+05:30,21:32:55,880
2022-11-02T21:33:46+05:30,21:33:46,878
2022-11-02T21:34:38+05:30,21:34:38,882
2022-11-02T21:35:29+05:30,21:35:29,888
2022-11-02T21:36:20+05:30,21:36:20,880
2022-11-02T21:37:10+05:30,21:37:10,870
2022-11-02T21:38:01+05:30,21:38:01,866
2022-11-02T21:38:53+05:30,21:38:53,872
2022-11-02T21:39:48+05:30,21:39:48,868
2022-11-02T21:40:39+05:30,21:40:39,862
2022-11-02T21:41:29+05:30,21:41:29,870
2022-11-02T21:42:20+05:30,21:42:20,870
2022-11-02T21:43:11+05:30,21:43:11,868
2022-11-02T21:44:03+05:30,21:44:03,866
2022-11-02T21:44:54+05:30,21:44:54,888
2022-11-02T21:45:44+05:30,21:45:44,888
2022-11-02T21:46:35+05:30,21:46:35,872
2022-11-02T21:47:26+05:30,21:47:26,870
2022-11-02T21:48:17+05:30,21:48:17,872
2022-11-02T21:49:08+05:30,21:49:08,902
2022-11-02T21:49:58+05:30,21:49:58,900
2022-11-02T21:50:52+05:30,21:50:52,888
2022-11-02T21:51:43+05:30,21:51:43,872
2022-11-02T21:52:34+05:30,21:52:34,868
2022-11-02T21:53:24+05:30,21:53:24,872
2022-11-02T21:54:16+05:30,21:54:16,878
2022-11-02T21:55:08+05:30,21:55:08,878
2022-11-02T21:55:59+05:30,21:55:59,870
2022-11-02T21:56:50+05:30,21:56:50,882
2022-11-02T21:57:40+05:30,21:57:40,884
2022-11-02T21:58:31+05:30,21:58:31,872
2022-11-02T21:59:22+05:30,21:59:22,866
2022-11-02T22:00:16+05:30,22:00:16,874
2022-11-02T22:01:08+05:30,22:01:08,878
2022-11-02T22:01:58+05:30,22:01:58,900
2022-11-02T22:02:49+05:30,22:02:49,916
2022-11-02T22:03:40+05:30,22:03:40,900
2022-11-02T22:04:31+05:30,22:04:31,878
2022-11-02T22:05:21+05:30,22:05:21,870
2022-11-02T22:06:12+05:30,22:06:12,868
2022-11-02T22:07:03+05:30,22:07:03,878
2022-11-02T22:07:54+05:30,22:07:54,860
2022-11-02T22:08:45+05:30,22:08:45,862
2022-11-02T22:09:35+05:30,22:09:35,874
2022-11-02T22:10:27+05:30,22:10:27,862
2022-11-02T22:11:18+05:30,22:11:18,862
2022-11-02T22:12:10+05:30,22:12:10,864
2022-11-02T22:13:00+05:30,22:13:00,858
2022-11-02T22:13:50+05:30,22:13:50,842
2022-11-02T22:14:41+05:30,22:14:41,860
2022-11-02T22:15:32+05:30,22:15:32,890
2022-11-02T22:16:23+05:30,22:16:23,880
2022-11-02T22:17:16+05:30,22:17:16,878
2022-11-02T22:18:06+05:30,22:18:06,874
2022-11-02T22:18:57+05:30,22:18:57,882
2022-11-02T22:19:48+05:30,22:19:48,886
2022-11-02T22:20:39+05:30,22:20:39,860
2022-11-02T22:21:30+05:30,22:21:30,860
2022-11-02T22:22:20+05:30,22:22:20,882
2022-11-02T22:23:11+05:30,22:23:11,876
2022-11-02T22:24:02+05:30,22:24:02,876
2022-11-02T22:24:53+05:30,22:24:53,890
2022-11-02T22:25:44+05:30,22:25:44,884
2022-11-02T22:26:34+05:30,22:26:34,886
2022-11-02T22:27:25+05:30,22:27:25,880
2022-11-02T22:28:16+05:30,22:28:16,878
2022-11-02T22:29:07+05:30,22:29:07,898
2022-11-02T22:30:00+05:30,22:30:00,904
2022-11-02T22:30:52+05:30,22:30:52,876
2022-11-02T22:31:43+05:30,22:31:43,850
2022-11-02T22:32:34+05:30,22:32:34,868
2022-11-02T22:33:26+05:30,22:33:26,874
2022-11-02T22:34:19+05:30,22:34:19,872
2022-11-02T22:35:12+05:30,22:35:12,878
2022-11-02T22:36:03+05:30,22:36:03,880
2022-11-02T22:36:54+05:30,22:36:54,894
2022-11-02T22:37:45+05:30,22:37:45,900
2022-11-02T22:38:35+05:30,22:38:35,888
2022-11-02T22:39:26+05:30,22:39:26,900
2022-11-02T22:40:17+05:30,22:40:17,892
2022-11-02T22:41:08+05:30,22:41:08,886
2022-11-02T22:41:58+05:30,22:41:58,896
2022-11-02T22:42:50+05:30,22:42:50,876
2022-11-02T22:43:41+05:30,22:43:41,878
2022-11-02T22:44:32+05:30,22:44:32,878
2022-11-02T22:45:23+05:30,22:45:23,896
2022-11-02T22:46:13+05:30,22:46:13,894
2022-11-02T22:47:04+05:30,22:47:04,874
2022-11-02T22:47:55+05:30,22:47:55,872
2022-11-02T22:48:46+05:30,22:48:46,898
2022-11-02T22:49:37+05:30,22:49:37,912
2022-11-02T22:50:27+05:30,22:50:27,880
2022-11-02T22:51:18+05:30,22:51:18,872
2022-11-02T22:52:12+05:30,22:52:12,874
2022-11-02T22:53:03+05:30,22:53:03,886
2022-11-02T22:53:53+05:30,22:53:53,888
2022-11-02T22:54:44+05:30,22:54:44,882
2022-11-02T22:55:35+05:30,22:55:35,892
2022-11-02T22:56:26+05:30,22:56:26,900
2022-11-02T22:57:17+05:30,22:57:17,898
2022-11-02T22:58:07+05:30,22:58:07,886
2022-11-02T22:58:59+05:30,22:58:59,884
2022-11-02T22:59:50+05:30,22:59:50,892
2022-11-02T23:00:41+05:30,23:00:41,890
2022-11-02T23:01:34+05:30,23:01:34,874
2022-11-02T23:02:25+05:30,23:02:25,868
2022-11-02T23:03:17+05:30,23:03:17,878
2022-11-02T23:04:08+05:30,23:04:08,880
2022-11-02T23:04:59+05:30,23:04:59,880
2022-11-02T23:05:49+05:30,23:05:49,862
2022-11-02T23:06:40+05:30,23:06:40,862
2022-11-02T23:07:31+05:30,23:07:31,868
2022-11-02T23:08:22+05:30,23:08:22,872
2022-11-02T23:09:13+05:30,23:09:13,858
2022-11-02T23:10:03+05:30,23:10:03,858
2022-11-02T23:10:54+05:30,23:10:54,884
2022-11-02T23:11:45+05:30,23:11:45,878
2022-11-02T23:12:36+05:30,23:12:36,862
2022-11-02T23:13:28+05:30,23:13:28,862
2022-11-02T23:14:18+05:30,23:14:18,858
2022-11-02T23:15:09+05:30,23:15:09,844
2022-11-02T23:16:00+05:30,23:16:00,850
2022-11-02T23:16:51+05:30,23:16:51,862
2022-11-02T23:17:41+05:30,23:17:41,850
2022-11-02T23:18:32+05:30,23:18:32,852
2022-11-02T23:19:23+05:30,23:19:23,840
2022-11-02T23:20:14+05:30,23:20:14,840
2022-11-02T23:21:05+05:30,23:21:05,838
2022-11-02T23:21:55+05:30,23:21:55,842
2022-11-02T23:22:46+05:30,23:22:46,846
2022-11-02T23:23:37+05:30,23:23:37,854
2022-11-02T23:24:28+05:30,23:24:28,870
2022-11-02T23:25:19+05:30,23:25:19,860
2022-11-02T23:26:09+05:30,23:26:09,842
2022-11-02T23:27:00+05:30,23:27:00,838
2022-11-02T23:27:51+05:30,23:27:51,848
2022-11-02T23:28:42+05:30,23:28:42,850
2022-11-02T23:29:35+05:30,23:29:35,842
2022-11-02T23:30:26+05:30,23:30:26,840
2022-11-02T23:31:17+05:30,23:31:17,862
2022-11-02T23:32:08+05:30,23:32:08,848
2022-11-02T23:32:59+05:30,23:32:59,852
2022-11-02T23:33:50+05:30,23:33:50,864
2022-11-02T23:34:41+05:30,23:34:41,842
2022-11-02T23:35:32+05:30,23:35:32,832
2022-11-02T23:36:23+05:30,23:36:23,862
2022-11-02T23:37:14+05:30,23:37:14,858
2022-11-02T23:38:04+05:30,23:38:04,844
2022-11-02T23:38:55+05:30,23:38:55,856
2022-11-02T23:39:46+05:30,23:39:46,846
2022-11-02T23:40:37+05:30,23:40:37,824
2022-11-02T23:41:28+05:30,23:41:28,836
2022-11-02T23:42:18+05:30,23:42:18,862
2022-11-02T23:43:09+05:30,23:43:09,852
2022-11-02T23:44:01+05:30,23:44:01,832
2022-11-02T23:44:52+05:30,23:44:52,830
2022-11-02T23:45:42+05:30,23:45:42,834
2022-11-02T23:46:33+05:30,23:46:33,844
2022-11-02T23:47:24+05:30,23:47:24,842
2022-11-02T23:48:15+05:30,23:48:15,830
2022-11-02T23:49:06+05:30,23:49:06,822
2022-11-02T23:49:56+05:30,23:49:56,810
2022-11-02T23:50:47+05:30,23:50:47,806
2022-11-02T23:51:38+05:30,23:51:38,834
2022-11-02T23:52:29+05:30,23:52:29,870
2022-11-02T23:53:21+05:30,23:53:21,900
2022-11-02T23:54:11+05:30,23:54:11,862
2022-11-02T23:55:02+05:30,23:55:02,856
2022-11-02T23:55:53+05:30,23:55:53,860
2022-11-02T23:56:44+05:30,23:56:44,870
2022-11-02T23:57:34+05:30,23:57:34,884
2022-11-02T23:58:25+05:30,23:58:25,902
2022-11-02T23:59:16+05:30,23:59:16,890
2022-11-03T00:00:07+05:30,00:00:07,900
2022-11-03T00:00:58+05:30,00:00:58,898
2022-11-03T00:01:48+05:30,00:01:48,884
2022-11-03T00:02:39+05:30,00:02:39,878
2022-11-03T00:03:30+05:30,00:03:30,880
2022-11-03T00:04:21+05:30,00:04:21,904
2022-11-03T00:05:12+05:30,00:05:12,918
2022-11-03T00:06:02+05:30,00:06:02,888
2022-11-03T00:06:53+05:30,00:06:53,864
2022-11-03T00:07:47+05:30,00:07:47,882
2022-11-03T00:08:38+05:30,00:08:38,876
2022-11-03T00:09:28+05:30,00:09:28,852
2022-11-03T00:10:19+05:30,00:10:19,854
2022-11-03T00:11:10+05:30,00:11:10,872
2022-11-03T00:12:01+05:30,00:12:01,872
2022-11-03T00:12:52+05:30,00:12:52,846
2022-11-03T00:13:42+05:30,00:13:42,824
2022-11-03T00:14:33+05:30,00:14:33,820
2022-11-03T00:15:24+05:30,00:15:24,780
2022-11-03T00:16:15+05:30,00:16:15,770
2022-11-03T00:17:07+05:30,00:17:07,764
2022-11-03T00:17:57+05:30,00:17:57,758
2022-11-03T00:18:49+05:30,00:18:49,762
2022-11-03T00:19:42+05:30,00:19:42,746
2022-11-03T00:20:34+05:30,00:20:34,752
2022-11-03T00:21:24+05:30,00:21:24,774
2022-11-03T00:22:15+05:30,00:22:15,758
2022-11-03T00:23:06+05:30,00:23:06,736
2022-11-03T00:23:57+05:30,00:23:57,746
2022-11-03T00:24:47+05:30,00:24:47,736
2022-11-03T00:25:38+05:30,00:25:38,728
2022-11-03T00:26:29+05:30,00:26:29,732
2022-11-03T00:27:21+05:30,00:27:21,746
2022-11-03T00:28:12+05:30,00:28:12,736
2022-11-03T00:29:02+05:30,00:29:02,726
2022-11-03T00:29:53+05:30,00:29:53,718
2022-11-03T00:30:44+05:30,00:30:44,706
2022-11-03T00:31:35+05:30,00:31:35,670
2022-11-03T00:32:26+05:30,00:32:26,660
2022-11-03T00:33:16+05:30,00:33:16,660
2022-11-03T00:34:08+05:30,00:34:08,668
2022-11-03T00:34:59+05:30,00:34:59,672
2022-11-03T00:35:50+05:30,00:35:50,678
2022-11-03T00:36:41+05:30,00:36:41,672
2022-11-03T00:37:31+05:30,00:37:31,660
2022-11-03T00:38:22+05:30,00:38:22,656
2022-11-03T00:39:13+05:30,00:39:13,668
2022-11-03T00:40:04+05:30,00:40:04,664
2022-11-03T00:40:54+05:30,00:40:54,664
2022-11-03T00:41:45+05:30,00:41:45,660
2022-11-03T00:42:36+05:30,00:42:36,664
2022-11-03T00:43:30+05:30,00:43:30,656
2022-11-03T00:44:21+05:30,00:44:21,644
2022-11-03T00:45:11+05:30,00:45:11,650
2022-11-03T00:46:05+05:30,00:46:05,658
2022-11-03T00:46:55+05:30,00:46:55,660
2022-11-03T00:47:46+05:30,00:47:46,646
2022-11-03T00:48:37+05:30,00:48:37,616
2022-11-03T00:49:28+05:30,00:49:28,620
2022-11-03T00:50:19+05:30,00:50:19,642
2022-11-03T00:51:10+05:30,00:51:10,638
2022-11-03T00:52:01+05:30,00:52:01,636
2022-11-03T00:52:51+05:30,00:52:51,624
2022-11-03T00:53:42+05:30,00:53:42,610
2022-11-03T00:54:33+05:30,00:54:33,612
2022-11-03T00:55:24+05:30,00:55:24,632
2022-11-03T00:56:15+05:30,00:56:15,634
2022-11-03T00:57:05+05:30,00:57:05,624
2022-11-03T00:57:56+05:30,00:57:56,630
2022-11-03T00:58:49+05:30,00:58:49,642
2022-11-03T00:59:40+05:30,00:59:40,618
2022-11-03T01:00:31+05:30,01:00:31,602
2022-11-03T01:01:21+05:30,01:01:21,604
2022-11-03T01:02:12+05:30,01:02:12,610
2022-11-03T01:03:03+05:30,01:03:03,616
2022-11-03T01:03:54+05:30,01:03:54,596
2022-11-03T01:04:45+05:30,01:04:45,594
2022-11-03T01:05:35+05:30,01:05:35,618
2022-11-03T01:06:26+05:30,01:06:26,616
2022-11-03T01:07:17+05:30,01:07:17,602
2022-11-03T01:08:08+05:30,01:08:08,608
2022-11-03T01:08:59+05:30,01:08:59,594
2022-11-03T01:09:49+05:30,01:09:49,598
2022-11-03T01:10:40+05:30,01:10:40,610
2022-11-03T01:11:31+05:30,01:11:31,624
2022-11-03T01:12:22+05:30,01:12:22,648
2022-11-03T01:13:12+05:30,01:13:12,646
2022-11-03T01:14:03+05:30,01:14:03,620
2022-11-03T01:14:54+05:30,01:14:54,600
2022-11-03T01:15:45+05:30,01:15:45,598
2022-11-03T01:16:36+05:30,01:16:36,610
2022-11-03T01:17:26+05:30,01:17:26,602
2022-11-03T01:18:17+05:30,01:18:17,576
2022-11-03T01:19:08+05:30,01:19:08,556
2022-11-03T01:19:59+05:30,01:19:59,574
2022-11-03T01:20:51+05:30,01:20:51,578
2022-11-03T01:21:41+05:30,01:21:41,576
2022-11-03T01:22:32+05:30,01:22:32,566
2022-11-03T01:23:23+05:30,01:23:23,568
2022-11-03T01:24:14+05:30,01:24:14,570
2022-11-03T01:25:07+05:30,01:25:07,570
2022-11-03T01:25:57+05:30,01:25:57,572
2022-11-03T01:26:48+05:30,01:26:48,570
2022-11-03T01:27:39+05:30,01:27:39,574
2022-11-03T01:28:30+05:30,01:28:30,578
2022-11-03T01:29:20+05:30,01:29:20,572
2022-11-03T01:30:11+05:30,01:30:11,572
2022-11-03T01:31:02+05:30,01:31:02,578
2022-11-03T01:31:53+05:30,01:31:53,576
2022-11-03T01:32:44+05:30,01:32:44,570
2022-11-03T01:33:36+05:30,01:33:36,560
2022-11-03T01:34:26+05:30,01:34:26,564
2022-11-03T01:35:17+05:30,01:35:17,562
2022-11-03T01:36:08+05:30,01:36:08,548
2022-11-03T01:36:59+05:30,01:36:59,554
2022-11-03T01:37:49+05:30,01:37:49,546
2022-11-03T01:38:40+05:30,01:38:40,550
2022-11-03T01:39:31+05:30,01:39:31,552
2022-11-03T01:40:22+05:30,01:40:22,558
2022-11-03T01:41:13+05:30,01:41:13,560
2022-11-03T01:42:03+05:30,01:42:03,562
2022-11-03T01:42:54+05:30,01:42:54,562
2022-11-03T01:43:45+05:30,01:43:45,572
2022-11-03T01:44:36+05:30,01:44:36,564
2022-11-03T01:45:27+05:30,01:45:27,546
2022-11-03T01:46:17+05:30,01:46:17,550
2022-11-03T01:47:08+05:30,01:47:08,546
2022-11-03T01:47:59+05:30,01:47:59,544
2022-11-03T01:48:50+05:30,01:48:50,550
2022-11-03T01:49:40+05:30,01:49:40,554
2022-11-03T01:50:31+05:30,01:50:31,560
2022-11-03T01:51:22+05:30,01:51:22,538
2022-11-03T01:52:13+05:30,01:52:13,554
2022-11-03T01:53:04+05:30,01:53:04,554
2022-11-03T01:53:57+05:30,01:53:57,548
2022-11-03T01:54:48+05:30,01:54:48,550
2022-11-03T01:55:39+05:30,01:55:39,558
2022-11-03T01:56:31+05:30,01:56:31,554
2022-11-03T01:57:23+05:30,01:57:23,548
2022-11-03T01:58:13+05:30,01:58:13,542
2022-11-03T01:59:04+05:30,01:59:04,530
2022-11-03T01:59:55+05:30,01:59:55,544
2022-11-03T02:00:46+05:30,02:00:46,532
2022-11-03T02:01:38+05:30,02:01:38,526
2022-11-03T02:02:28+05:30,02:02:28,550
2022-11-03T02:03:19+05:30,02:03:19,548
2022-11-03T02:04:10+05:30,02:04:10,528
2022-11-03T02:05:01+05:30,02:05:01,504
2022-11-03T02:05:51+05:30,02:05:51,498
2022-11-03T02:06:42+05:30,02:06:42,524
2022-11-03T02:07:33+05:30,02:07:33,528
2022-11-03T02:08:24+05:30,02:08:24,530
2022-11-03T02:09:15+05:30,02:09:15,528
2022-11-03T02:10:05+05:30,02:10:05,528
2022-11-03T02:10:56+05:30,02:10:56,514
2022-11-03T02:11:47+05:30,02:11:47,524
2022-11-03T02:12:38+05:30,02:12:38,538
2022-11-03T02:13:29+05:30,02:13:29,528
2022-11-03T02:14:19+05:30,02:14:19,516
2022-11-03T02:15:10+05:30,02:15:10,516
2022-11-03T02:16:01+05:30,02:16:01,518
2022-11-03T02:16:52+05:30,02:16:52,526
2022-11-03T02:17:42+05:30,02:17:42,522
2022-11-03T02:18:32+05:30,02:18:32,516
2022-11-03T02:19:23+05:30,02:19:23,520
2022-11-03T02:20:14+05:30,02:20:14,500
2022-11-03T02:21:05+05:30,02:21:05,506
2022-11-03T02:21:56+05:30,02:21:56,500
2022-11-03T02:22:46+05:30,02:22:46,490
2022-11-03T02:23:37+05:30,02:23:37,498
2022-11-03T02:24:28+05:30,02:24:28,496
2022-11-03T02:25:19+05:30,02:25:19,516
2022-11-03T02:26:10+05:30,02:26:10,514
2022-11-03T02:27:00+05:30,02:27:00,510
2022-11-03T02:27:51+05:30,02:27:51,498
2022-11-03T02:28:42+05:30,02:28:42,490
2022-11-03T02:29:33+05:30,02:29:33,512
2022-11-03T02:30:24+05:30,02:30:24,496
2022-11-03T02:31:14+05:30,02:31:14,484
2022-11-03T02:32:05+05:30,02:32:05,470
2022-11-03T02:32:56+05:30,02:32:56,476
2022-11-03T02:33:47+05:30,02:33:47,510
2022-11-03T02:34:38+05:30,02:34:38,518
2022-11-03T02:35:29+05:30,02:35:29,508
2022-11-03T02:36:20+05:30,02:36:20,502
2022-11-03T02:37:11+05:30,02:37:11,498
2022-11-03T02:38:02+05:30,02:38:02,498
2022-11-03T02:38:52+05:30,02:38:52,484
2022-11-03T02:39:43+05:30,02:39:43,488
2022-11-03T02:40:36+05:30,02:40:36,510
2022-11-03T02:41:27+05:30,02:41:27,514
2022-11-03T02:42:18+05:30,02:42:18,504
2022-11-03T02:43:08+05:30,02:43:08,514
2022-11-03T02:43:59+05:30,02:43:59,506
2022-11-03T02:44:50+05:30,02:44:50,512
2022-11-03T02:45:41+05:30,02:45:41,518
2022-11-03T02:46:32+05:30,02:46:32,516
2022-11-03T02:47:22+05:30,02:47:22,498
2022-11-03T02:48:13+05:30,02:48:13,496
2022-11-03T02:49:04+05:30,02:49:04,504
2022-11-03T02:49:55+05:30,02:49:55,498
2022-11-03T02:50:46+05:30,02:50:46,492
2022-11-03T02:51:36+05:30,02:51:36,486
2022-11-03T02:52:27+05:30,02:52:27,498
2022-11-03T02:53:18+05:30,02:53:18,482
2022-11-03T02:54:09+05:30,02:54:09,472
2022-11-03T02:55:01+05:30,02:55:01,468
2022-11-03T02:55:51+05:30,02:55:51,494
2022-11-03T02:56:42+05:30,02:56:42,504
2022-11-03T02:57:33+05:30,02:57:33,482
2022-11-03T02:58:24+05:30,02:58:24,480
2022-11-03T02:59:14+05:30,02:59:14,480
2022-11-03T03:00:05+05:30,03:00:05,484
2022-11-03T03:00:56+05:30,03:00:56,488
2022-11-03T03:01:47+05:30,03:01:47,476
2022-11-03T03:02:38+05:30,03:02:38,478
2022-11-03T03:03:28+05:30,03:03:28,480
2022-11-03T03:04:19+05:30,03:04:19,470
2022-11-03T03:05:10+05:30,03:05:10,482
2022-11-03T03:06:01+05:30,03:06:01,486
2022-11-03T03:06:52+05:30,03:06:52,468
2022-11-03T03:07:42+05:30,03:07:42,464
2022-11-03T03:08:33+05:30,03:08:33,468
2022-11-03T03:09:25+05:30,03:09:25,470
2022-11-03T03:10:16+05:30,03:10:16,466
2022-11-03T03:11:06+05:30,03:11:06,476
2022-11-03T03:11:56+05:30,03:11:56,482
2022-11-03T03:12:47+05:30,03:12:47,468
2022-11-03T03:13:38+05:30,03:13:38,460
2022-11-03T03:14:29+05:30,03:14:29,454
2022-11-03T03:15:20+05:30,03:15:20,460
2022-11-03T03:16:10+05:30,03:16:10,468
2022-11-03T03:17:01+05:30,03:17:01,462
2022-11-03T03:17:52+05:30,03:17:52,462
2022-11-03T03:18:43+05:30,03:18:43,464
2022-11-03T03:19:34+05:30,03:19:34,462
2022-11-03T03:20:24+05:30,03:20:24,460
2022-11-03T03:21:15+05:30,03:21:15,454
2022-11-03T03:22:06+05:30,03:22:06,458
2022-11-03T03:22:57+05:30,03:22:57,462
2022-11-03T03:23:50+05:30,03:23:50,470
2022-11-03T03:24:42+05:30,03:24:42,460
2022-11-03T03:25:33+05:30,03:25:33,460
2022-11-03T03:26:24+05:30,03:26:24,462
2022-11-03T03:27:15+05:30,03:27:15,460
2022-11-03T03:28:05+05:30,03:28:05,446
2022-11-03T03:28:56+05:30,03:28:56,468
2022-11-03T03:29:47+05:30,03:29:47,454
2022-11-03T03:30:38+05:30,03:30:38,450
2022-11-03T03:31:29+05:30,03:31:29,456
2022-11-03T03:32:19+05:30,03:32:19,456
2022-11-03T03:33:10+05:30,03:33:10,462
2022-11-03T03:34:01+05:30,03:34:01,464
2022-11-03T03:34:52+05:30,03:34:52,446
2022-11-03T03:35:43+05:30,03:35:43,446
2022-11-03T03:36:33+05:30,03:36:33,454
2022-11-03T03:37:25+05:30,03:37:25,460
2022-11-03T03:38:16+05:30,03:38:16,458
2022-11-03T03:39:07+05:30,03:39:07,450
2022-11-03T03:39:58+05:30,03:39:58,450
2022-11-03T03:40:48+05:30,03:40:48,442
2022-11-03T03:41:39+05:30,03:41:39,450
2022-11-03T03:42:30+05:30,03:42:30,460
2022-11-03T03:43:21+05:30,03:43:21,460
2022-11-03T03:44:12+05:30,03:44:12,446
2022-11-03T03:45:02+05:30,03:45:02,446
2022-11-03T03:45:53+05:30,03:45:53,440
2022-11-03T03:46:44+05:30,03:46:44,434
2022-11-03T03:47:35+05:30,03:47:35,436
2022-11-03T03:48:25+05:30,03:48:25,436
2022-11-03T03:49:16+05:30,03:49:16,454
2022-11-03T03:50:07+05:30,03:50:07,468
2022-11-03T03:50:58+05:30,03:50:58,464
2022-11-03T03:51:49+05:30,03:51:49,448
2022-11-03T03:52:39+05:30,03:52:39,452
2022-11-03T03:53:30+05:30,03:53:30,464
2022-11-03T03:54:21+05:30,03:54:21,460
2022-11-03T03:55:12+05:30,03:55:12,444
2022-11-03T03:56:03+05:30,03:56:03,436
2022-11-03T03:56:53+05:30,03:56:53,446
2022-11-03T03:57:44+05:30,03:57:44,456
2022-11-03T03:58:35+05:30,03:58:35,452
2022-11-03T03:59:26+05:30,03:59:26,446
2022-11-03T04:00:17+05:30,04:00:17,446
2022-11-03T04:01:06+05:30,04:01:06,438
2022-11-03T04:01:57+05:30,04:01:57,444
2022-11-03T04:02:48+05:30,04:02:48,456
2022-11-03T04:03:39+05:30,04:03:39,448
2022-11-03T04:04:30+05:30,04:04:30,452
2022-11-03T04:05:20+05:30,04:05:20,448
2022-11-03T04:06:11+05:30,04:06:11,438
2022-11-03T04:07:02+05:30,04:07:02,444
2022-11-03T04:07:53+05:30,04:07:53,446
2022-11-03T04:08:44+05:30,04:08:44,450
2022-11-03T04:09:34+05:30,04:09:34,450
2022-11-03T04:10:25+05:30,04:10:25,458
2022-11-03T04:11:16+05:30,04:11:16,460
2022-11-03T04:12:07+05:30,04:12:07,462
2022-11-03T04:12:58+05:30,04:12:58,446
2022-11-03T04:13:48+05:30,04:13:48,442
2022-11-03T04:14:39+05:30,04:14:39,460
2022-11-03T04:15:30+05:30,04:15:30,458
2022-11-03T04:16:21+05:30,04:16:21,460
2022-11-03T04:17:11+05:30,04:17:11,448
2022-11-03T04:18:02+05:30,04:18:02,438
2022-11-03T04:18:53+05:30,04:18:53,442
2022-11-03T04:19:44+05:30,04:19:44,442
2022-11-03T04:20:35+05:30,04:20:35,436
2022-11-03T04:21:25+05:30,04:21:25,458
2022-11-03T04:22:16+05:30,04:22:16,468
2022-11-03T04:23:06+05:30,04:23:06,454
2022-11-03T04:23:57+05:30,04:23:57,424
2022-11-03T04:24:47+05:30,04:24:47,442
2022-11-03T04:25:37+05:30,04:25:37,446
2022-11-03T04:26:28+05:30,04:26:28,448
2022-11-03T04:27:19+05:30,04:27:19,446
2022-11-03T04:28:10+05:30,04:28:10,430
2022-11-03T04:29:01+05:30,04:29:01,424
2022-11-03T04:29:51+05:30,04:29:51,422
2022-11-03T04:30:42+05:30,04:30:42,424
2022-11-03T04:31:33+05:30,04:31:33,446
2022-11-03T04:32:24+05:30,04:32:24,446
2022-11-03T04:33:15+05:30,04:33:15,424
2022-11-03T04:34:05+05:30,04:34:05,426
2022-11-03T04:34:56+05:30,04:34:56,440
2022-11-03T04:35:47+05:30,04:35:47,424
2022-11-03T04:36:38+05:30,04:36:38,424
2022-11-03T04:37:29+05:30,04:37:29,434
2022-11-03T04:38:18+05:30,04:38:18,460
2022-11-03T04:39:09+05:30,04:39:09,456
2022-11-03T04:40:00+05:30,04:40:00,440
2022-11-03T04:40:51+05:30,04:40:51,442
2022-11-03T04:41:42+05:30,04:41:42,432
2022-11-03T04:42:32+05:30,04:42:32,424
2022-11-03T04:43:23+05:30,04:43:23,424
2022-11-03T04:44:14+05:30,04:44:14,426
2022-11-03T04:45:05+05:30,04:45:05,434
2022-11-03T04:45:55+05:30,04:45:55,440
2022-11-03T04:46:46+05:30,04:46:46,436
2022-11-03T04:47:37+05:30,04:47:37,424
2022-11-03T04:48:28+05:30,04:48:28,424
2022-11-03T04:49:19+05:30,04:49:19,434
2022-11-03T04:50:09+05:30,04:50:09,432
2022-11-03T04:51:00+05:30,04:51:00,430
2022-11-03T04:51:51+05:30,04:51:51,442
2022-11-03T04:52:42+05:30,04:52:42,438
2022-11-03T04:53:33+05:30,04:53:33,424
2022-11-03T04:54:23+05:30,04:54:23,424
2022-11-03T04:55:14+05:30,04:55:14,424
2022-11-03T04:56:05+05:30,04:56:05,424
2022-11-03T04:56:56+05:30,04:56:56,426
2022-11-03T04:57:46+05:30,04:57:46,424
2022-11-03T04:58:36+05:30,04:58:36,424
2022-11-03T04:59:27+05:30,04:59:27,436
2022-11-03T05:00:18+05:30,05:00:18,438
2022-11-03T05:01:09+05:30,05:01:09,438
2022-11-03T05:02:00+05:30,05:02:00,428
2022-11-03T05:02:50+05:30,05:02:50,430
2022-11-03T05:03:41+05:30,05:03:41,440
2022-11-03T05:04:32+05:30,05:04:32,432
2022-11-03T05:05:23+05:30,05:05:23,428
2022-11-03T05:06:14+05:30,05:06:14,426
2022-11-03T05:07:04+05:30,05:07:04,436
2022-11-03T05:07:55+05:30,05:07:55,440
2022-11-03T05:08:46+05:30,05:08:46,444
2022-11-03T05:09:37+05:30,05:09:37,440
2022-11-03T05:10:28+05:30,05:10:28,440
2022-11-03T05:11:18+05:30,05:11:18,442
2022-11-03T05:12:09+05:30,05:12:09,436
2022-11-03T05:13:00+05:30,05:13:00,438
2022-11-03T05:13:51+05:30,05:13:51,450
2022-11-03T05:14:42+05:30,05:14:42,452
2022-11-03T05:15:32+05:30,05:15:32,448
2022-11-03T05:16:23+05:30,05:16:23,434
2022-11-03T05:17:14+05:30,05:17:14,444
2022-11-03T05:18:05+05:30,05:18:05,438
2022-11-03T05:18:56+05:30,05:18:56,432
2022-11-03T05:19:46+05:30,05:19:46,430
2022-11-03T05:20:37+05:30,05:20:37,446
2022-11-03T05:21:28+05:30,05:21:28,442
2022-11-03T05:22:19+05:30,05:22:19,424
2022-11-03T05:23:09+05:30,05:23:09,422
2022-11-03T05:24:00+05:30,05:24:00,424
2022-11-03T05:24:51+05:30,05:24:51,432
2022-11-03T05:25:42+05:30,05:25:42,434
2022-11-03T05:26:33+05:30,05:26:33,424
2022-11-03T05:27:23+05:30,05:27:23,422
2022-11-03T05:28:14+05:30,05:28:14,436
2022-11-03T05:29:05+05:30,05:29:05,438
2022-11-03T05:29:56+05:30,05:29:56,424
2022-11-03T05:30:47+05:30,05:30:47,432
2022-11-03T05:31:36+05:30,05:31:36,444
2022-11-03T05:32:27+05:30,05:32:27,450
2022-11-03T05:33:18+05:30,05:33:18,450
2022-11-03T05:34:09+05:30,05:34:09,450
2022-11-03T05:35:00+05:30,05:35:00,434
2022-11-03T05:35:50+05:30,05:35:50,428
2022-11-03T05:36:41+05:30,05:36:41,424
2022-11-03T05:37:32+05:30,05:37:32,430
2022-11-03T05:38:23+05:30,05:38:23,432
2022-11-03T05:39:14+05:30,05:39:14,434
2022-11-03T05:40:05+05:30,05:40:05,436
2022-11-03T05:40:56+05:30,05:40:56,436
2022-11-03T05:41:47+05:30,05:41:47,436
2022-11-03T05:42:38+05:30,05:42:38,444
2022-11-03T05:43:29+05:30,05:43:29,446
2022-11-03T05:44:19+05:30,05:44:19,450
2022-11-03T05:45:10+05:30,05:45:10,440
2022-11-03T05:46:01+05:30,05:46:01,436
2022-11-03T05:46:52+05:30,05:46:52,436
2022-11-03T05:47:43+05:30,05:47:43,424
2022-11-03T05:48:33+05:30,05:48:33,424
2022-11-03T05:49:24+05:30,05:49:24,424
2022-11-03T05:50:15+05:30,05:50:15,432
2022-11-03T05:51:06+05:30,05:51:06,430
2022-11-03T05:51:56+05:30,05:51:56,438
2022-11-03T05:52:47+05:30,05:52:47,434
2022-11-03T05:53:38+05:30,05:53:38,428
2022-11-03T05:54:29+05:30,05:54:29,424
2022-11-03T05:55:20+05:30,05:55:20,424
2022-11-03T05:56:10+05:30,05:56:10,432
2022-11-03T05:57:01+05:30,05:57:01,434
2022-11-03T05:57:52+05:30,05:57:52,426
2022-11-03T05:58:43+05:30,05:58:43,424
2022-11-03T05:59:34+05:30,05:59:34,432
2022-11-03T06:00:24+05:30,06:00:24,456
2022-11-03T06:01:15+05:30,06:01:15,446
2022-11-03T06:02:06+05:30,06:02:06,432
2022-11-03T06:02:57+05:30,06:02:57,432
2022-11-03T06:03:48+05:30,06:03:48,454
2022-11-03T06:04:38+05:30,06:04:38,450
2022-11-03T06:05:29+05:30,06:05:29,434
2022-11-03T06:06:20+05:30,06:06:20,424
2022-11-03T06:07:11+05:30,06:07:11,424
2022-11-03T06:08:02+05:30,06:08:02,424
2022-11-03T06:08:52+05:30,06:08:52,428
2022-11-03T06:09:43+05:30,06:09:43,424
2022-11-03T06:10:34+05:30,06:10:34,438
2022-11-03T06:11:25+05:30,06:11:25,426
2022-11-03T06:12:16+05:30,06:12:16,424
2022-11-03T06:13:06+05:30,06:13:06,424
2022-11-03T06:13:57+05:30,06:13:57,426
2022-11-03T06:14:48+05:30,06:14:48,426
2022-11-03T06:15:39+05:30,06:15:39,424
2022-11-03T06:16:29+05:30,06:16:29,424
2022-11-03T06:17:20+05:30,06:17:20,424
2022-11-03T06:18:11+05:30,06:18:11,428
2022-11-03T06:19:02+05:30,06:19:02,430
2022-11-03T06:19:53+05:30,06:19:53,436
2022-11-03T06:20:43+05:30,06:20:43,440
2022-11-03T06:21:34+05:30,06:21:34,440
2022-11-03T06:22:25+05:30,06:22:25,424
2022-11-03T06:23:16+05:30,06:23:16,424
2022-11-03T06:24:07+05:30,06:24:07,422
2022-11-03T06:24:57+05:30,06:24:57,422
2022-11-03T06:25:48+05:30,06:25:48,428
2022-11-03T06:26:39+05:30,06:26:39,426
2022-11-03T06:27:30+05:30,06:27:30,430
2022-11-03T06:28:21+05:30,06:28:21,440
2022-11-03T06:29:11+05:30,06:29:11,442
2022-11-03T06:30:02+05:30,06:30:02,434
2022-11-03T06:30:53+05:30,06:30:53,432
2022-11-03T06:31:44+05:30,06:31:44,426
2022-11-03T06:32:34+05:30,06:32:34,426
2022-11-03T06:33:24+05:30,06:33:24,434
2022-11-03T06:34:15+05:30,06:34:15,434
2022-11-03T06:35:05+05:30,06:35:05,428
2022-11-03T06:35:56+05:30,06:35:56,438
2022-11-03T06:36:47+05:30,06:36:47,446
2022-11-03T06:37:37+05:30,06:37:37,432
2022-11-03T06:38:28+05:30,06:38:28,432
2022-11-03T06:39:19+05:30,06:39:19,424
2022-11-03T06:40:10+05:30,06:40:10,430
2022-11-03T06:41:01+05:30,06:41:01,426
2022-11-03T06:41:51+05:30,06:41:51,424
2022-11-03T06:42:42+05:30,06:42:42,440
2022-11-03T06:43:33+05:30,06:43:33,434
2022-11-03T06:44:24+05:30,06:44:24,428
2022-11-03T06:45:15+05:30,06:45:15,438
2022-11-03T06:46:05+05:30,06:46:05,434
2022-11-03T06:46:56+05:30,06:46:56,434
2022-11-03T06:47:47+05:30,06:47:47,430
2022-11-03T06:48:38+05:30,06:48:38,424
2022-11-03T06:49:29+05:30,06:49:29,424
2022-11-03T06:50:19+05:30,06:50:19,424
2022-11-03T06:51:10+05:30,06:51:10,424
2022-11-03T06:52:01+05:30,06:52:01,422
2022-11-03T06:52:52+05:30,06:52:52,424
2022-11-03T06:53:42+05:30,06:53:42,436
2022-11-03T06:54:33+05:30,06:54:33,424
2022-11-03T06:55:24+05:30,06:55:24,422
2022-11-03T06:56:15+05:30,06:56:15,424
2022-11-03T06:57:06+05:30,06:57:06,424
2022-11-03T06:57:56+05:30,06:57:56,426
2022-11-03T06:58:47+05:30,06:58:47,426
2022-11-03T06:59:38+05:30,06:59:38,430
2022-11-03T07:00:29+05:30,07:00:29,440
2022-11-03T07:01:20+05:30,07:01:20,442
2022-11-03T07:02:10+05:30,07:02:10,430
2022-11-03T07:03:00+05:30,07:03:00,432
2022-11-03T07:03:51+05:30,07:03:51,426
2022-11-03T07:04:42+05:30,07:04:42,422
2022-11-03T07:05:33+05:30,07:05:33,422
2022-11-03T07:06:22+05:30,07:06:22,424
2022-11-03T07:07:13+05:30,07:07:13,432
2022-11-03T07:08:04+05:30,07:08:04,424
2022-11-03T07:08:55+05:30,07:08:55,420
2022-11-03T07:09:46+05:30,07:09:46,424
2022-11-03T07:10:36+05:30,07:10:36,424
2022-11-03T07:11:27+05:30,07:11:27,428
2022-11-03T07:12:18+05:30,07:12:18,424
2022-11-03T07:13:09+05:30,07:13:09,424
2022-11-03T07:14:00+05:30,07:14:00,426
2022-11-03T07:14:50+05:30,07:14:50,424
2022-11-03T07:15:41+05:30,07:15:41,422
2022-11-03T07:16:33+05:30,07:16:33,430
2022-11-03T07:17:24+05:30,07:17:24,440
2022-11-03T07:18:15+05:30,07:18:15,424
2022-11-03T07:19:05+05:30,07:19:05,426
2022-11-03T07:19:56+05:30,07:19:56,434
2022-11-03T07:20:47+05:30,07:20:47,436
2022-11-03T07:21:38+05:30,07:21:38,430
2022-11-03T07:22:29+05:30,07:22:29,428
2022-11-03T07:23:19+05:30,07:23:19,422
2022-11-03T07:24:10+05:30,07:24:10,422
2022-11-03T07:25:01+05:30,07:25:01,420
2022-11-03T07:25:51+05:30,07:25:51,420
2022-11-03T07:26:41+05:30,07:26:41,422
2022-11-03T07:27:31+05:30,07:27:31,424
2022-11-03T07:28:22+05:30,07:28:22,424
2022-11-03T07:29:13+05:30,07:29:13,424
2022-11-03T07:30:04+05:30,07:30:04,436
2022-11-03T07:30:55+05:30,07:30:55,424
2022-11-03T07:31:45+05:30,07:31:45,424
2022-11-03T07:32:36+05:30,07:32:36,424
2022-11-03T07:33:27+05:30,07:33:27,424
2022-11-03T07:34:18+05:30,07:34:18,422
2022-11-03T07:35:08+05:30,07:35:08,422
2022-11-03T07:35:59+05:30,07:35:59,424
2022-11-03T07:36:50+05:30,07:36:50,430
2022-11-03T07:37:41+05:30,07:37:41,424
2022-11-03T07:38:32+05:30,07:38:32,422
2022-11-03T07:39:22+05:30,07:39:22,422
2022-11-03T07:40:13+05:30,07:40:13,436
2022-11-03T07:41:04+05:30,07:41:04,448
2022-11-03T07:41:55+05:30,07:41:55,424
2022-11-03T07:42:46+05:30,07:42:46,422
2022-11-03T07:43:36+05:30,07:43:36,422
2022-11-03T07:44:27+05:30,07:44:27,422
2022-11-03T07:45:18+05:30,07:45:18,422
2022-11-03T07:46:09+05:30,07:46:09,422
2022-11-03T07:47:00+05:30,07:47:00,420
2022-11-03T07:47:50+05:30,07:47:50,422
2022-11-03T07:48:41+05:30,07:48:41,424
2022-11-03T07:49:32+05:30,07:49:32,424
2022-11-03T07:50:23+05:30,07:50:23,424
2022-11-03T07:51:14+05:30,07:51:14,422
2022-11-03T07:52:03+05:30,07:52:03,424
2022-11-03T07:52:54+05:30,07:52:54,424
2022-11-03T07:53:45+05:30,07:53:45,424
2022-11-03T07:54:36+05:30,07:54:36,422
2022-11-03T07:55:27+05:30,07:55:27,424
2022-11-03T07:56:17+05:30,07:56:17,438
2022-11-03T07:57:08+05:30,07:57:08,432
2022-11-03T07:57:59+05:30,07:57:59,428
2022-11-03T07:58:50+05:30,07:58:50,424
2022-11-03T07:59:41+05:30,07:59:41,424
2022-11-03T08:00:31+05:30,08:00:31,422
2022-11-03T08:01:22+05:30,08:01:22,420
2022-11-03T08:02:13+05:30,08:02:13,420
2022-11-03T08:03:04+05:30,08:03:04,422
2022-11-03T08:03:54+05:30,08:03:54,424
2022-11-03T08:04:45+05:30,08:04:45,424
2022-11-03T08:05:36+05:30,08:05:36,422
2022-11-03T08:06:27+05:30,08:06:27,422
2022-11-03T08:07:18+05:30,08:07:18,424
2022-11-03T08:08:08+05:30,08:08:08,422
2022-11-03T08:08:59+05:30,08:08:59,420
2022-11-03T08:09:50+05:30,08:09:50,424
2022-11-03T08:10:41+05:30,08:10:41,422
2022-11-03T08:11:32+05:30,08:11:32,422
2022-11-03T08:12:22+05:30,08:12:22,424
2022-11-03T08:13:13+05:30,08:13:13,426
2022-11-03T08:14:04+05:30,08:14:04,422
2022-11-03T08:14:55+05:30,08:14:55,422
2022-11-03T08:15:46+05:30,08:15:46,422
2022-11-03T08:16:36+05:30,08:16:36,424
2022-11-03T08:17:27+05:30,08:17:27,424
2022-11-03T08:18:18+05:30,08:18:18,424
2022-11-03T08:19:09+05:30,08:19:09,424
2022-11-03T08:20:00+05:30,08:20:00,424
2022-11-03T08:20:50+05:30,08:20:50,424
2022-11-03T08:21:41+05:30,08:21:41,422
2022-11-03T08:22:32+05:30,08:22:32,422
2022-11-03T08:23:23+05:30,08:23:23,422
2022-11-03T08:24:14+05:30,08:24:14,420
2022-11-03T08:25:04+05:30,08:25:04,422
2022-11-03T08:25:55+05:30,08:25:55,420
2022-11-03T08:26:46+05:30,08:26:46,420
2022-11-03T08:27:37+05:30,08:27:37,420
2022-11-03T08:28:28+05:30,08:28:28,420
2022-11-03T08:29:18+05:30,08:29:18,420
2022-11-03T08:30:09+05:30,08:30:09,422
2022-11-03T08:31:00+05:30,08:31:00,424
2022-11-03T08:31:51+05:30,08:31:51,420
2022-11-03T08:32:42+05:30,08:32:42,420
2022-11-03T08:33:32+05:30,08:33:32,426
2022-11-03T08:34:23+05:30,08:34:23,424
2022-11-03T08:35:14+05:30,08:35:14,424
2022-11-03T08:36:05+05:30,08:36:05,422
2022-11-03T08:36:56+05:30,08:36:56,424
2022-11-03T08:37:46+05:30,08:37:46,420
2022-11-03T08:38:36+05:30,08:38:36,420
2022-11-03T08:39:27+05:30,08:39:27,420
2022-11-03T08:40:18+05:30,08:40:18,424
2022-11-03T08:41:09+05:30,08:41:09,422
2022-11-03T08:41:59+05:30,08:41:59,422
2022-11-03T08:42:50+05:30,08:42:50,420
2022-11-03T08:43:41+05:30,08:43:41,420
2022-11-03T08:44:32+05:30,08:44:32,422
2022-11-03T08:45:23+05:30,08:45:23,422
2022-11-03T08:46:13+05:30,08:46:13,422
2022-11-03T08:47:04+05:30,08:47:04,422
2022-11-03T08:47:55+05:30,08:47:55,422
2022-11-03T08:48:46+05:30,08:48:46,420
2022-11-03T08:49:36+05:30,08:49:36,422
2022-11-03T08:50:27+05:30,08:50:27,422
2022-11-03T08:51:18+05:30,08:51:18,422
2022-11-03T08:52:09+05:30,08:52:09,424
2022-11-03T08:53:00+05:30,08:53:00,428
2022-11-03T08:53:50+05:30,08:53:50,424
2022-11-03T08:54:41+05:30,08:54:41,426
2022-11-03T08:55:32+05:30,08:55:32,424
2022-11-03T08:56:23+05:30,08:56:23,422
2022-11-03T08:57:14+05:30,08:57:14,422
2022-11-03T08:58:05+05:30,08:58:05,422
2022-11-03T08:58:55+05:30,08:58:55,422
2022-11-03T08:59:46+05:30,08:59:46,424
2022-11-03T09:00:37+05:30,09:00:37,424
2022-11-03T09:01:28+05:30,09:01:28,422
2022-11-03T09:02:18+05:30,09:02:18,424
2022-11-03T09:03:09+05:30,09:03:09,422
2022-11-03T09:04:00+05:30,09:04:00,420
2022-11-03T09:04:51+05:30,09:04:51,422
2022-11-03T09:05:42+05:30,09:05:42,422
2022-11-03T09:06:32+05:30,09:06:32,422
2022-11-03T09:07:23+05:30,09:07:23,420
2022-11-03T09:08:14+05:30,09:08:14,418
2022-11-03T09:09:05+05:30,09:09:05,420
2022-11-03T09:09:56+05:30,09:09:56,420
2022-11-03T09:10:46+05:30,09:10:46,420
2022-11-03T09:11:37+05:30,09:11:37,420
2022-11-03T09:12:28+05:30,09:12:28,422
2022-11-03T09:13:19+05:30,09:13:19,424
2022-11-03T09:14:10+05:30,09:14:10,422
2022-11-03T09:15:01+05:30,09:15:01,422
2022-11-03T09:15:51+05:30,09:15:51,424
2022-11-03T09:16:42+05:30,09:16:42,422
2022-11-03T09:17:33+05:30,09:17:33,420
2022-11-03T09:18:24+05:30,09:18:24,422
2022-11-03T09:19:14+05:30,09:19:14,424
2022-11-03T09:20:05+05:30,09:20:05,424
2022-11-03T09:20:55+05:30,09:20:55,422
2022-11-03T09:21:46+05:30,09:21:46,420
2022-11-03T09:22:37+05:30,09:22:37,422
2022-11-03T09:23:27+05:30,09:23:27,424
2022-11-03T09:24:18+05:30,09:24:18,424
2022-11-03T09:25:09+05:30,09:25:09,422
2022-11-03T09:26:00+05:30,09:26:00,424
2022-11-03T09:26:51+05:30,09:26:51,424
2022-11-03T09:27:41+05:30,09:27:41,420
2022-11-03T09:28:32+05:30,09:28:32,418
2022-11-03T09:29:23+05:30,09:29:23,422
2022-11-03T09:30:14+05:30,09:30:14,424
2022-11-03T09:31:07+05:30,09:31:07,422
2022-11-03T09:31:57+05:30,09:31:57,424
2022-11-03T09:32:48+05:30,09:32:48,432
2022-11-03T09:33:39+05:30,09:33:39,424
2022-11-03T09:34:30+05:30,09:34:30,420
2022-11-03T09:35:20+05:30,09:35:20,422
2022-11-03T09:36:11+05:30,09:36:11,424
2022-11-03T09:37:02+05:30,09:37:02,424
2022-11-03T09:37:53+05:30,09:37:53,424
2022-11-03T09:38:44+05:30,09:38:44,424
2022-11-03T09:39:34+05:30,09:39:34,422
2022-11-03T09:40:25+05:30,09:40:25,424
2022-11-03T09:41:16+05:30,09:41:16,422
2022-11-03T09:42:07+05:30,09:42:07,424
2022-11-03T09:42:58+05:30,09:42:58,422
2022-11-03T09:43:48+05:30,09:43:48,420
2022-11-03T09:44:39+05:30,09:44:39,422
2022-11-03T09:45:30+05:30,09:45:30,424
2022-11-03T09:46:21+05:30,09:46:21,424
2022-11-03T09:47:12+05:30,09:47:12,422
2022-11-03T09:48:02+05:30,09:48:02,420
2022-11-03T09:48:53+05:30,09:48:53,422
2022-11-03T09:49:44+05:30,09:49:44,422
2022-11-03T09:50:35+05:30,09:50:35,422
2022-11-03T09:51:26+05:30,09:51:26,424
2022-11-03T09:52:16+05:30,09:52:16,426
2022-11-03T09:53:07+05:30,09:53:07,424
2022-11-03T09:53:58+05:30,09:53:58,420
2022-11-03T09:54:49+05:30,09:54:49,420
2022-11-03T09:55:40+05:30,09:55:40,422
2022-11-03T09:56:30+05:30,09:56:30,422
2022-11-03T09:57:21+05:30,09:57:21,422
2022-11-03T09:58:12+05:30,09:58:12,424
2022-11-03T09:59:03+05:30,09:59:03,432
2022-11-03T09:59:54+05:30,09:59:54,446
2022-11-03T10:00:44+05:30,10:00:44,440
2022-11-03T10:01:35+05:30,10:01:35,424
2022-11-03T10:02:26+05:30,10:02:26,454
2022-11-03T10:03:17+05:30,10:03:17,452
2022-11-03T10:04:08+05:30,10:04:08,436
2022-11-03T10:04:58+05:30,10:04:58,444
2022-11-03T10:05:49+05:30,10:05:49,470
2022-11-03T10:06:40+05:30,10:06:40,474
2022-11-03T10:07:31+05:30,10:07:31,476
2022-11-03T10:08:22+05:30,10:08:22,480
2022-11-03T10:09:12+05:30,10:09:12,472
2022-11-03T10:10:03+05:30,10:10:03,468
2022-11-03T10:10:54+05:30,10:10:54,456
2022-11-03T10:11:45+05:30,10:11:45,470
2022-11-03T10:12:36+05:30,10:12:36,476
2022-11-03T10:13:27+05:30,10:13:27,482
2022-11-03T10:14:17+05:30,10:14:17,466
2022-11-03T10:15:08+05:30,10:15:08,454
2022-11-03T10:15:59+05:30,10:15:59,486
2022-11-03T10:16:50+05:30,10:16:50,484
2022-11-03T10:17:40+05:30,10:17:40,478
2022-11-03T10:18:31+05:30,10:18:31,468
2022-11-03T10:19:22+05:30,10:19:22,464
2022-11-03T10:20:14+05:30,10:20:14,460
2022-11-03T10:21:05+05:30,10:21:05,460
2022-11-03T10:21:56+05:30,10:21:56,470
2022-11-03T10:22:47+05:30,10:22:47,484
2022-11-03T10:23:38+05:30,10:23:38,502
2022-11-03T10:24:29+05:30,10:24:29,494
2022-11-03T10:25:20+05:30,10:25:20,474
2022-11-03T10:26:09+05:30,10:26:09,466
2022-11-03T10:27:01+05:30,10:27:01,492
2022-11-03T10:27:52+05:30,10:27:52,492
2022-11-03T10:28:43+05:30,10:28:43,474
2022-11-03T10:29:34+05:30,10:29:34,470
2022-11-03T10:30:24+05:30,10:30:24,468
2022-11-03T10:31:15+05:30,10:31:15,462
2022-11-03T10:32:06+05:30,10:32:06,478
2022-11-03T10:32:57+05:30,10:32:57,476
2022-11-03T10:33:48+05:30,10:33:48,474
2022-11-03T10:34:39+05:30,10:34:39,470
2022-11-03T10:35:31+05:30,10:35:31,448
2022-11-03T10:36:22+05:30,10:36:22,452
2022-11-03T10:37:13+05:30,10:37:13,462
2022-11-03T10:38:04+05:30,10:38:04,482
2022-11-03T10:38:55+05:30,10:38:55,472
2022-11-03T10:39:45+05:30,10:39:45,470
2022-11-03T10:40:36+05:30,10:40:36,448
2022-11-03T10:41:27+05:30,10:41:27,454
2022-11-03T10:42:18+05:30,10:42:18,456
2022-11-03T10:43:09+05:30,10:43:09,492
2022-11-03T10:44:01+05:30,10:44:01,496
2022-11-03T10:44:52+05:30,10:44:52,478
2022-11-03T10:45:43+05:30,10:45:43,462
2022-11-03T10:46:34+05:30,10:46:34,434
2022-11-03T10:47:24+05:30,10:47:24,438
2022-11-03T10:48:15+05:30,10:48:15,450
2022-11-03T10:49:06+05:30,10:49:06,444
2022-11-03T10:49:58+05:30,10:49:58,432
2022-11-03T10:50:49+05:30,10:50:49,440
2022-11-03T10:51:39+05:30,10:51:39,444
2022-11-03T10:52:30+05:30,10:52:30,464
2022-11-03T10:53:24+05:30,10:53:24,470
2022-11-03T10:54:15+05:30,10:54:15,458
2022-11-03T10:55:06+05:30,10:55:06,444
2022-11-03T10:55:56+05:30,10:55:56,450
2022-11-03T10:56:47+05:30,10:56:47,464
2022-11-03T10:57:38+05:30,10:57:38,464
2022-11-03T10:58:29+05:30,10:58:29,448
2022-11-03T10:59:23+05:30,10:59:23,440
2022-11-03T11:00:14+05:30,11:00:14,450
2022-11-03T11:01:04+05:30,11:01:04,462
2022-11-03T11:01:55+05:30,11:01:55,430
2022-11-03T11:02:46+05:30,11:02:46,428
2022-11-03T11:03:37+05:30,11:03:37,444
2022-11-03T11:04:27+05:30,11:04:27,446
2022-11-03T11:05:18+05:30,11:05:18,424
2022-11-03T11:06:09+05:30,11:06:09,422
2022-11-03T11:06:59+05:30,11:06:59,432
2022-11-03T11:07:50+05:30,11:07:50,436
2022-11-03T11:08:41+05:30,11:08:41,424
2022-11-03T11:09:37+05:30,11:09:37,444
2022-11-03T11:10:28+05:30,11:10:28,460
2022-11-03T11:11:19+05:30,11:11:19,448
2022-11-03T11:12:10+05:30,11:12:10,436
2022-11-03T11:13:01+05:30,11:13:01,450
2022-11-03T11:13:51+05:30,11:13:51,464
2022-11-03T11:14:42+05:30,11:14:42,476
2022-11-03T11:15:33+05:30,11:15:33,464
2022-11-03T11:16:24+05:30,11:16:24,454
2022-11-03T11:17:15+05:30,11:17:15,476
2022-11-03T11:18:05+05:30,11:18:05,468
2022-11-03T11:18:56+05:30,11:18:56,442
2022-11-03T11:19:47+05:30,11:19:47,454
2022-11-03T11:20:38+05:30,11:20:38,470
2022-11-03T11:21:29+05:30,11:21:29,478
2022-11-03T11:22:19+05:30,11:22:19,478
2022-11-03T11:23:10+05:30,11:23:10,482
2022-11-03T11:24:01+05:30,11:24:01,484
2022-11-03T11:24:52+05:30,11:24:52,478
2022-11-03T11:25:43+05:30,11:25:43,480
2022-11-03T11:26:36+05:30,11:26:36,482
2022-11-03T11:27:26+05:30,11:27:26,474
2022-11-03T11:28:17+05:30,11:28:17,482
2022-11-03T11:29:08+05:30,11:29:08,486
2022-11-03T11:29:59+05:30,11:29:59,504
2022-11-03T11:30:49+05:30,11:30:49,502
2022-11-03T11:31:40+05:30,11:31:40,492
2022-11-03T11:32:31+05:30,11:32:31,510
2022-11-03T11:33:22+05:30,11:33:22,504
2022-11-03T11:34:13+05:30,11:34:13,500
2022-11-03T11:35:03+05:30,11:35:03,516
2022-11-03T11:35:54+05:30,11:35:54,504
2022-11-03T11:36:45+05:30,11:36:45,502
2022-11-03T11:37:36+05:30,11:37:36,504
2022-11-03T11:38:27+05:30,11:38:27,488
2022-11-03T11:39:18+05:30,11:39:18,496
2022-11-03T11:40:08+05:30,11:40:08,516
2022-11-03T11:40:59+05:30,11:40:59,520
2022-11-03T11:41:50+05:30,11:41:50,510
2022-11-03T11:42:41+05:30,11:42:41,516
2022-11-03T11:43:31+05:30,11:43:31,520
2022-11-03T11:44:22+05:30,11:44:22,504
2022-11-03T11:45:13+05:30,11:45:13,504
2022-11-03T11:46:04+05:30,11:46:04,528
2022-11-03T11:46:55+05:30,11:46:55,512
2022-11-03T11:47:45+05:30,11:47:45,488
2022-11-03T11:48:36+05:30,11:48:36,480
2022-11-03T11:49:27+05:30,11:49:27,514
2022-11-03T11:50:18+05:30,11:50:18,524
2022-11-03T11:51:09+05:30,11:51:09,522
2022-11-03T11:51:59+05:30,11:51:59,524
2022-11-03T11:52:50+05:30,11:52:50,534
2022-11-03T11:53:41+05:30,11:53:41,534
2022-11-03T11:54:32+05:30,11:54:32,526
2022-11-03T11:55:23+05:30,11:55:23,532
2022-11-03T11:56:13+05:30,11:56:13,546
2022-11-03T11:57:04+05:30,11:57:04,548
2022-11-03T11:57:55+05:30,11:57:55,544
2022-11-03T11:58:46+05:30,11:58:46,534
2022-11-03T11:59:37+05:30,11:59:37,532
2022-11-03T12:00:27+05:30,12:00:27,532
2022-11-03T12:01:19+05:30,12:01:19,540
2022-11-03T12:02:10+05:30,12:02:10,536
2022-11-03T12:03:01+05:30,12:03:01,538
2022-11-03T12:03:52+05:30,12:03:52,546
2022-11-03T12:04:42+05:30,12:04:42,550
2022-11-03T12:05:33+05:30,12:05:33,552
2022-11-03T12:06:24+05:30,12:06:24,538
2022-11-03T12:07:15+05:30,12:07:15,532
2022-11-03T12:08:08+05:30,12:08:08,534
2022-11-03T12:08:58+05:30,12:08:58,536
2022-11-03T12:09:49+05:30,12:09:49,528
2022-11-03T12:10:40+05:30,12:10:40,534
2022-11-03T12:11:31+05:30,12:11:31,544
2022-11-03T12:12:21+05:30,12:12:21,546
2022-11-03T12:13:12+05:30,12:13:12,542
2022-11-03T12:14:03+05:30,12:14:03,554
2022-11-03T12:14:54+05:30,12:14:54,570
2022-11-03T12:15:45+05:30,12:15:45,560
2022-11-03T12:16:35+05:30,12:16:35,560
2022-11-03T12:17:26+05:30,12:17:26,548
2022-11-03T12:18:17+05:30,12:18:17,546
2022-11-03T12:19:08+05:30,12:19:08,558
2022-11-03T12:20:00+05:30,12:20:00,544
2022-11-03T12:20:50+05:30,12:20:50,550
2022-11-03T12:21:41+05:30,12:21:41,566
2022-11-03T12:22:32+05:30,12:22:32,584
2022-11-03T12:23:23+05:30,12:23:23,582
2022-11-03T12:24:14+05:30,12:24:14,568
2022-11-03T12:25:04+05:30,12:25:04,572
2022-11-03T12:25:55+05:30,12:25:55,568
2022-11-03T12:26:47+05:30,12:26:47,560
2022-11-03T12:27:38+05:30,12:27:38,566
2022-11-03T12:28:29+05:30,12:28:29,560
2022-11-03T12:29:19+05:30,12:29:19,572
2022-11-03T12:30:10+05:30,12:30:10,558
2022-11-03T12:31:01+05:30,12:31:01,552
2022-11-03T12:31:52+05:30,12:31:52,560
2022-11-03T12:32:43+05:30,12:32:43,552
2022-11-03T12:33:33+05:30,12:33:33,566
2022-11-03T12:34:24+05:30,12:34:24,568
2022-11-03T12:35:15+05:30,12:35:15,590
2022-11-03T12:36:06+05:30,12:36:06,596
2022-11-03T12:36:56+05:30,12:36:56,572
2022-11-03T12:37:47+05:30,12:37:47,560
2022-11-03T12:38:38+05:30,12:38:38,570
2022-11-03T12:39:29+05:30,12:39:29,574
2022-11-03T12:40:20+05:30,12:40:20,588
2022-11-03T12:41:10+05:30,12:41:10,584
2022-11-03T12:42:01+05:30,12:42:01,568
2022-11-03T12:42:52+05:30,12:42:52,568
2022-11-03T12:43:43+05:30,12:43:43,582
2022-11-03T12:44:34+05:30,12:44:34,582
2022-11-03T12:45:24+05:30,12:45:24,588
2022-11-03T12:46:15+05:30,12:46:15,604
2022-11-03T12:47:06+05:30,12:47:06,598
2022-11-03T12:47:57+05:30,12:47:57,586
2022-11-03T12:48:48+05:30,12:48:48,582
2022-11-03T12:49:38+05:30,12:49:38,576
2022-11-03T12:50:29+05:30,12:50:29,584
2022-11-03T12:51:20+05:30,12:51:20,584
2022-11-03T12:52:11+05:30,12:52:11,578
2022-11-03T12:53:02+05:30,12:53:02,600
2022-11-03T12:53:52+05:30,12:53:52,582
2022-11-03T12:54:43+05:30,12:54:43,588
2022-11-03T12:55:35+05:30,12:55:35,602
2022-11-03T12:56:26+05:30,12:56:26,604
2022-11-03T12:57:16+05:30,12:57:16,586
2022-11-03T12:58:07+05:30,12:58:07,592
2022-11-03T12:58:58+05:30,12:58:58,606
2022-11-03T12:59:49+05:30,12:59:49,614
2022-11-03T13:00:40+05:30,13:00:40,594
2022-11-03T13:01:30+05:30,13:01:30,588
2022-11-03T13:02:21+05:30,13:02:21,592
2022-11-03T13:03:12+05:30,13:03:12,596
2022-11-03T13:04:03+05:30,13:04:03,592
2022-11-03T13:04:54+05:30,13:04:54,590
2022-11-03T13:05:44+05:30,13:05:44,586
2022-11-03T13:06:35+05:30,13:06:35,590
2022-11-03T13:07:26+05:30,13:07:26,598
2022-11-03T13:08:17+05:30,13:08:17,596
2022-11-03T13:09:08+05:30,13:09:08,586
2022-11-03T13:09:58+05:30,13:09:58,594
2022-11-03T13:10:49+05:30,13:10:49,592
2022-11-03T13:11:40+05:30,13:11:40,580
2022-11-03T13:12:31+05:30,13:12:31,584
2022-11-03T13:13:22+05:30,13:13:22,576
2022-11-03T13:14:12+05:30,13:14:12,578
2022-11-03T13:15:03+05:30,13:15:03,576
2022-11-03T13:15:54+05:30,13:15:54,592
2022-11-03T13:16:45+05:30,13:16:45,600
2022-11-03T13:17:36+05:30,13:17:36,594
2022-11-03T13:18:27+05:30,13:18:27,598
2022-11-03T13:19:18+05:30,13:19:18,596
2022-11-03T13:20:09+05:30,13:20:09,602
2022-11-03T13:21:00+05:30,13:21:00,604
2022-11-03T13:21:50+05:30,13:21:50,610
2022-11-03T13:22:41+05:30,13:22:41,588
2022-11-03T13:23:32+05:30,13:23:32,576
2022-11-03T13:24:23+05:30,13:24:23,592
2022-11-03T13:25:14+05:30,13:25:14,598
2022-11-03T13:26:04+05:30,13:26:04,608
2022-11-03T13:26:55+05:30,13:26:55,602
2022-11-03T13:27:46+05:30,13:27:46,600
2022-11-03T13:28:37+05:30,13:28:37,580
2022-11-03T13:29:28+05:30,13:29:28,580
2022-11-03T13:30:18+05:30,13:30:18,588
2022-11-03T13:31:09+05:30,13:31:09,598
2022-11-03T13:32:00+05:30,13:32:00,608
2022-11-03T13:32:51+05:30,13:32:51,612
2022-11-03T13:33:42+05:30,13:33:42,600
2022-11-03T13:34:32+05:30,13:34:32,602
2022-11-03T13:35:23+05:30,13:35:23,610
2022-11-03T13:36:15+05:30,13:36:15,592
2022-11-03T13:37:06+05:30,13:37:06,588
2022-11-03T13:37:57+05:30,13:37:57,598
2022-11-03T13:38:47+05:30,13:38:47,620
2022-11-03T13:39:38+05:30,13:39:38,614
2022-11-03T13:40:29+05:30,13:40:29,596
2022-11-03T13:41:20+05:30,13:41:20,600
2022-11-03T13:42:11+05:30,13:42:11,598
2022-11-03T13:43:01+05:30,13:43:01,610
2022-11-03T13:43:52+05:30,13:43:52,604
2022-11-03T13:44:43+05:30,13:44:43,590
2022-11-03T13:45:34+05:30,13:45:34,582
2022-11-03T13:46:24+05:30,13:46:24,604
2022-11-03T13:47:16+05:30,13:47:16,622
2022-11-03T13:48:06+05:30,13:48:06,616
2022-11-03T13:48:57+05:30,13:48:57,610
2022-11-03T13:49:48+05:30,13:49:48,616
2022-11-03T13:50:38+05:30,13:50:38,622
2022-11-03T13:51:30+05:30,13:51:30,608
2022-11-03T13:52:21+05:30,13:52:21,600
2022-11-03T13:53:12+05:30,13:53:12,610
2022-11-03T13:54:03+05:30,13:54:03,608
2022-11-03T13:54:53+05:30,13:54:53,580
2022-11-03T13:55:44+05:30,13:55:44,570
2022-11-03T13:56:35+05:30,13:56:35,568
2022-11-03T13:57:26+05:30,13:57:26,584
2022-11-03T13:58:17+05:30,13:58:17,582
2022-11-03T13:59:07+05:30,13:59:07,584
2022-11-03T13:59:59+05:30,13:59:59,580
2022-11-03T14:00:50+05:30,14:00:50,576
2022-11-03T14:01:41+05:30,14:01:41,562
2022-11-03T14:02:32+05:30,14:02:32,556
2022-11-03T14:03:22+05:30,14:03:22,574
2022-11-03T14:04:13+05:30,14:04:13,584
2022-11-03T14:05:06+05:30,14:05:06,564
2022-11-03T14:05:57+05:30,14:05:57,566
2022-11-03T14:06:48+05:30,14:06:48,566
2022-11-03T14:07:38+05:30,14:07:38,574
2022-11-03T14:08:28+05:30,14:08:28,568
2022-11-03T14:09:19+05:30,14:09:19,574
2022-11-03T14:10:10+05:30,14:10:10,550
2022-11-03T14:11:00+05:30,14:11:00,540
2022-11-03T14:11:51+05:30,14:11:51,546
2022-11-03T14:12:42+05:30,14:12:42,538
2022-11-03T14:13:33+05:30,14:13:33,542
2022-11-03T14:14:24+05:30,14:14:24,546
2022-11-03T14:15:14+05:30,14:15:14,562
2022-11-03T14:16:05+05:30,14:16:05,574
2022-11-03T14:16:56+05:30,14:16:56,558
2022-11-03T14:17:47+05:30,14:17:47,566
2022-11-03T14:18:38+05:30,14:18:38,548
2022-11-03T14:19:28+05:30,14:19:28,556
2022-11-03T14:20:19+05:30,14:20:19,564
2022-11-03T14:21:10+05:30,14:21:10,554
2022-11-03T14:22:01+05:30,14:22:01,570
2022-11-03T14:22:52+05:30,14:22:52,586
2022-11-03T14:23:42+05:30,14:23:42,614
2022-11-03T14:24:34+05:30,14:24:34,602
2022-11-03T14:25:25+05:30,14:25:25,594
2022-11-03T14:26:16+05:30,14:26:16,570
2022-11-03T14:27:07+05:30,14:27:07,562
2022-11-03T14:27:57+05:30,14:27:57,568
2022-11-03T14:28:51+05:30,14:28:51,564
2022-11-03T14:29:42+05:30,14:29:42,588
2022-11-03T14:30:33+05:30,14:30:33,598
2022-11-03T14:31:24+05:30,14:31:24,594
2022-11-03T14:32:14+05:30,14:32:14,594
2022-11-03T14:33:07+05:30,14:33:07,588
2022-11-03T14:33:58+05:30,14:33:58,588
2022-11-03T14:34:49+05:30,14:34:49,584
2022-11-03T14:35:39+05:30,14:35:39,578
2022-11-03T14:36:30+05:30,14:36:30,576
2022-11-03T14:37:22+05:30,14:37:22,564
2022-11-03T14:38:13+05:30,14:38:13,578
2022-11-03T14:39:04+05:30,14:39:04,586
2022-11-03T14:39:54+05:30,14:39:54,582
2022-11-03T14:40:45+05:30,14:40:45,600
2022-11-03T14:41:36+05:30,14:41:36,630
2022-11-03T14:42:27+05:30,14:42:27,616
2022-11-03T14:43:18+05:30,14:43:18,608
2022-11-03T14:44:08+05:30,14:44:08,598
2022-11-03T14:44:59+05:30,14:44:59,608
2022-11-03T14:45:50+05:30,14:45:50,630
2022-11-03T14:46:41+05:30,14:46:41,632
2022-11-03T14:47:32+05:30,14:47:32,628
2022-11-03T14:48:22+05:30,14:48:22,650
2022-11-03T14:49:13+05:30,14:49:13,668
2022-11-03T14:50:04+05:30,14:50:04,666
2022-11-03T14:50:55+05:30,14:50:55,664
2022-11-03T14:51:46+05:30,14:51:46,668
2022-11-03T14:52:36+05:30,14:52:36,666
2022-11-03T14:53:27+05:30,14:53:27,662
2022-11-03T14:54:18+05:30,14:54:18,666
2022-11-03T14:55:10+05:30,14:55:10,652
2022-11-03T14:56:01+05:30,14:56:01,664
2022-11-03T14:56:53+05:30,14:56:53,686
2022-11-03T14:57:44+05:30,14:57:44,688
2022-11-03T14:58:35+05:30,14:58:35,694
2022-11-03T14:59:26+05:30,14:59:26,700
2022-11-03T15:00:17+05:30,15:00:17,714
2022-11-03T15:01:08+05:30,15:01:08,722
2022-11-03T15:02:01+05:30,15:02:01,726
2022-11-03T15:02:52+05:30,15:02:52,734
2022-11-03T15:03:43+05:30,15:03:43,740