time,Time,Calibrated,Reference Values,,,,,, 
2022-11-02T12:52:36+05:30,12:52,771.219635,396,,,,,,
2022-11-02T12:53:27+05:30,12:53,703.0575728,842,,,,,,
2022-11-02T12:54:18+05:30,12:54,627.7205567,856,,,,,,
2022-11-02T12:55:08+05:30,12:55,638.4829875,760,,,,,,
2022-11-02T12:56:00+05:30,12:56,616.9581258,654,,,,,,
2022-11-02T12:56:51+05:30,12:56,581.0833562,604,,,,,,
2022-11-02T12:57:42+05:30,12:57,572.1146638,598,,,,,,
2022-11-02T12:58:34+05:30,12:58,564.9397099,594,,,,,,
2022-11-02T12:59:24+05:30,12:59,561.3522329,566,,,,,,
2022-11-02T13:00:16+05:30,13:00,559.5584945,570,,,,,,
2022-11-02T13:01:07+05:30,13:01,588.2583101,594,,,,,,
2022-11-02T13:02:02+05:30,13:02,620.5456028,582,,,,,,
2022-11-02T13:02:53+05:30,13:02,629.5142951,564,,,,,,
2022-11-02T13:03:44+05:30,13:03,606.1956949,574,,,,,,
2022-11-02T13:05:28+05:30,13:05,616.9581258,576,,,,,,
2022-11-02T13:06:22+05:30,13:06,622.3393412,562,,,,,,
2022-11-02T13:07:13+05:30,13:07,595.433264,582,,,,,,
2022-11-02T13:08:04+05:30,13:08,563.1459714,590,,,,,,
2022-11-02T13:08:55+05:30,13:08,584.6708332,590,,,,,,
2022-11-02T13:09:46+05:30,13:09,597.2270025,592,,,,,,
2022-11-02T13:10:37+05:30,13:10,584.6708332,584,,,,,,
2022-11-02T13:11:28+05:30,13:11,602.608218,588,,,,,,
2022-11-02T13:12:18+05:30,13:12,607.9894334,586,,,,,,
2022-11-02T13:13:09+05:30,13:13,604.4019564,588,,,,,,
2022-11-02T13:14:02+05:30,13:14,609.7831719,588,,,,,,
2022-11-02T13:14:53+05:30,13:14,599.020741,606,,,,,,
2022-11-02T13:15:46+05:30,13:15,607.9894334,594,,,,,,
2022-11-02T13:16:37+05:30,13:16,606.1956949,590,,,,,,
2022-11-02T13:17:27+05:30,13:17,591.8457871,592,,,,,,
2022-11-02T13:18:18+05:30,13:18,588.2583101,606,,,,,,
2022-11-02T13:19:09+05:30,13:19,615.1643873,592,,,,,,
2022-11-02T13:20:00+05:30,13:20,611.5769104,594,,,,,,
2022-11-02T13:20:51+05:30,13:20,590.0520486,578,,,,,,
2022-11-02T13:21:41+05:30,13:21,613.3706488,580,,,,,,
2022-11-02T13:22:32+05:30,13:22,618.7518643,584,,,,,,
2022-11-02T13:23:23+05:30,13:23,611.5769104,598,,,,,,
2022-11-02T13:24:14+05:30,13:24,609.7831719,594,,,,,,
2022-11-02T13:25:05+05:30,13:25,581.0833562,606,,,,,,
2022-11-02T13:25:55+05:30,13:25,602.608218,592,,,,,,
2022-11-02T13:26:46+05:30,13:26,636.6892491,592,,,,,,
2022-11-02T13:27:37+05:30,13:27,636.6892491,592,,,,,,
2022-11-02T13:28:28+05:30,13:28,649.2454184,586,,,,,,
2022-11-02T13:29:19+05:30,13:29,631.3080336,586,,,,,,
2022-11-02T13:30:10+05:30,13:30,615.1643873,590,,,,,,
2022-11-02T13:31:00+05:30,13:31,600.8144795,594,,,,,,
2022-11-02T13:31:51+05:30,13:31,593.6395256,604,,,,,,
2022-11-02T13:32:42+05:30,13:32,622.3393412,604,,,,,,
2022-11-02T13:33:33+05:30,13:33,616.9581258,606,,,,,,
2022-11-02T13:34:24+05:30,13:34,588.2583101,586,,,,,,
2022-11-02T13:35:14+05:30,13:35,597.2270025,598,,,,,,
2022-11-02T13:36:05+05:30,13:36,620.5456028,606,,,,,,
2022-11-02T13:36:56+05:30,13:36,577.4958793,606,,,,,,
2022-11-02T13:37:47+05:30,13:37,552.3835405,592,,,,,,
2022-11-02T13:38:38+05:30,13:38,566.7334484,586,,,,,,
2022-11-02T13:39:28+05:30,13:39,599.020741,596,,,,,,
2022-11-02T13:40:19+05:30,13:40,620.5456028,582,,,,,,
2022-11-02T13:41:10+05:30,13:41,604.4019564,592,,,,,,
2022-11-02T13:42:01+05:30,13:42,591.8457871,604,,,,,,
2022-11-02T13:42:52+05:30,13:42,633.1017721,604,,,,,,
2022-11-02T13:43:42+05:30,13:43,625.9268182,600,,,,,,
2022-11-02T13:44:33+05:30,13:44,629.5142951,606,,,,,,
2022-11-02T13:45:24+05:30,13:45,631.3080336,600,,,,,,
2022-11-02T13:46:15+05:30,13:46,622.3393412,604,,,,,,
2022-11-02T13:47:06+05:30,13:47,597.2270025,608,,,,,,
2022-11-02T13:47:56+05:30,13:47,616.9581258,600,,,,,,
2022-11-02T13:48:47+05:30,13:48,622.3393412,598,,,,,,
2022-11-02T13:49:38+05:30,13:49,636.6892491,598,,,,,,
2022-11-02T13:50:29+05:30,13:50,636.6892491,588,,,,,,
2022-11-02T13:51:20+05:30,13:51,613.3706488,592,,,,,,
2022-11-02T13:52:14+05:30,13:52,588.2583101,612,,,,,,
2022-11-02T13:53:04+05:30,13:53,607.9894334,602,,,,,,
2022-11-02T13:53:55+05:30,13:53,607.9894334,588,,,,,,
2022-11-02T13:54:46+05:30,13:54,609.7831719,598,,,,,,
2022-11-02T13:55:37+05:30,13:55,615.1643873,598,,,,,,
2022-11-02T13:56:28+05:30,13:56,615.1643873,594,,,,,,
2022-11-02T13:57:18+05:30,13:57,624.1330797,628,,,,,,
2022-11-02T13:58:09+05:30,13:58,591.8457871,636,,,,,,
2022-11-02T13:59:00+05:30,13:59,611.5769104,630,,,,,,
2022-11-02T13:59:51+05:30,13:59,618.7518643,630,,,,,,
2022-11-02T14:00:42+05:30,14:00,625.9268182,640,,,,,,
2022-11-02T14:01:33+05:30,14:01,629.5142951,638,,,,,,
2022-11-02T14:02:23+05:30,14:02,611.5769104,652,,,,,,
2022-11-02T14:03:14+05:30,14:03,642.0704645,668,,,,,,
2022-11-02T14:04:05+05:30,14:04,667.1828032,674,,,,,,
2022-11-02T14:04:58+05:30,14:04,663.5953263,682,,,,,,
2022-11-02T14:05:49+05:30,14:05,643.864203,658,,,,,,
2022-11-02T14:06:40+05:30,14:06,656.4203723,662,,,,,,
2022-11-02T14:07:31+05:30,14:07,658.2141108,662,,,,,,
2022-11-02T14:08:22+05:30,14:08,652.8328954,674,,,,,,
2022-11-02T14:09:13+05:30,14:09,665.3890647,694,,,,,,
2022-11-02T14:10:04+05:30,14:10,670.7702802,694,,,,,,
2022-11-02T14:10:54+05:30,14:10,663.5953263,678,,,,,,
2022-11-02T14:11:48+05:30,14:11,692.2951419,680,,,,,,
2022-11-02T14:12:38+05:30,14:12,672.5640186,672,,,,,,
2022-11-02T14:13:29+05:30,14:13,674.3577571,654,,,,,,
2022-11-02T14:14:22+05:30,14:14,683.3264495,656,,,,,,
2022-11-02T14:15:12+05:30,14:15,661.8015878,668,,,,,,
2022-11-02T14:16:03+05:30,14:16,661.8015878,668,,,,,,
2022-11-02T14:16:55+05:30,14:16,643.864203,696,,,,,,
2022-11-02T14:17:46+05:30,14:17,651.0391569,716,,,,,,
2022-11-02T14:18:37+05:30,14:18,658.2141108,692,,,,,,
2022-11-02T14:41:07+05:30,14:41,665.3890647,760,,,,,,
2022-11-02T14:41:57+05:30,14:41,694.0888804,750,,,,,,
2022-11-02T14:42:48+05:30,14:42,713.8200037,752,,,,,,
2022-11-02T14:47:05+05:30,14:47,448.3467088,700,,,,,,
2022-11-02T14:47:56+05:30,14:47,794.5382352,712,,,,,,
2022-11-02T14:48:47+05:30,14:48,932.6560981,714,,,,,,
2022-11-02T14:49:38+05:30,14:49,873.4627283,740,,,,,,
2022-11-02T15:05:45+05:30,15:05,828.6192663,838,,,,,,
2022-11-02T15:06:36+05:30,15:06,844.7629126,828,,,,,,
2022-11-02T15:07:26+05:30,15:07,857.319082,834,,,,,,
2022-11-02T15:08:17+05:30,15:08,859.1128205,830,,,,,,
2022-11-02T15:09:08+05:30,15:09,868.0815129,838,,,,,,
2022-11-02T15:09:58+05:30,15:09,862.7002974,812,,,,,,
2022-11-02T15:10:51+05:30,15:10,859.1128205,830,,,,,,
2022-11-02T15:11:41+05:30,15:11,873.4627283,844,,,,,,
2022-11-02T15:12:32+05:30,15:12,898.575067,846,,,,,,
2022-11-02T15:13:23+05:30,15:13,891.4001131,834,,,,,,
2022-11-02T15:14:14+05:30,15:14,902.162544,848,,,,,,
2022-11-02T15:15:05+05:30,15:15,907.5437594,852,,,,,,
2022-11-02T15:15:58+05:30,15:15,887.8126361,860,,,,,,
2022-11-02T15:16:48+05:30,15:16,912.9249749,870,,,,,,
2022-11-02T15:17:39+05:30,15:17,939.831052,858,,,,,,
2022-11-02T15:18:30+05:30,15:18,943.418529,880,,,,,,
2022-11-02T15:19:21+05:30,15:19,939.831052,894,,,,,,
2022-11-02T15:20:11+05:30,15:20,972.1183447,920,,,,,,
2022-11-02T15:21:02+05:30,15:21,977.4995601,922,,,,,,
2022-11-02T15:21:53+05:30,15:21,997.2306834,882,,,,,,
2022-11-02T15:22:44+05:30,15:22,1029.517976,914,,,,,,
2022-11-02T15:23:35+05:30,15:23,1034.899191,922,,,,,,
2022-11-02T15:24:26+05:30,15:24,1067.186484,924,,,,,,
2022-11-02T15:25:16+05:30,15:25,1034.899191,932,,,,,,
2022-11-02T15:26:07+05:30,15:26,1042.074145,936,,,,,,
2022-11-02T15:26:58+05:30,15:26,1016.961807,960,,,,,,
2022-11-02T15:27:50+05:30,15:27,1025.930499,972,,,,,,
2022-11-02T15:28:42+05:30,15:28,1128.173592,986,,,,,,
2022-11-02T15:29:35+05:30,15:29,1101.267515,988,,,,,,
2022-11-02T15:30:25+05:30,15:30,1076.155176,998,,,,,,
2022-11-02T15:31:16+05:30,15:31,1092.298823,1012,,,,,,
2022-11-02T15:32:07+05:30,15:32,1086.917607,984,,,,,,
2022-11-02T15:32:58+05:30,15:32,1081.536392,988,,,,,,
2022-11-02T15:33:48+05:30,15:33,1083.33013,988,,,,,,
2022-11-02T15:34:39+05:30,15:34,1086.917607,1006,,,,,,
2022-11-02T15:35:30+05:30,15:35,1131.761069,1054,,,,,,
2022-11-02T15:36:21+05:30,15:36,1171.223316,1052,,,,,,
2022-11-02T15:37:12+05:30,15:37,1108.442469,1054,,,,,,
2022-11-02T15:38:03+05:30,15:38,1103.061254,1062,,,,,,
2022-11-02T15:38:54+05:30,15:38,1178.39827,1048,,,,,,
2022-11-02T15:39:45+05:30,15:39,1133.554808,1062,,,,,,
2022-11-02T15:40:40+05:30,15:40,1112.029946,1070,,,,,,
2022-11-02T15:41:33+05:30,15:41,1156.873408,1112,,,,,,
2022-11-02T15:42:23+05:30,15:42,1173.017054,1142,,,,,,
2022-11-02T15:43:14+05:30,15:43,1171.223316,1094,,,,,,
2022-11-02T15:44:05+05:30,15:44,446.5529703,1184,,,,,,
2022-11-02T15:44:56+05:30,15:44,1436.696611,1288,,,,,,
2022-11-02T15:45:47+05:30,15:45,1210.685562,1190,,,,,,
2022-11-02T15:46:37+05:30,15:46,1194.541916,1174,,,,,,
2022-11-02T15:47:29+05:30,15:47,1194.541916,1216,,,,,,
2022-11-02T15:48:20+05:30,15:48,1226.829209,1210,,,,,,
2022-11-02T15:49:11+05:30,15:49,1251.941547,1216,,,,,,
2022-11-02T15:50:02+05:30,15:50,1201.71687,1244,,,,,,
2022-11-02T15:50:55+05:30,15:50,1185.573224,1262,,,,,,
2022-11-02T15:51:45+05:30,15:51,1201.71687,1286,,,,,,
2022-11-02T15:53:32+05:30,15:53,1199.923132,1234,,,,,,
2022-11-02T15:54:25+05:30,15:54,1181.985747,1200,,,,,,
2022-11-02T15:55:17+05:30,15:55,1181.985747,1148,,,,,,
2022-11-02T15:56:08+05:30,15:56,1167.635839,1180,,,,,,
2022-11-02T15:56:59+05:30,15:56,1171.223316,1234,,,,,,
2022-11-02T15:57:52+05:30,15:57,1219.654255,1228,,,,,,
2022-11-02T15:58:45+05:30,15:58,1217.860516,1190,,,,,,
2022-11-02T15:59:36+05:30,15:59,1185.573224,1178,,,,,,
2022-11-02T16:00:30+05:30,16:00,1219.654255,1190,,,,,,
2022-11-02T16:01:21+05:30,16:01,1208.891824,1202,,,,,,
2022-11-02T16:02:13+05:30,16:02,1165.8421,1212,,,,,,
2022-11-02T16:03:03+05:30,16:03,1185.573224,1206,,,,,,
2022-11-02T16:03:54+05:30,16:03,1187.366962,1220,,,,,,
2022-11-02T16:04:45+05:30,16:04,1164.048362,1240,,,,,,
2022-11-02T16:05:36+05:30,16:05,1156.873408,1266,,,,,,
2022-11-02T16:06:27+05:30,16:06,1169.429577,1246,,,,,,
2022-11-02T16:07:17+05:30,16:07,1187.366962,1206,,,,,,
2022-11-02T16:08:08+05:30,16:08,1196.335655,1176,,,,,,
2022-11-02T16:08:59+05:30,16:08,1194.541916,1178,,,,,,
2022-11-02T16:09:52+05:30,16:09,1183.779485,1200,,,,,,
2022-11-02T16:10:43+05:30,16:10,1194.541916,1234,,,,,,
2022-11-02T16:11:33+05:30,16:11,1174.810793,1184,,,,,,
2022-11-02T16:12:24+05:30,16:12,1158.667146,1184,,,,,,
2022-11-02T16:13:15+05:30,16:13,1178.39827,1218,,,,,,
2022-11-02T16:14:07+05:30,16:14,1173.017054,1216,,,,,,
2022-11-02T16:14:59+05:30,16:14,1183.779485,1202,,,,,,
2022-11-02T16:15:51+05:30,16:15,1144.317239,1232,,,,,,
2022-11-02T16:16:42+05:30,16:16,1144.317239,1222,,,,,,
2022-11-02T16:17:34+05:30,16:17,1180.192008,1186,,,,,,
2022-11-02T16:18:25+05:30,16:18,1149.698454,1204,,,,,,
2022-11-02T16:19:17+05:30,16:19,1146.110977,1200,,,,,,
2022-11-02T16:20:10+05:30,16:20,1173.017054,1180,,,,,,
2022-11-02T16:21:00+05:30,16:21,1156.873408,1226,,,,,,
2022-11-02T16:21:51+05:30,16:21,1137.142285,1232,,,,,,
2022-11-02T16:22:43+05:30,16:22,1103.061254,1210,,,,,,
2022-11-02T16:23:34+05:30,16:23,1112.029946,1192,,,,,,
2022-11-02T16:24:24+05:30,16:24,1137.142285,1154,,,,,,
2022-11-02T16:25:20+05:30,16:25,1122.792377,1158,,,,,,
2022-11-02T16:26:12+05:30,16:26,1086.917607,1220,,,,,,
2022-11-02T16:27:03+05:30,16:27,1106.648731,1188,,,,,,
2022-11-02T16:27:54+05:30,16:27,1122.792377,1146,,,,,,
2022-11-02T16:28:46+05:30,16:28,1106.648731,1130,,,,,,
2022-11-02T16:29:37+05:30,16:29,1086.917607,1152,,,,,,
2022-11-02T16:30:28+05:30,16:30,1079.742653,1136,,,,,,
2022-11-02T16:31:19+05:30,16:31,1070.773961,1132,,,,,,
2022-11-02T16:32:10+05:30,16:32,1086.917607,1164,,,,,,
2022-11-02T16:33:00+05:30,16:33,1090.505084,1152,,,,,,
2022-11-02T16:33:51+05:30,16:33,1063.599007,1134,,,,,,
2022-11-02T16:34:42+05:30,16:34,1058.217792,1108,,,,,,
2022-11-02T16:35:33+05:30,16:35,1052.836576,1096,,,,,,
2022-11-02T16:36:25+05:30,16:36,1045.661622,1106,,,,,,
2022-11-02T16:37:15+05:30,16:37,1060.01153,1118,,,,,,
2022-11-02T16:38:06+05:30,16:38,1063.599007,1138,,,,,,
2022-11-02T16:38:57+05:30,16:38,1052.836576,1108,,,,,,
2022-11-02T16:39:48+05:30,16:39,1004.405637,1054,,,,,,
2022-11-02T16:40:39+05:30,16:40,1007.993114,1038,,,,,,
2022-11-02T16:41:29+05:30,16:41,1016.961807,1058,,,,,,
2022-11-02T16:42:20+05:30,16:42,1004.405637,1064,,,,,,
2022-11-02T16:43:11+05:30,16:43,995.4369449,1064,,,,,,
2022-11-02T16:44:02+05:30,16:44,1002.611899,1030,,,,,,
2022-11-02T16:44:53+05:30,16:44,1013.37433,1006,,,,,,
2022-11-02T16:45:43+05:30,16:45,959.5621753,982,,,,,,
2022-11-02T16:46:34+05:30,16:46,957.7684368,978,,,,,,
2022-11-02T16:47:26+05:30,16:47,981.0870371,970,,,,,,
2022-11-02T16:48:17+05:30,16:48,982.8807755,956,,,,,,
2022-11-02T16:49:08+05:30,16:49,968.5308677,968,,,,,,
2022-11-02T16:49:59+05:30,16:49,963.1496523,970,,,,,,
2022-11-02T16:50:50+05:30,16:50,945.2122675,962,,,,,,
2022-11-02T16:51:42+05:30,16:51,945.2122675,984,,,,,,
2022-11-02T16:52:33+05:30,16:52,952.3872214,976,,,,,,
2022-11-02T16:53:24+05:30,16:53,955.9746984,934,,,,,,
2022-11-02T16:54:14+05:30,16:54,957.7684368,954,,,,,,
2022-11-02T16:55:05+05:30,16:55,938.0373136,964,,,,,,
2022-11-02T16:55:56+05:30,16:55,925.4811442,960,,,,,,
2022-11-02T16:56:47+05:30,16:56,939.831052,934,,,,,,
2022-11-02T16:57:38+05:30,16:57,921.8936672,956,,,,,,
2022-11-02T16:58:29+05:30,16:58,911.1312364,962,,,,,,
2022-11-02T16:59:22+05:30,16:59,912.9249749,954,,,,,,
2022-11-02T17:00:13+05:30,17:00,891.4001131,938,,,,,,
2022-11-02T17:01:04+05:30,17:01,903.9562825,928,,,,,,
2022-11-02T17:01:56+05:30,17:01,921.8936672,934,,,,,,
2022-11-02T17:02:48+05:30,17:02,894.9875901,960,,,,,,
2022-11-02T17:03:39+05:30,17:03,886.0188977,938,,,,,,
2022-11-02T17:04:32+05:30,17:04,900.3688055,918,,,,,,
2022-11-02T17:05:23+05:30,17:05,912.9249749,918,,,,,,
2022-11-02T17:06:13+05:30,17:06,886.0188977,912,,,,,,
2022-11-02T17:07:06+05:30,17:07,909.3374979,890,,,,,,
2022-11-02T17:07:58+05:30,17:07,925.4811442,882,,,,,,
2022-11-02T17:08:50+05:30,17:08,896.7813285,884,,,,,,
2022-11-02T17:09:41+05:30,17:09,898.575067,886,,,,,,
2022-11-02T17:10:34+05:30,17:10,887.8126361,886,,,,,,
2022-11-02T17:11:25+05:30,17:11,886.0188977,886,,,,,,
2022-11-02T17:12:17+05:30,17:12,866.2877744,894,,,,,,
2022-11-02T17:13:08+05:30,17:13,857.319082,912,,,,,,
2022-11-02T17:14:00+05:30,17:14,900.3688055,916,,,,,,
2022-11-02T17:14:54+05:30,17:14,903.9562825,882,,,,,,
2022-11-02T17:15:45+05:30,17:15,884.2251592,894,,,,,,
2022-11-02T17:16:36+05:30,17:16,862.7002974,890,,,,,,
2022-11-02T17:17:27+05:30,17:17,857.319082,862,,,,,,
2022-11-02T17:18:19+05:30,17:18,851.9378666,836,,,,,,
2022-11-02T17:19:13+05:30,17:19,839.3816972,862,,,,,,
2022-11-02T17:20:05+05:30,17:20,826.8255279,868,,,,,,
2022-11-02T17:20:56+05:30,17:20,835.7942202,848,,,,,,
2022-11-02T17:21:47+05:30,17:21,839.3816972,852,,,,,,
2022-11-02T17:22:38+05:30,17:22,837.5879587,860,,,,,,
2022-11-02T17:23:28+05:30,17:23,830.4130048,864,,,,,,
2022-11-02T17:24:20+05:30,17:24,826.8255279,864,,,,,,
2022-11-02T17:25:11+05:30,17:25,826.8255279,858,,,,,,
2022-11-02T17:26:03+05:30,17:26,832.2067433,848,,,,,,
2022-11-02T17:26:55+05:30,17:26,844.7629126,840,,,,,,
2022-11-02T17:27:45+05:30,17:27,848.3503896,826,,,,,,
2022-11-02T17:28:37+05:30,17:28,826.8255279,828,,,,,,
2022-11-02T17:29:28+05:30,17:29,821.4443124,852,,,,,,
2022-11-02T17:30:24+05:30,17:30,825.0317894,840,,,,,,
2022-11-02T17:31:14+05:30,17:31,819.6505739,830,,,,,,
2022-11-02T17:32:04+05:30,17:32,816.063097,828,,,,,,
2022-11-02T17:32:55+05:30,17:32,846.5566511,822,,,,,,
2022-11-02T17:33:46+05:30,17:33,828.6192663,832,,,,,,
2022-11-02T17:34:38+05:30,17:34,834.0004818,836,,,,,,
2022-11-02T17:35:28+05:30,17:35,859.1128205,834,,,,,,
2022-11-02T17:36:19+05:30,17:36,859.1128205,858,,,,,,
2022-11-02T17:37:10+05:30,17:37,830.4130048,858,,,,,,
2022-11-02T17:38:01+05:30,17:38,814.2693585,846,,,,,,
2022-11-02T17:38:52+05:30,17:38,828.6192663,822,,,,,,
2022-11-02T17:39:42+05:30,17:39,821.4443124,816,,,,,,
2022-11-02T17:40:33+05:30,17:40,832.2067433,812,,,,,,
2022-11-02T17:41:24+05:30,17:41,839.3816972,808,,,,,,
2022-11-02T17:42:15+05:30,17:42,832.2067433,816,,,,,,
2022-11-02T17:43:06+05:30,17:43,830.4130048,820,,,,,,
2022-11-02T17:43:56+05:30,17:43,807.0944046,820,,,,,,
2022-11-02T17:44:47+05:30,17:44,740.7260809,808,,,,,,
2022-11-02T17:45:39+05:30,17:45,747.9010348,816,,,,,,
2022-11-02T17:46:30+05:30,17:46,812.47562,828,,,,,,
2022-11-02T17:47:21+05:30,17:47,821.4443124,818,,,,,,
2022-11-02T17:48:11+05:30,17:48,817.8568355,818,,,,,,
2022-11-02T17:49:02+05:30,17:49,787.3632813,808,,,,,,
2022-11-02T17:49:53+05:30,17:49,773.0133735,792,,,,,,
2022-11-02T17:50:44+05:30,17:50,769.4258965,778,,,,,,
2022-11-02T17:51:35+05:30,17:51,773.0133735,776,,,,,,
2022-11-02T17:52:25+05:30,17:52,762.2509426,778,,,,,,
2022-11-02T17:53:16+05:30,17:53,776.6008504,770,,,,,,
2022-11-02T17:54:07+05:30,17:54,771.219635,760,,,,,,
2022-11-02T17:55:00+05:30,17:55,771.219635,772,,,,,,
2022-11-02T17:55:51+05:30,17:55,789.1570198,762,,,,,,
2022-11-02T17:56:45+05:30,17:56,790.9507583,758,,,,,,
2022-11-02T17:57:35+05:30,17:57,769.4258965,780,,,,,,
2022-11-02T17:58:30+05:30,17:58,764.0446811,778,,,,,,
2022-11-02T17:59:21+05:30,17:59,767.632158,770,,,,,,
2022-11-02T18:00:12+05:30,18:00,781.9820659,772,,,,,,
2022-11-02T18:01:08+05:30,18:01,792.7444968,756,,,,,,
2022-11-02T18:01:59+05:30,18:01,794.5382352,750,,,,,,
2022-11-02T18:02:50+05:30,18:02,765.8384196,764,,,,,,
2022-11-02T18:03:41+05:30,18:03,746.1072963,780,,,,,,
2022-11-02T18:04:32+05:30,18:04,764.0446811,768,,,,,,
2022-11-02T18:05:22+05:30,18:05,796.3319737,766,,,,,,
2022-11-02T18:06:13+05:30,18:06,781.9820659,774,,,,,,
2022-11-02T18:07:04+05:30,18:07,755.0759887,780,,,,,,
2022-11-02T18:07:56+05:30,18:07,747.9010348,766,,,,,,
2022-11-02T18:08:47+05:30,18:08,724.5824345,764,,,,,,
2022-11-02T18:09:37+05:30,18:09,735.3448654,770,,,,,,
2022-11-02T18:10:28+05:30,18:10,742.5198193,762,,,,,,
2022-11-02T18:11:19+05:30,18:11,719.2012191,744,,,,,,
2022-11-02T18:12:10+05:30,18:12,719.2012191,746,,,,,,
2022-11-02T18:13:01+05:30,18:13,735.3448654,752,,,,,,
2022-11-02T18:13:51+05:30,18:13,738.9323424,758,,,,,,
2022-11-02T18:14:42+05:30,18:14,746.1072963,754,,,,,,
2022-11-02T18:15:33+05:30,18:15,738.9323424,764,,,,,,
2022-11-02T18:17:19+05:30,18:17,742.5198193,772,,,,,,
2022-11-02T18:18:09+05:30,18:18,740.7260809,760,,,,,,
2022-11-02T18:19:00+05:30,18:19,742.5198193,758,,,,,,
2022-11-02T18:19:51+05:30,18:19,746.1072963,756,,,,,,
2022-11-02T18:20:43+05:30,18:20,747.9010348,778,,,,,,
2022-11-02T18:21:34+05:30,18:21,733.5511269,776,,,,,,
2022-11-02T18:22:24+05:30,18:22,744.3135578,748,,,,,,
2022-11-02T18:23:15+05:30,18:23,738.9323424,742,,,,,,
2022-11-02T18:24:06+05:30,18:24,753.2822502,764,,,,,,
2022-11-02T18:24:57+05:30,18:24,764.0446811,774,,,,,,
2022-11-02T18:25:47+05:30,18:25,767.632158,764,,,,,,
2022-11-02T18:26:38+05:30,18:26,756.8697272,754,,,,,,
2022-11-02T18:27:31+05:30,18:27,755.0759887,764,,,,,,
2022-11-02T18:28:22+05:30,18:28,774.807112,770,,,,,,
2022-11-02T18:29:13+05:30,18:29,785.5695428,778,,,,,,
2022-11-02T18:30:04+05:30,18:30,769.4258965,780,,,,,,
2022-11-02T18:30:55+05:30,18:30,756.8697272,786,,,,,,
2022-11-02T18:31:46+05:30,18:31,762.2509426,788,,,,,,
2022-11-02T18:32:37+05:30,18:32,780.1883274,782,,,,,,
2022-11-02T18:33:28+05:30,18:33,792.7444968,792,,,,,,
2022-11-02T18:34:18+05:30,18:34,778.3945889,788,,,,,,
2022-11-02T18:35:09+05:30,18:35,771.219635,784,,,,,,
2022-11-02T18:36:00+05:30,18:36,769.4258965,780,,,,,,
2022-11-02T18:36:52+05:30,18:36,767.632158,784,,,,,,
2022-11-02T18:37:42+05:30,18:37,776.6008504,798,,,,,,
2022-11-02T18:38:33+05:30,18:38,776.6008504,790,,,,,,
2022-11-02T18:39:25+05:30,18:39,796.3319737,786,,,,,,
2022-11-02T18:40:16+05:30,18:40,807.0944046,806,,,,,,
2022-11-02T18:41:07+05:30,18:41,790.9507583,804,,,,,,
2022-11-02T18:41:58+05:30,18:41,776.6008504,794,,,,,,
2022-11-02T18:42:48+05:30,18:42,785.5695428,794,,,,,,
2022-11-02T18:43:39+05:30,18:43,781.9820659,806,,,,,,
2022-11-02T18:44:31+05:30,18:44,773.0133735,806,,,,,,
2022-11-02T18:45:22+05:30,18:45,785.5695428,790,,,,,,
2022-11-02T18:46:12+05:30,18:46,776.6008504,788,,,,,,
2022-11-02T18:47:03+05:30,18:47,781.9820659,770,,,,,,
2022-11-02T18:47:54+05:30,18:47,794.5382352,780,,,,,,
2022-11-02T18:48:45+05:30,18:48,796.3319737,806,,,,,,
2022-11-02T18:49:36+05:30,18:49,787.3632813,810,,,,,,
2022-11-02T18:50:26+05:30,18:50,787.3632813,800,,,,,,
2022-11-02T18:51:17+05:30,18:51,796.3319737,784,,,,,,
2022-11-02T18:52:08+05:30,18:52,778.3945889,786,,,,,,
2022-11-02T18:52:59+05:30,18:52,758.6634656,786,,,,,,
2022-11-02T18:53:50+05:30,18:53,765.8384196,794,,,,,,
2022-11-02T18:54:41+05:30,18:54,778.3945889,790,,,,,,
2022-11-02T18:55:32+05:30,18:55,762.2509426,792,,,,,,
2022-11-02T18:56:23+05:30,18:56,774.807112,786,,,,,,
2022-11-02T18:57:14+05:30,18:57,776.6008504,790,,,,,,
2022-11-02T18:58:05+05:30,18:58,785.5695428,800,,,,,,
2022-11-02T18:58:55+05:30,18:58,769.4258965,792,,,,,,
2022-11-02T18:59:46+05:30,18:59,773.0133735,774,,,,,,
2022-11-02T19:00:40+05:30,19:00,783.7758044,784,,,,,,
2022-11-02T19:01:30+05:30,19:01,762.2509426,780,,,,,,
2022-11-02T19:02:21+05:30,19:02,756.8697272,782,,,,,,
2022-11-02T19:03:12+05:30,19:03,789.1570198,792,,,,,,
2022-11-02T19:04:04+05:30,19:04,792.7444968,794,,,,,,
2022-11-02T19:04:55+05:30,19:04,778.3945889,792,,,,,,
2022-11-02T19:05:46+05:30,19:05,753.2822502,780,,,,,,
2022-11-02T19:06:36+05:30,19:06,792.7444968,768,,,,,,
2022-11-02T19:07:27+05:30,19:07,798.1257122,774,,,,,,
2022-11-02T19:08:18+05:30,19:08,774.807112,772,,,,,,
2022-11-02T19:09:10+05:30,19:09,785.5695428,774,,,,,,
2022-11-02T19:10:01+05:30,19:10,799.9194507,780,,,,,,
2022-11-02T19:10:53+05:30,19:10,767.632158,792,,,,,,
2022-11-02T19:11:44+05:30,19:11,758.6634656,792,,,,,,
2022-11-02T19:12:36+05:30,19:12,778.3945889,792,,,,,,
2022-11-02T19:13:27+05:30,19:13,776.6008504,794,,,,,,
2022-11-02T19:14:17+05:30,19:14,796.3319737,790,,,,,,
2022-11-02T19:15:08+05:30,19:15,792.7444968,790,,,,,,
2022-11-02T19:15:59+05:30,19:15,774.807112,796,,,,,,
2022-11-02T19:16:50+05:30,19:16,760.4572041,780,,,,,,
2022-11-02T19:17:41+05:30,19:17,773.0133735,798,,,,,,
2022-11-02T19:18:33+05:30,19:18,756.8697272,802,,,,,,
2022-11-02T19:19:24+05:30,19:19,749.6947733,796,,,,,,
2022-11-02T19:20:15+05:30,19:20,773.0133735,802,,,,,,
2022-11-02T19:21:06+05:30,19:21,785.5695428,806,,,,,,
2022-11-02T19:21:57+05:30,19:21,764.0446811,790,,,,,,
2022-11-02T19:22:49+05:30,19:22,746.1072963,790,,,,,,
2022-11-02T19:23:39+05:30,19:23,740.7260809,786,,,,,,
2022-11-02T19:24:30+05:30,19:24,765.8384196,794,,,,,,
2022-11-02T19:25:21+05:30,19:25,764.0446811,784,,,,,,
2022-11-02T19:26:11+05:30,19:26,753.2822502,760,,,,,,
2022-11-02T19:27:02+05:30,19:27,756.8697272,768,,,,,,
2022-11-02T19:27:53+05:30,19:27,771.219635,774,,,,,,
2022-11-02T19:28:44+05:30,19:28,751.4885117,776,,,,,,
2022-11-02T19:29:36+05:30,19:29,762.2509426,754,,,,,,
2022-11-02T19:30:26+05:30,19:30,790.9507583,766,,,,,,
2022-11-02T19:31:18+05:30,19:31,796.3319737,782,,,,,,
2022-11-02T19:32:11+05:30,19:32,769.4258965,776,,,,,,
2022-11-02T19:33:02+05:30,19:33,774.807112,768,,,,,,
2022-11-02T19:33:53+05:30,19:33,771.219635,772,,,,,,
2022-11-02T19:34:43+05:30,19:34,792.7444968,788,,,,,,
2022-11-02T19:35:35+05:30,19:35,787.3632813,800,,,,,,
2022-11-02T19:36:26+05:30,19:36,780.1883274,778,,,,,,
2022-11-02T19:37:17+05:30,19:37,771.219635,792,,,,,,
2022-11-02T19:38:08+05:30,19:38,767.632158,806,,,,,,
2022-11-02T19:38:58+05:30,19:38,755.0759887,802,,,,,,
2022-11-02T19:39:49+05:30,19:39,753.2822502,784,,,,,,
2022-11-02T19:40:40+05:30,19:40,760.4572041,796,,,,,,
2022-11-02T19:41:31+05:30,19:41,767.632158,804,,,,,,
2022-11-02T19:42:21+05:30,19:42,756.8697272,804,,,,,,
2022-11-02T19:43:12+05:30,19:43,758.6634656,798,,,,,,
2022-11-02T19:44:04+05:30,19:44,778.3945889,794,,,,,,
2022-11-02T19:44:55+05:30,19:44,773.0133735,794,,,,,,
2022-11-02T19:45:46+05:30,19:45,764.0446811,790,,,,,,
2022-11-02T19:46:36+05:30,19:46,764.0446811,780,,,,,,
2022-11-02T19:47:27+05:30,19:47,773.0133735,782,,,,,,
2022-11-02T19:48:19+05:30,19:48,771.219635,772,,,,,,
2022-11-02T19:49:10+05:30,19:49,778.3945889,768,,,,,,
2022-11-02T19:50:01+05:30,19:50,771.219635,766,,,,,,
2022-11-02T19:50:51+05:30,19:50,765.8384196,778,,,,,,
2022-11-02T19:51:42+05:30,19:51,781.9820659,788,,,,,,
2022-11-02T19:52:33+05:30,19:52,774.807112,786,,,,,,
2022-11-02T19:53:25+05:30,19:53,801.7131891,792,,,,,,
2022-11-02T19:54:16+05:30,19:54,778.3945889,794,,,,,,
2022-11-02T19:55:06+05:30,19:55,776.6008504,784,,,,,,
2022-11-02T19:55:57+05:30,19:55,780.1883274,788,,,,,,
2022-11-02T19:56:48+05:30,19:56,776.6008504,776,,,,,,
2022-11-02T19:57:39+05:30,19:57,773.0133735,790,,,,,,
2022-11-02T19:58:30+05:30,19:58,774.807112,786,,,,,,
2022-11-02T19:59:20+05:30,19:59,769.4258965,774,,,,,,
2022-11-02T20:00:11+05:30,20:00,771.219635,786,,,,,,
2022-11-02T20:01:02+05:30,20:01,780.1883274,798,,,,,,
2022-11-02T20:01:53+05:30,20:01,780.1883274,788,,,,,,
2022-11-02T20:02:45+05:30,20:02,781.9820659,774,,,,,,
2022-11-02T20:03:36+05:30,20:03,773.0133735,796,,,,,,
2022-11-02T20:04:27+05:30,20:04,755.0759887,806,,,,,,
2022-11-02T20:05:19+05:30,20:05,789.1570198,776,,,,,,
2022-11-02T20:06:11+05:30,20:06,799.9194507,776,,,,,,
2022-11-02T20:07:02+05:30,20:07,783.7758044,788,,,,,,
2022-11-02T20:07:52+05:30,20:07,769.4258965,804,,,,,,
2022-11-02T20:08:43+05:30,20:08,756.8697272,800,,,,,,
2022-11-02T20:09:34+05:30,20:09,769.4258965,800,,,,,,
2022-11-02T20:10:25+05:30,20:10,769.4258965,798,,,,,,
2022-11-02T20:11:15+05:30,20:11,773.0133735,788,,,,,,
2022-11-02T20:12:06+05:30,20:12,794.5382352,774,,,,,,
2022-11-02T20:12:57+05:30,20:12,792.7444968,782,,,,,,
2022-11-02T20:13:48+05:30,20:13,787.3632813,788,,,,,,
2022-11-02T20:14:39+05:30,20:14,796.3319737,812,,,,,,
2022-11-02T20:15:29+05:30,20:15,781.9820659,804,,,,,,
2022-11-02T20:16:20+05:30,20:16,771.219635,798,,,,,,
2022-11-02T20:17:11+05:30,20:17,792.7444968,798,,,,,,
2022-11-02T20:18:04+05:30,20:18,798.1257122,798,,,,,,
2022-11-02T20:18:55+05:30,20:18,785.5695428,802,,,,,,
2022-11-02T20:19:45+05:30,20:19,774.807112,786,,,,,,
2022-11-02T20:20:36+05:30,20:20,799.9194507,786,,,,,,
2022-11-02T20:21:27+05:30,20:21,785.5695428,780,,,,,,
2022-11-02T20:22:18+05:30,20:22,765.8384196,782,,,,,,
2022-11-02T20:23:12+05:30,20:23,780.1883274,774,,,,,,
2022-11-02T20:24:03+05:30,20:24,790.9507583,794,,,,,,
2022-11-02T20:24:54+05:30,20:24,792.7444968,798,,,,,,
2022-11-02T20:25:45+05:30,20:25,783.7758044,790,,,,,,
2022-11-02T20:26:36+05:30,20:26,794.5382352,774,,,,,,
2022-11-02T20:27:26+05:30,20:27,803.5069276,766,,,,,,
2022-11-02T20:28:17+05:30,20:28,789.1570198,760,,,,,,
2022-11-02T20:29:08+05:30,20:29,780.1883274,774,,,,,,
2022-11-02T20:29:59+05:30,20:29,773.0133735,782,,,,,,
2022-11-02T20:30:50+05:30,20:30,769.4258965,764,,,,,,
2022-11-02T20:31:41+05:30,20:31,773.0133735,760,,,,,,
2022-11-02T20:32:35+05:30,20:32,765.8384196,770,,,,,,
2022-11-02T20:33:27+05:30,20:33,767.632158,788,,,,,,
2022-11-02T20:34:18+05:30,20:34,785.5695428,778,,,,,,
2022-11-02T20:35:09+05:30,20:35,792.7444968,780,,,,,,
2022-11-02T20:36:00+05:30,20:36,785.5695428,782,,,,,,
2022-11-02T20:36:50+05:30,20:36,778.3945889,764,,,,,,
2022-11-02T20:37:41+05:30,20:37,764.0446811,794,,,,,,
2022-11-02T20:38:32+05:30,20:38,758.6634656,806,,,,,,
2022-11-02T20:39:23+05:30,20:39,762.2509426,790,,,,,,
2022-11-02T20:40:13+05:30,20:40,805.3006661,776,,,,,,
2022-11-02T20:41:04+05:30,20:41,830.4130048,784,,,,,,
2022-11-02T20:41:55+05:30,20:41,825.0317894,766,,,,,,
2022-11-02T20:42:46+05:30,20:42,814.2693585,828,,,,,,
2022-11-02T20:43:38+05:30,20:43,816.063097,902,,,,,,
2022-11-02T20:44:28+05:30,20:44,826.8255279,882,,,,,,
2022-11-02T20:45:19+05:30,20:45,837.5879587,856,,,,,,
2022-11-02T20:46:10+05:30,20:46,830.4130048,852,,,,,,
2022-11-02T20:47:01+05:30,20:47,826.8255279,850,,,,,,
2022-11-02T20:47:52+05:30,20:47,825.0317894,842,,,,,,
2022-11-02T20:48:42+05:30,20:48,825.0317894,842,,,,,,
2022-11-02T20:49:33+05:30,20:49,828.6192663,836,,,,,,
2022-11-02T20:50:24+05:30,20:50,828.6192663,822,,,,,,
2022-11-02T20:51:15+05:30,20:51,868.0815129,828,,,,,,
2022-11-02T20:52:07+05:30,20:52,855.5253435,838,,,,,,
2022-11-02T20:52:57+05:30,20:52,844.7629126,836,,,,,,
2022-11-02T20:53:49+05:30,20:53,844.7629126,830,,,,,,
2022-11-02T20:54:40+05:30,20:54,846.5566511,826,,,,,,
2022-11-02T20:55:31+05:30,20:55,868.0815129,838,,,,,,
2022-11-02T20:56:22+05:30,20:56,850.1441281,846,,,,,,
2022-11-02T20:57:12+05:30,20:57,842.9691742,844,,,,,,
2022-11-02T20:58:03+05:30,20:58,859.1128205,834,,,,,,
2022-11-02T20:58:55+05:30,20:58,850.1441281,814,,,,,,
2022-11-02T20:59:46+05:30,20:59,830.4130048,812,,,,,,
2022-11-02T21:00:37+05:30,21:00,832.2067433,826,,,,,,
2022-11-02T21:01:27+05:30,21:01,877.0502053,848,,,,,,
2022-11-02T21:02:20+05:30,21:02,862.7002974,842,,,,,,
2022-11-02T21:03:11+05:30,21:03,857.319082,842,,,,,,
2022-11-02T21:04:02+05:30,21:04,842.9691742,848,,,,,,
2022-11-02T21:04:52+05:30,21:04,857.319082,852,,,,,,
2022-11-02T21:05:43+05:30,21:05,873.4627283,866,,,,,,
2022-11-02T21:06:34+05:30,21:06,877.0502053,866,,,,,,
2022-11-02T21:07:25+05:30,21:07,864.4940359,856,,,,,,
2022-11-02T21:08:16+05:30,21:08,871.6689898,854,,,,,,
2022-11-02T21:09:06+05:30,21:09,860.906559,884,,,,,,
2022-11-02T21:09:58+05:30,21:09,868.0815129,882,,,,,,
2022-11-02T21:10:49+05:30,21:10,884.2251592,852,,,,,,
2022-11-02T21:11:40+05:30,21:11,878.8439437,856,,,,,,
2022-11-02T21:12:30+05:30,21:12,887.8126361,880,,,,,,
2022-11-02T21:13:21+05:30,21:13,891.4001131,890,,,,,,
2022-11-02T21:14:12+05:30,21:14,891.4001131,880,,,,,,
2022-11-02T21:15:03+05:30,21:15,853.731605,892,,,,,,
2022-11-02T21:15:54+05:30,21:15,859.1128205,900,,,,,,
2022-11-02T21:16:44+05:30,21:16,887.8126361,894,,,,,,
2022-11-02T21:17:35+05:30,21:17,889.6063746,876,,,,,,
2022-11-02T21:18:26+05:30,21:18,893.1938516,872,,,,,,
2022-11-02T21:19:18+05:30,21:19,886.0188977,906,,,,,,
2022-11-02T21:20:09+05:30,21:20,905.7500209,926,,,,,,
2022-11-02T21:20:59+05:30,21:20,929.0686212,926,,,,,,
2022-11-02T21:21:50+05:30,21:21,923.6874057,916,,,,,,
2022-11-02T21:22:41+05:30,21:22,911.1312364,894,,,,,,
2022-11-02T21:23:32+05:30,21:23,893.1938516,876,,,,,,
2022-11-02T21:24:24+05:30,21:24,864.4940359,868,,,,,,
2022-11-02T21:25:14+05:30,21:25,866.2877744,878,,,,,,
2022-11-02T21:26:05+05:30,21:26,878.8439437,872,,,,,,
2022-11-02T21:26:56+05:30,21:26,887.8126361,872,,,,,,
2022-11-02T21:27:47+05:30,21:27,869.8752514,870,,,,,,
2022-11-02T21:28:38+05:30,21:28,868.0815129,856,,,,,,
2022-11-02T21:29:28+05:30,21:29,896.7813285,852,,,,,,
2022-11-02T21:30:19+05:30,21:30,916.5124518,852,,,,,,
2022-11-02T21:31:10+05:30,21:31,929.0686212,874,,,,,,
2022-11-02T21:32:01+05:30,21:32,898.575067,884,,,,,,
2022-11-02T21:32:55+05:30,21:32,900.3688055,880,,,,,,
2022-11-02T21:33:46+05:30,21:33,896.7813285,878,,,,,,
2022-11-02T21:34:38+05:30,21:34,907.5437594,882,,,,,,
2022-11-02T21:35:29+05:30,21:35,911.1312364,888,,,,,,
2022-11-02T21:36:20+05:30,21:36,862.7002974,880,,,,,,
2022-11-02T21:37:10+05:30,21:37,875.2564668,870,,,,,,
2022-11-02T21:38:01+05:30,21:38,868.0815129,866,,,,,,
2022-11-02T21:38:53+05:30,21:38,862.7002974,872,,,,,,
2022-11-02T21:39:48+05:30,21:39,846.5566511,868,,,,,,
2022-11-02T21:40:39+05:30,21:40,848.3503896,862,,,,,,
2022-11-02T21:41:29+05:30,21:41,902.162544,870,,,,,,
2022-11-02T21:42:20+05:30,21:42,894.9875901,870,,,,,,
2022-11-02T21:43:11+05:30,21:43,877.0502053,868,,,,,,
2022-11-02T21:44:03+05:30,21:44,907.5437594,866,,,,,,
2022-11-02T21:44:54+05:30,21:44,900.3688055,888,,,,,,
2022-11-02T21:45:44+05:30,21:45,853.731605,888,,,,,,
2022-11-02T21:46:35+05:30,21:46,848.3503896,872,,,,,,
2022-11-02T21:47:26+05:30,21:47,857.319082,870,,,,,,
2022-11-02T21:48:17+05:30,21:48,884.2251592,872,,,,,,
2022-11-02T21:49:08+05:30,21:49,893.1938516,902,,,,,,
2022-11-02T21:49:58+05:30,21:49,914.7187133,900,,,,,,
2022-11-02T21:50:52+05:30,21:50,896.7813285,888,,,,,,
2022-11-02T21:51:43+05:30,21:51,898.575067,872,,,,,,
2022-11-02T21:52:34+05:30,21:52,886.0188977,868,,,,,,
2022-11-02T21:53:24+05:30,21:53,878.8439437,872,,,,,,
2022-11-02T21:54:16+05:30,21:54,898.575067,878,,,,,,
2022-11-02T21:55:08+05:30,21:55,882.4314207,878,,,,,,
2022-11-02T21:55:59+05:30,21:55,868.0815129,870,,,,,,
2022-11-02T21:56:50+05:30,21:56,864.4940359,882,,,,,,
2022-11-02T21:57:40+05:30,21:57,871.6689898,884,,,,,,
2022-11-02T21:58:31+05:30,21:58,864.4940359,872,,,,,,
2022-11-02T21:59:22+05:30,21:59,878.8439437,866,,,,,,
2022-11-02T22:00:16+05:30,22:00,882.4314207,874,,,,,,
2022-11-02T22:01:08+05:30,22:01,878.8439437,878,,,,,,
2022-11-02T22:01:58+05:30,22:01,898.575067,900,,,,,,
2022-11-02T22:02:49+05:30,22:02,916.5124518,916,,,,,,
2022-11-02T22:03:40+05:30,22:03,896.7813285,900,,,,,,
2022-11-02T22:04:31+05:30,22:04,864.4940359,878,,,,,,
2022-11-02T22:05:21+05:30,22:05,896.7813285,870,,,,,,
2022-11-02T22:06:12+05:30,22:06,907.5437594,868,,,,,,
2022-11-02T22:07:03+05:30,22:07,886.0188977,878,,,,,,
2022-11-02T22:07:54+05:30,22:07,884.2251592,860,,,,,,
2022-11-02T22:08:45+05:30,22:08,871.6689898,862,,,,,,
2022-11-02T22:09:35+05:30,22:09,868.0815129,874,,,,,,
2022-11-02T22:10:27+05:30,22:10,903.9562825,862,,,,,,
2022-11-02T22:11:18+05:30,22:11,912.9249749,862,,,,,,
2022-11-02T22:12:10+05:30,22:12,882.4314207,864,,,,,,
2022-11-02T22:13:00+05:30,22:13,903.9562825,858,,,,,,
2022-11-02T22:13:50+05:30,22:13,893.1938516,842,,,,,,
2022-11-02T22:14:41+05:30,22:14,896.7813285,860,,,,,,
2022-11-02T22:15:32+05:30,22:15,866.2877744,890,,,,,,
2022-11-02T22:16:23+05:30,22:16,886.0188977,880,,,,,,
2022-11-02T22:17:16+05:30,22:17,903.9562825,878,,,,,,
2022-11-02T22:18:06+05:30,22:18,911.1312364,874,,,,,,
2022-11-02T22:18:57+05:30,22:18,907.5437594,882,,,,,,
2022-11-02T22:19:48+05:30,22:19,911.1312364,886,,,,,,
2022-11-02T22:20:39+05:30,22:20,893.1938516,860,,,,,,
2022-11-02T22:21:30+05:30,22:21,891.4001131,860,,,,,,
2022-11-02T22:22:20+05:30,22:22,869.8752514,882,,,,,,
2022-11-02T22:23:11+05:30,22:23,869.8752514,876,,,,,,
2022-11-02T22:24:02+05:30,22:24,914.7187133,876,,,,,,
2022-11-02T22:24:53+05:30,22:24,914.7187133,890,,,,,,
2022-11-02T22:25:44+05:30,22:25,902.162544,884,,,,,,
2022-11-02T22:26:34+05:30,22:26,900.3688055,886,,,,,,
2022-11-02T22:27:25+05:30,22:27,871.6689898,880,,,,,,
2022-11-02T22:28:16+05:30,22:28,875.2564668,878,,,,,,
2022-11-02T22:29:07+05:30,22:29,841.1754357,898,,,,,,
2022-11-02T22:30:00+05:30,22:30,884.2251592,904,,,,,,
2022-11-02T22:30:52+05:30,22:30,894.9875901,876,,,,,,
2022-11-02T22:31:43+05:30,22:31,889.6063746,850,,,,,,
2022-11-02T22:32:34+05:30,22:32,878.8439437,868,,,,,,
2022-11-02T22:33:26+05:30,22:33,875.2564668,874,,,,,,
2022-11-02T22:34:19+05:30,22:34,909.3374979,872,,,,,,
2022-11-02T22:35:12+05:30,22:35,920.0999288,878,,,,,,
2022-11-02T22:36:03+05:30,22:36,914.7187133,880,,,,,,
2022-11-02T22:36:54+05:30,22:36,896.7813285,894,,,,,,
2022-11-02T22:37:45+05:30,22:37,887.8126361,900,,,,,,
2022-11-02T22:38:35+05:30,22:38,893.1938516,888,,,,,,
2022-11-02T22:39:26+05:30,22:39,923.6874057,900,,,,,,
2022-11-02T22:40:17+05:30,22:40,921.8936672,892,,,,,,
2022-11-02T22:41:08+05:30,22:41,907.5437594,886,,,,,,
2022-11-02T22:41:58+05:30,22:41,921.8936672,896,,,,,,
2022-11-02T22:42:50+05:30,22:42,898.575067,876,,,,,,
2022-11-02T22:43:41+05:30,22:43,880.6376822,878,,,,,,
2022-11-02T22:44:32+05:30,22:44,903.9562825,878,,,,,,
2022-11-02T22:45:23+05:30,22:45,911.1312364,896,,,,,,
2022-11-02T22:46:13+05:30,22:46,909.3374979,894,,,,,,
2022-11-02T22:47:04+05:30,22:47,873.4627283,874,,,,,,
2022-11-02T22:47:55+05:30,22:47,868.0815129,872,,,,,,
2022-11-02T22:48:46+05:30,22:48,866.2877744,898,,,,,,
2022-11-02T22:49:37+05:30,22:49,869.8752514,912,,,,,,
2022-11-02T22:50:27+05:30,22:50,912.9249749,880,,,,,,
2022-11-02T22:51:18+05:30,22:51,884.2251592,872,,,,,,
2022-11-02T22:52:12+05:30,22:52,871.6689898,874,,,,,,
2022-11-02T22:53:03+05:30,22:53,886.0188977,886,,,,,,
2022-11-02T22:53:53+05:30,22:53,889.6063746,888,,,,,,
2022-11-02T22:54:44+05:30,22:54,900.3688055,882,,,,,,
2022-11-02T22:55:35+05:30,22:55,882.4314207,892,,,,,,
2022-11-02T22:56:26+05:30,22:56,894.9875901,900,,,,,,
2022-11-02T22:57:17+05:30,22:57,891.4001131,898,,,,,,
2022-11-02T22:58:07+05:30,22:58,878.8439437,886,,,,,,
2022-11-02T22:58:59+05:30,22:58,878.8439437,884,,,,,,
2022-11-02T22:59:50+05:30,22:59,889.6063746,892,,,,,,
2022-11-02T23:00:41+05:30,23:00,894.9875901,890,,,,,,
2022-11-02T23:01:34+05:30,23:01,882.4314207,874,,,,,,
2022-11-02T23:02:25+05:30,23:02,880.6376822,868,,,,,,
2022-11-02T23:03:17+05:30,23:03,887.8126361,878,,,,,,
2022-11-02T23:04:08+05:30,23:04,898.575067,880,,,,,,
2022-11-02T23:04:59+05:30,23:04,889.6063746,880,,,,,,
2022-11-02T23:05:49+05:30,23:05,868.0815129,862,,,,,,
2022-11-02T23:06:40+05:30,23:06,884.2251592,862,,,,,,
2022-11-02T23:07:31+05:30,23:07,880.6376822,868,,,,,,
2022-11-02T23:08:22+05:30,23:08,886.0188977,872,,,,,,
2022-11-02T23:09:13+05:30,23:09,862.7002974,858,,,,,,
2022-11-02T23:10:03+05:30,23:10,848.3503896,858,,,,,,
2022-11-02T23:10:54+05:30,23:10,864.4940359,884,,,,,,
2022-11-02T23:11:45+05:30,23:11,886.0188977,878,,,,,,
2022-11-02T23:12:36+05:30,23:12,875.2564668,862,,,,,,
2022-11-02T23:13:28+05:30,23:13,844.7629126,862,,,,,,
2022-11-02T23:14:18+05:30,23:14,844.7629126,858,,,,,,
2022-11-02T23:15:09+05:30,23:15,844.7629126,844,,,,,,
2022-11-02T23:16:00+05:30,23:16,857.319082,850,,,,,,
2022-11-02T23:16:51+05:30,23:16,855.5253435,862,,,,,,
2022-11-02T23:17:41+05:30,23:17,855.5253435,850,,,,,,
2022-11-02T23:18:32+05:30,23:18,850.1441281,852,,,,,,
2022-11-02T23:19:23+05:30,23:19,816.063097,840,,,,,,
2022-11-02T23:20:14+05:30,23:20,835.7942202,840,,,,,,
2022-11-02T23:21:05+05:30,23:21,837.5879587,838,,,,,,
2022-11-02T23:21:55+05:30,23:21,842.9691742,842,,,,,,
2022-11-02T23:22:46+05:30,23:22,828.6192663,846,,,,,,
2022-11-02T23:23:37+05:30,23:23,848.3503896,854,,,,,,
2022-11-02T23:24:28+05:30,23:24,871.6689898,870,,,,,,
2022-11-02T23:25:19+05:30,23:25,853.731605,860,,,,,,
2022-11-02T23:26:09+05:30,23:26,837.5879587,842,,,,,,
2022-11-02T23:27:00+05:30,23:27,857.319082,838,,,,,,
2022-11-02T23:27:51+05:30,23:27,848.3503896,848,,,,,,
2022-11-02T23:28:42+05:30,23:28,842.9691742,850,,,,,,
2022-11-02T23:29:35+05:30,23:29,844.7629126,842,,,,,,
2022-11-02T23:30:26+05:30,23:30,841.1754357,840,,,,,,
2022-11-02T23:31:17+05:30,23:31,855.5253435,862,,,,,,
2022-11-02T23:32:08+05:30,23:32,828.6192663,848,,,,,,
2022-11-02T23:32:59+05:30,23:32,817.8568355,852,,,,,,
2022-11-02T23:33:50+05:30,23:33,855.5253435,864,,,,,,
2022-11-02T23:34:41+05:30,23:34,868.0815129,842,,,,,,
2022-11-02T23:35:32+05:30,23:35,855.5253435,832,,,,,,
2022-11-02T23:36:23+05:30,23:36,828.6192663,862,,,,,,
2022-11-02T23:37:14+05:30,23:37,844.7629126,858,,,,,,
2022-11-02T23:38:04+05:30,23:38,835.7942202,844,,,,,,
2022-11-02T23:38:55+05:30,23:38,841.1754357,856,,,,,,
2022-11-02T23:39:46+05:30,23:39,877.0502053,846,,,,,,
2022-11-02T23:40:37+05:30,23:40,903.9562825,824,,,,,,
2022-11-02T23:41:28+05:30,23:41,886.0188977,836,,,,,,
2022-11-02T23:42:18+05:30,23:42,842.9691742,862,,,,,,
2022-11-02T23:43:09+05:30,23:43,842.9691742,852,,,,,,
2022-11-02T23:44:01+05:30,23:44,850.1441281,832,,,,,,
2022-11-02T23:44:52+05:30,23:44,841.1754357,830,,,,,,
2022-11-02T23:45:42+05:30,23:45,859.1128205,834,,,,,,
2022-11-02T23:46:33+05:30,23:46,880.6376822,844,,,,,,
2022-11-02T23:47:24+05:30,23:47,878.8439437,842,,,,,,
2022-11-02T23:48:15+05:30,23:48,848.3503896,830,,,,,,
2022-11-02T23:49:06+05:30,23:49,832.2067433,822,,,,,,
2022-11-02T23:49:56+05:30,23:49,828.6192663,810,,,,,,
2022-11-02T23:50:47+05:30,23:50,834.0004818,806,,,,,,
2022-11-02T23:51:38+05:30,23:51,816.063097,834,,,,,,
2022-11-02T23:52:29+05:30,23:52,826.8255279,870,,,,,,
2022-11-02T23:53:21+05:30,23:53,835.7942202,900,,,,,,
2022-11-02T23:54:11+05:30,23:54,866.2877744,862,,,,,,
2022-11-02T23:55:02+05:30,23:55,871.6689898,856,,,,,,
2022-11-02T23:55:53+05:30,23:55,900.3688055,860,,,,,,
2022-11-02T23:56:44+05:30,23:56,893.1938516,870,,,,,,
2022-11-02T23:57:34+05:30,23:57,893.1938516,884,,,,,,
2022-11-02T23:58:25+05:30,23:58,882.4314207,902,,,,,,
2022-11-02T23:59:16+05:30,23:59,841.1754357,890,,,,,,
2022-11-03T00:00:07+05:30,00:00,859.1128205,900,,,,,,
2022-11-03T00:00:58+05:30,00:00,889.6063746,898,,,,,,
2022-11-03T00:01:48+05:30,00:01,878.8439437,884,,,,,,
2022-11-03T00:02:39+05:30,00:02,882.4314207,878,,,,,,
2022-11-03T00:03:30+05:30,00:03,873.4627283,880,,,,,,
2022-11-03T00:04:21+05:30,00:04,886.0188977,904,,,,,,
2022-11-03T00:05:12+05:30,00:05,1027.724238,918,,,,,,
2022-11-03T00:06:02+05:30,00:06,925.4811442,888,,,,,,
2022-11-03T00:06:53+05:30,00:06,875.2564668,864,,,,,,
2022-11-03T00:07:47+05:30,00:07,903.9562825,882,,,,,,
2022-11-03T00:08:38+05:30,00:08,893.1938516,876,,,,,,
2022-11-03T00:09:28+05:30,00:09,871.6689898,852,,,,,,
2022-11-03T00:10:19+05:30,00:10,880.6376822,854,,,,,,
2022-11-03T00:11:10+05:30,00:11,846.5566511,872,,,,,,
2022-11-03T00:12:01+05:30,00:12,755.0759887,872,,,,,,
2022-11-03T00:12:52+05:30,00:12,726.376173,846,,,,,,
2022-11-03T00:13:42+05:30,00:13,724.5824345,824,,,,,,
2022-11-03T00:14:33+05:30,00:14,731.7573885,820,,,,,,
2022-11-03T00:15:24+05:30,00:15,728.1699115,780,,,,,,
2022-11-03T00:16:15+05:30,00:16,717.4074806,770,,,,,,
2022-11-03T00:17:07+05:30,00:17,717.4074806,764,,,,,,
2022-11-03T00:17:57+05:30,00:17,729.96365,758,,,,,,
2022-11-03T00:18:49+05:30,00:18,744.3135578,762,,,,,,
2022-11-03T00:19:42+05:30,00:19,735.3448654,746,,,,,,
2022-11-03T00:20:34+05:30,00:20,722.7886961,752,,,,,,
2022-11-03T00:21:24+05:30,00:21,715.6137421,774,,,,,,
2022-11-03T00:22:15+05:30,00:22,719.2012191,758,,,,,,
2022-11-03T00:23:06+05:30,00:23,717.4074806,736,,,,,,
2022-11-03T00:23:57+05:30,00:23,728.1699115,746,,,,,,
2022-11-03T00:24:47+05:30,00:24,729.96365,736,,,,,,
2022-11-03T00:25:38+05:30,00:25,701.2638343,728,,,,,,
2022-11-03T00:26:29+05:30,00:26,681.532711,732,,,,,,
2022-11-03T00:27:21+05:30,00:27,679.7389726,746,,,,,,
2022-11-03T00:28:12+05:30,00:28,676.1514956,736,,,,,,
2022-11-03T00:29:02+05:30,00:29,645.6579415,726,,,,,,
2022-11-03T00:29:53+05:30,00:29,631.3080336,718,,,,,,
2022-11-03T00:30:44+05:30,00:30,622.3393412,706,,,,,,
2022-11-03T00:31:35+05:30,00:31,620.5456028,670,,,,,,
2022-11-03T00:32:26+05:30,00:32,611.5769104,660,,,,,,
2022-11-03T00:33:16+05:30,00:33,604.4019564,660,,,,,,
2022-11-03T00:34:08+05:30,00:34,607.9894334,668,,,,,,
2022-11-03T00:34:59+05:30,00:34,602.608218,672,,,,,,
2022-11-03T00:35:50+05:30,00:35,595.433264,678,,,,,,
2022-11-03T00:36:41+05:30,00:36,590.0520486,672,,,,,,
2022-11-03T00:37:31+05:30,00:37,588.2583101,660,,,,,,
2022-11-03T00:38:22+05:30,00:38,597.2270025,656,,,,,,
2022-11-03T00:39:13+05:30,00:39,600.8144795,668,,,,,,
2022-11-03T00:40:04+05:30,00:40,575.7021408,664,,,,,,
2022-11-03T00:40:54+05:30,00:40,572.1146638,664,,,,,,
2022-11-03T00:41:45+05:30,00:41,584.6708332,660,,,,,,
2022-11-03T00:42:36+05:30,00:42,588.2583101,664,,,,,,
2022-11-03T00:43:30+05:30,00:43,573.9084023,656,,,,,,
2022-11-03T00:44:21+05:30,00:44,572.1146638,644,,,,,,
2022-11-03T00:45:11+05:30,00:45,566.7334484,650,,,,,,
2022-11-03T00:46:05+05:30,00:46,543.4148482,658,,,,,,
2022-11-03T00:46:55+05:30,00:46,543.4148482,660,,,,,,
2022-11-03T00:47:46+05:30,00:47,547.0023251,646,,,,,,
2022-11-03T00:48:37+05:30,00:48,563.1459714,616,,,,,,
2022-11-03T00:49:28+05:30,00:49,550.5898021,620,,,,,,
2022-11-03T00:50:19+05:30,00:50,564.9397099,642,,,,,,
2022-11-03T00:51:10+05:30,00:51,573.9084023,638,,,,,,
2022-11-03T00:52:01+05:30,00:52,570.3209253,636,,,,,,
2022-11-03T00:52:51+05:30,00:52,563.1459714,624,,,,,,
2022-11-03T00:53:42+05:30,00:53,563.1459714,610,,,,,,
2022-11-03T00:54:33+05:30,00:54,552.3835405,612,,,,,,
2022-11-03T00:55:24+05:30,00:55,534.4461558,632,,,,,,
2022-11-03T00:56:15+05:30,00:56,532.6524173,634,,,,,,
2022-11-03T00:57:05+05:30,00:57,547.0023251,624,,,,,,
2022-11-03T00:57:56+05:30,00:57,550.5898021,630,,,,,,
2022-11-03T00:58:49+05:30,00:58,534.4461558,642,,,,,,
2022-11-03T00:59:40+05:30,00:59,539.8273712,618,,,,,,
2022-11-03T01:00:31+05:30,01:00,557.764756,602,,,,,,
2022-11-03T01:01:21+05:30,01:01,559.5584945,604,,,,,,
2022-11-03T01:02:12+05:30,01:02,552.3835405,610,,,,,,
2022-11-03T01:03:03+05:30,01:03,555.9710175,616,,,,,,
2022-11-03T01:03:54+05:30,01:03,545.2085866,596,,,,,,
2022-11-03T01:04:45+05:30,01:04,541.6211097,594,,,,,,
2022-11-03T01:05:35+05:30,01:05,538.0336327,618,,,,,,
2022-11-03T01:06:26+05:30,01:06,538.0336327,616,,,,,,
2022-11-03T01:07:17+05:30,01:07,536.2398942,602,,,,,,
2022-11-03T01:08:08+05:30,01:08,532.6524173,608,,,,,,
2022-11-03T01:08:59+05:30,01:08,536.2398942,594,,,,,,
2022-11-03T01:09:49+05:30,01:09,536.2398942,598,,,,,,
2022-11-03T01:10:40+05:30,01:10,523.6837249,610,,,,,,
2022-11-03T01:11:31+05:30,01:11,523.6837249,624,,,,,,
2022-11-03T01:12:22+05:30,01:12,532.6524173,648,,,,,,
2022-11-03T01:13:12+05:30,01:13,541.6211097,646,,,,,,
2022-11-03T01:14:03+05:30,01:14,538.0336327,620,,,,,,
2022-11-03T01:14:54+05:30,01:14,534.4461558,600,,,,,,
2022-11-03T01:15:45+05:30,01:15,530.8586788,598,,,,,,
2022-11-03T01:16:36+05:30,01:16,539.8273712,610,,,,,,
2022-11-03T01:17:26+05:30,01:17,521.8899864,602,,,,,,
2022-11-03T01:18:17+05:30,01:18,516.508771,576,,,,,,
2022-11-03T01:19:08+05:30,01:19,516.508771,556,,,,,,
2022-11-03T01:19:59+05:30,01:19,520.0962479,574,,,,,,
2022-11-03T01:20:51+05:30,01:20,529.0649403,578,,,,,,
2022-11-03T01:21:41+05:30,01:21,525.4774634,576,,,,,,
2022-11-03T01:22:32+05:30,01:22,514.7150325,566,,,,,,
2022-11-03T01:23:23+05:30,01:23,511.1275555,568,,,,,,
2022-11-03T01:24:14+05:30,01:24,507.5400786,570,,,,,,
2022-11-03T01:25:07+05:30,01:25,509.333817,570,,,,,,
2022-11-03T01:25:57+05:30,01:25,503.9526016,572,,,,,,
2022-11-03T01:26:48+05:30,01:26,502.1588631,570,,,,,,
2022-11-03T01:27:39+05:30,01:27,500.3651247,574,,,,,,
2022-11-03T01:28:30+05:30,01:28,500.3651247,578,,,,,,
2022-11-03T01:29:20+05:30,01:29,512.921294,572,,,,,,
2022-11-03T01:30:11+05:30,01:30,496.7776477,572,,,,,,
2022-11-03T01:31:02+05:30,01:31,489.6026938,578,,,,,,
2022-11-03T01:31:53+05:30,01:31,484.2214783,576,,,,,,
2022-11-03T01:32:44+05:30,01:32,496.7776477,570,,,,,,
2022-11-03T01:33:36+05:30,01:33,494.9839092,560,,,,,,
2022-11-03T01:34:26+05:30,01:34,503.9526016,564,,,,,,
2022-11-03T01:35:17+05:30,01:35,503.9526016,562,,,,,,
2022-11-03T01:36:08+05:30,01:36,500.3651247,548,,,,,,
2022-11-03T01:36:59+05:30,01:36,489.6026938,554,,,,,,
2022-11-03T01:37:49+05:30,01:37,482.4277399,546,,,,,,
2022-11-03T01:38:40+05:30,01:38,486.0152168,550,,,,,,
2022-11-03T01:39:31+05:30,01:39,484.2214783,552,,,,,,
2022-11-03T01:40:22+05:30,01:40,473.4590475,558,,,,,,
2022-11-03T01:41:13+05:30,01:41,484.2214783,560,,,,,,
2022-11-03T01:42:03+05:30,01:42,480.6340014,562,,,,,,
2022-11-03T01:42:54+05:30,01:42,487.8089553,562,,,,,,
2022-11-03T01:43:45+05:30,01:43,493.1901707,572,,,,,,
2022-11-03T01:44:36+05:30,01:44,489.6026938,564,,,,,,
2022-11-03T01:45:27+05:30,01:45,482.4277399,546,,,,,,
2022-11-03T01:46:17+05:30,01:46,471.665309,550,,,,,,
2022-11-03T01:47:08+05:30,01:47,473.4590475,546,,,,,,
2022-11-03T01:47:59+05:30,01:47,475.2527859,544,,,,,,
2022-11-03T01:48:50+05:30,01:48,487.8089553,550,,,,,,
2022-11-03T01:49:40+05:30,01:49,478.8402629,554,,,,,,
2022-11-03T01:50:31+05:30,01:50,484.2214783,560,,,,,,
2022-11-03T01:51:22+05:30,01:51,473.4590475,538,,,,,,
2022-11-03T01:52:13+05:30,01:52,473.4590475,554,,,,,,
2022-11-03T01:53:04+05:30,01:53,471.665309,554,,,,,,
2022-11-03T01:53:57+05:30,01:53,475.2527859,548,,,,,,
2022-11-03T01:54:48+05:30,01:54,471.665309,550,,,,,,
2022-11-03T01:55:39+05:30,01:55,471.665309,558,,,,,,
2022-11-03T01:56:31+05:30,01:56,471.665309,554,,,,,,
2022-11-03T01:57:23+05:30,01:57,471.665309,548,,,,,,
2022-11-03T01:58:13+05:30,01:58,473.4590475,542,,,,,,
2022-11-03T01:59:04+05:30,01:59,473.4590475,530,,,,,,
2022-11-03T01:59:55+05:30,01:59,471.665309,544,,,,,,
2022-11-03T02:00:46+05:30,02:00,473.4590475,532,,,,,,
2022-11-03T02:01:38+05:30,02:01,473.4590475,526,,,,,,
2022-11-03T02:02:28+05:30,02:02,471.665309,550,,,,,,
2022-11-03T02:03:19+05:30,02:03,469.8715705,548,,,,,,
2022-11-03T02:04:10+05:30,02:04,469.8715705,528,,,,,,
2022-11-03T02:05:01+05:30,02:05,471.665309,504,,,,,,
2022-11-03T02:05:51+05:30,02:05,471.665309,498,,,,,,
2022-11-03T02:06:42+05:30,02:06,471.665309,524,,,,,,
2022-11-03T02:07:33+05:30,02:07,468.077832,528,,,,,,
2022-11-03T02:08:24+05:30,02:08,468.077832,530,,,,,,
2022-11-03T02:09:15+05:30,02:09,468.077832,528,,,,,,
2022-11-03T02:10:05+05:30,02:10,471.665309,528,,,,,,
2022-11-03T02:10:56+05:30,02:10,471.665309,514,,,,,,
2022-11-03T02:11:47+05:30,02:11,471.665309,524,,,,,,
2022-11-03T02:12:38+05:30,02:12,471.665309,538,,,,,,
2022-11-03T02:13:29+05:30,02:13,471.665309,528,,,,,,
2022-11-03T02:14:19+05:30,02:14,471.665309,516,,,,,,
2022-11-03T02:15:10+05:30,02:15,471.665309,516,,,,,,
2022-11-03T02:16:01+05:30,02:16,469.8715705,518,,,,,,
2022-11-03T02:16:52+05:30,02:16,469.8715705,526,,,,,,
2022-11-03T02:17:42+05:30,02:17,469.8715705,522,,,,,,
2022-11-03T02:18:32+05:30,02:18,469.8715705,516,,,,,,
2022-11-03T02:19:23+05:30,02:19,469.8715705,520,,,,,,
2022-11-03T02:20:14+05:30,02:20,473.4590475,500,,,,,,
2022-11-03T02:21:05+05:30,02:21,471.665309,506,,,,,,
2022-11-03T02:21:56+05:30,02:21,468.077832,500,,,,,,
2022-11-03T02:22:46+05:30,02:22,469.8715705,490,,,,,,
2022-11-03T02:23:37+05:30,02:23,471.665309,498,,,,,,
2022-11-03T02:24:28+05:30,02:24,469.8715705,496,,,,,,
2022-11-03T02:25:19+05:30,02:25,468.077832,516,,,,,,
2022-11-03T02:26:10+05:30,02:26,468.077832,514,,,,,,
2022-11-03T02:27:00+05:30,02:27,471.665309,510,,,,,,
2022-11-03T02:27:51+05:30,02:27,471.665309,498,,,,,,
2022-11-03T02:28:42+05:30,02:28,469.8715705,490,,,,,,
2022-11-03T02:29:33+05:30,02:29,468.077832,512,,,,,,
2022-11-03T02:30:24+05:30,02:30,468.077832,496,,,,,,
2022-11-03T02:31:14+05:30,02:31,468.077832,484,,,,,,
2022-11-03T02:32:05+05:30,02:32,468.077832,470,,,,,,
2022-11-03T02:32:56+05:30,02:32,468.077832,476,,,,,,
2022-11-03T02:33:47+05:30,02:33,468.077832,510,,,,,,
2022-11-03T02:34:38+05:30,02:34,466.2840935,518,,,,,,
2022-11-03T02:35:29+05:30,02:35,468.077832,508,,,,,,
2022-11-03T02:36:20+05:30,02:36,471.665309,502,,,,,,
2022-11-03T02:37:11+05:30,02:37,469.8715705,498,,,,,,
2022-11-03T02:38:02+05:30,02:38,469.8715705,498,,,,,,
2022-11-03T02:38:52+05:30,02:38,466.2840935,484,,,,,,
2022-11-03T02:39:43+05:30,02:39,468.077832,488,,,,,,
2022-11-03T02:40:36+05:30,02:40,471.665309,510,,,,,,
2022-11-03T02:41:27+05:30,02:41,469.8715705,514,,,,,,
2022-11-03T02:42:18+05:30,02:42,468.077832,504,,,,,,
2022-11-03T02:43:08+05:30,02:43,466.2840935,514,,,,,,
2022-11-03T02:43:59+05:30,02:43,464.4903551,506,,,,,,
2022-11-03T02:44:50+05:30,02:44,462.6966166,512,,,,,,
2022-11-03T02:45:41+05:30,02:45,466.2840935,518,,,,,,
2022-11-03T02:46:32+05:30,02:46,466.2840935,516,,,,,,
2022-11-03T02:47:22+05:30,02:47,466.2840935,498,,,,,,
2022-11-03T02:48:13+05:30,02:48,466.2840935,496,,,,,,
2022-11-03T02:49:04+05:30,02:49,466.2840935,504,,,,,,
2022-11-03T02:49:55+05:30,02:49,466.2840935,498,,,,,,
2022-11-03T02:50:46+05:30,02:50,464.4903551,492,,,,,,
2022-11-03T02:51:36+05:30,02:51,464.4903551,486,,,,,,
2022-11-03T02:52:27+05:30,02:52,466.2840935,498,,,,,,
2022-11-03T02:53:18+05:30,02:53,466.2840935,482,,,,,,
2022-11-03T02:54:09+05:30,02:54,466.2840935,472,,,,,,
2022-11-03T02:55:01+05:30,02:55,464.4903551,468,,,,,,
2022-11-03T02:55:51+05:30,02:55,464.4903551,494,,,,,,
2022-11-03T02:56:42+05:30,02:56,462.6966166,504,,,,,,
2022-11-03T02:57:33+05:30,02:57,464.4903551,482,,,,,,
2022-11-03T02:58:24+05:30,02:58,464.4903551,480,,,,,,
2022-11-03T02:59:14+05:30,02:59,464.4903551,480,,,,,,
2022-11-03T03:00:05+05:30,03:00,462.6966166,484,,,,,,
2022-11-03T03:00:56+05:30,03:00,464.4903551,488,,,,,,
2022-11-03T03:01:47+05:30,03:01,464.4903551,476,,,,,,
2022-11-03T03:02:38+05:30,03:02,462.6966166,478,,,,,,
2022-11-03T03:03:28+05:30,03:03,464.4903551,480,,,,,,
2022-11-03T03:04:19+05:30,03:04,464.4903551,470,,,,,,
2022-11-03T03:05:10+05:30,03:05,464.4903551,482,,,,,,
2022-11-03T03:06:01+05:30,03:06,460.9028781,486,,,,,,
2022-11-03T03:06:52+05:30,03:06,464.4903551,468,,,,,,
2022-11-03T03:07:42+05:30,03:07,466.2840935,464,,,,,,
2022-11-03T03:08:33+05:30,03:08,464.4903551,468,,,,,,
2022-11-03T03:09:25+05:30,03:09,464.4903551,470,,,,,,
2022-11-03T03:10:16+05:30,03:10,464.4903551,466,,,,,,
2022-11-03T03:11:06+05:30,03:11,466.2840935,476,,,,,,
2022-11-03T03:11:56+05:30,03:11,468.077832,482,,,,,,
2022-11-03T03:12:47+05:30,03:12,468.077832,468,,,,,,
2022-11-03T03:13:38+05:30,03:13,464.4903551,460,,,,,,
2022-11-03T03:14:29+05:30,03:14,464.4903551,454,,,,,,
2022-11-03T03:15:20+05:30,03:15,464.4903551,460,,,,,,
2022-11-03T03:16:10+05:30,03:16,460.9028781,468,,,,,,
2022-11-03T03:17:01+05:30,03:17,460.9028781,462,,,,,,
2022-11-03T03:17:52+05:30,03:17,460.9028781,462,,,,,,
2022-11-03T03:18:43+05:30,03:18,464.4903551,464,,,,,,
2022-11-03T03:19:34+05:30,03:19,464.4903551,462,,,,,,
2022-11-03T03:20:24+05:30,03:20,462.6966166,460,,,,,,
2022-11-03T03:21:15+05:30,03:21,464.4903551,454,,,,,,
2022-11-03T03:22:06+05:30,03:22,462.6966166,458,,,,,,
2022-11-03T03:22:57+05:30,03:22,462.6966166,462,,,,,,
2022-11-03T03:23:50+05:30,03:23,464.4903551,470,,,,,,
2022-11-03T03:24:42+05:30,03:24,462.6966166,460,,,,,,
2022-11-03T03:25:33+05:30,03:25,464.4903551,460,,,,,,
2022-11-03T03:26:24+05:30,03:26,464.4903551,462,,,,,,
2022-11-03T03:27:15+05:30,03:27,464.4903551,460,,,,,,
2022-11-03T03:28:05+05:30,03:28,464.4903551,446,,,,,,
2022-11-03T03:28:56+05:30,03:28,462.6966166,468,,,,,,
2022-11-03T03:29:47+05:30,03:29,462.6966166,454,,,,,,
2022-11-03T03:30:38+05:30,03:30,462.6966166,450,,,,,,
2022-11-03T03:31:29+05:30,03:31,462.6966166,456,,,,,,
2022-11-03T03:32:19+05:30,03:32,464.4903551,456,,,,,,
2022-11-03T03:33:10+05:30,03:33,464.4903551,462,,,,,,
2022-11-03T03:34:01+05:30,03:34,464.4903551,464,,,,,,
2022-11-03T03:34:52+05:30,03:34,462.6966166,446,,,,,,
2022-11-03T03:35:43+05:30,03:35,464.4903551,446,,,,,,
2022-11-03T03:36:33+05:30,03:36,466.2840935,454,,,,,,
2022-11-03T03:37:25+05:30,03:37,464.4903551,460,,,,,,
2022-11-03T03:38:16+05:30,03:38,462.6966166,458,,,,,,
2022-11-03T03:39:07+05:30,03:39,460.9028781,450,,,,,,
2022-11-03T03:39:58+05:30,03:39,462.6966166,450,,,,,,
2022-11-03T03:40:48+05:30,03:40,459.1091396,442,,,,,,
2022-11-03T03:41:39+05:30,03:41,459.1091396,450,,,,,,
2022-11-03T03:42:30+05:30,03:42,460.9028781,460,,,,,,
2022-11-03T03:43:21+05:30,03:43,460.9028781,460,,,,,,
2022-11-03T03:44:12+05:30,03:44,460.9028781,446,,,,,,
2022-11-03T03:45:02+05:30,03:45,460.9028781,446,,,,,,
2022-11-03T03:45:53+05:30,03:45,460.9028781,440,,,,,,
2022-11-03T03:46:44+05:30,03:46,462.6966166,434,,,,,,
2022-11-03T03:47:35+05:30,03:47,460.9028781,436,,,,,,
2022-11-03T03:48:25+05:30,03:48,459.1091396,436,,,,,,
2022-11-03T03:49:16+05:30,03:49,460.9028781,454,,,,,,
2022-11-03T03:50:07+05:30,03:50,460.9028781,468,,,,,,
2022-11-03T03:50:58+05:30,03:50,460.9028781,464,,,,,,
2022-11-03T03:51:49+05:30,03:51,462.6966166,448,,,,,,
2022-11-03T03:52:39+05:30,03:52,462.6966166,452,,,,,,
2022-11-03T03:53:30+05:30,03:53,460.9028781,464,,,,,,
2022-11-03T03:54:21+05:30,03:54,457.3154012,460,,,,,,
2022-11-03T03:55:12+05:30,03:55,457.3154012,444,,,,,,
2022-11-03T03:56:03+05:30,03:56,459.1091396,436,,,,,,
2022-11-03T03:56:53+05:30,03:56,457.3154012,446,,,,,,
2022-11-03T03:57:44+05:30,03:57,457.3154012,456,,,,,,
2022-11-03T03:58:35+05:30,03:58,459.1091396,452,,,,,,
2022-11-03T03:59:26+05:30,03:59,460.9028781,446,,,,,,
2022-11-03T04:00:17+05:30,04:00,459.1091396,446,,,,,,
2022-11-03T04:01:06+05:30,04:01,459.1091396,438,,,,,,
2022-11-03T04:01:57+05:30,04:01,459.1091396,444,,,,,,
2022-11-03T04:02:48+05:30,04:02,457.3154012,456,,,,,,
2022-11-03T04:03:39+05:30,04:03,455.5216627,448,,,,,,
2022-11-03T04:04:30+05:30,04:04,457.3154012,452,,,,,,
2022-11-03T04:05:20+05:30,04:05,459.1091396,448,,,,,,
2022-11-03T04:06:11+05:30,04:06,459.1091396,438,,,,,,
2022-11-03T04:07:02+05:30,04:07,457.3154012,444,,,,,,
2022-11-03T04:07:53+05:30,04:07,457.3154012,446,,,,,,
2022-11-03T04:08:44+05:30,04:08,459.1091396,450,,,,,,
2022-11-03T04:09:34+05:30,04:09,462.6966166,450,,,,,,
2022-11-03T04:10:25+05:30,04:10,462.6966166,458,,,,,,
2022-11-03T04:11:16+05:30,04:11,462.6966166,460,,,,,,
2022-11-03T04:12:07+05:30,04:12,462.6966166,462,,,,,,
2022-11-03T04:12:58+05:30,04:12,460.9028781,446,,,,,,
2022-11-03T04:13:48+05:30,04:13,460.9028781,442,,,,,,
2022-11-03T04:14:39+05:30,04:14,460.9028781,460,,,,,,
2022-11-03T04:15:30+05:30,04:15,460.9028781,458,,,,,,
2022-11-03T04:16:21+05:30,04:16,460.9028781,460,,,,,,
2022-11-03T04:17:11+05:30,04:17,460.9028781,448,,,,,,
2022-11-03T04:18:02+05:30,04:18,460.9028781,438,,,,,,
2022-11-03T04:18:53+05:30,04:18,460.9028781,442,,,,,,
2022-11-03T04:19:44+05:30,04:19,460.9028781,442,,,,,,
2022-11-03T04:20:35+05:30,04:20,460.9028781,436,,,,,,
2022-11-03T04:21:25+05:30,04:21,460.9028781,458,,,,,,
2022-11-03T04:22:16+05:30,04:22,460.9028781,468,,,,,,
2022-11-03T04:23:06+05:30,04:23,460.9028781,454,,,,,,
2022-11-03T04:23:57+05:30,04:23,459.1091396,424,,,,,,
2022-11-03T04:24:47+05:30,04:24,457.3154012,442,,,,,,
2022-11-03T04:25:37+05:30,04:25,460.9028781,446,,,,,,
2022-11-03T04:26:28+05:30,04:26,462.6966166,448,,,,,,
2022-11-03T04:27:19+05:30,04:27,460.9028781,446,,,,,,
2022-11-03T04:28:10+05:30,04:28,460.9028781,430,,,,,,
2022-11-03T04:29:01+05:30,04:29,460.9028781,424,,,,,,
2022-11-03T04:29:51+05:30,04:29,459.1091396,422,,,,,,
2022-11-03T04:30:42+05:30,04:30,460.9028781,424,,,,,,
2022-11-03T04:31:33+05:30,04:31,460.9028781,446,,,,,,
2022-11-03T04:32:24+05:30,04:32,459.1091396,446,,,,,,
2022-11-03T04:33:15+05:30,04:33,457.3154012,424,,,,,,
2022-11-03T04:34:05+05:30,04:34,457.3154012,426,,,,,,
2022-11-03T04:34:56+05:30,04:34,459.1091396,440,,,,,,
2022-11-03T04:35:47+05:30,04:35,459.1091396,424,,,,,,
2022-11-03T04:36:38+05:30,04:36,455.5216627,424,,,,,,
2022-11-03T04:37:29+05:30,04:37,459.1091396,434,,,,,,
2022-11-03T04:38:18+05:30,04:38,460.9028781,460,,,,,,
2022-11-03T04:39:09+05:30,04:39,459.1091396,456,,,,,,
2022-11-03T04:40:00+05:30,04:40,457.3154012,440,,,,,,
2022-11-03T04:40:51+05:30,04:40,459.1091396,442,,,,,,
2022-11-03T04:41:42+05:30,04:41,457.3154012,432,,,,,,
2022-11-03T04:42:32+05:30,04:42,459.1091396,424,,,,,,
2022-11-03T04:43:23+05:30,04:43,457.3154012,424,,,,,,
2022-11-03T04:44:14+05:30,04:44,459.1091396,426,,,,,,
2022-11-03T04:45:05+05:30,04:45,460.9028781,434,,,,,,
2022-11-03T04:45:55+05:30,04:45,460.9028781,440,,,,,,
2022-11-03T04:46:46+05:30,04:46,460.9028781,436,,,,,,
2022-11-03T04:47:37+05:30,04:47,462.6966166,424,,,,,,
2022-11-03T04:48:28+05:30,04:48,462.6966166,424,,,,,,
2022-11-03T04:49:19+05:30,04:49,459.1091396,434,,,,,,
2022-11-03T04:50:09+05:30,04:50,460.9028781,432,,,,,,
2022-11-03T04:51:00+05:30,04:51,460.9028781,430,,,,,,
2022-11-03T04:51:51+05:30,04:51,460.9028781,442,,,,,,
2022-11-03T04:52:42+05:30,04:52,460.9028781,438,,,,,,
2022-11-03T04:53:33+05:30,04:53,459.1091396,424,,,,,,
2022-11-03T04:54:23+05:30,04:54,457.3154012,424,,,,,,
2022-11-03T04:55:14+05:30,04:55,459.1091396,424,,,,,,
2022-11-03T04:56:05+05:30,04:56,460.9028781,424,,,,,,
2022-11-03T04:56:56+05:30,04:56,459.1091396,426,,,,,,
2022-11-03T04:57:46+05:30,04:57,460.9028781,424,,,,,,
2022-11-03T04:58:36+05:30,04:58,459.1091396,424,,,,,,
2022-11-03T04:59:27+05:30,04:59,460.9028781,436,,,,,,
2022-11-03T05:00:18+05:30,05:00,460.9028781,438,,,,,,
2022-11-03T05:01:09+05:30,05:01,459.1091396,438,,,,,,
2022-11-03T05:02:00+05:30,05:02,459.1091396,428,,,,,,
2022-11-03T05:02:50+05:30,05:02,460.9028781,430,,,,,,
2022-11-03T05:03:41+05:30,05:03,459.1091396,440,,,,,,
2022-11-03T05:04:32+05:30,05:04,457.3154012,432,,,,,,
2022-11-03T05:05:23+05:30,05:05,459.1091396,428,,,,,,
2022-11-03T05:06:14+05:30,05:06,459.1091396,426,,,,,,
2022-11-03T05:07:04+05:30,05:07,459.1091396,436,,,,,,
2022-11-03T05:07:55+05:30,05:07,457.3154012,440,,,,,,
2022-11-03T05:08:46+05:30,05:08,457.3154012,444,,,,,,
2022-11-03T05:09:37+05:30,05:09,455.5216627,440,,,,,,
2022-11-03T05:10:28+05:30,05:10,457.3154012,440,,,,,,
2022-11-03T05:11:18+05:30,05:11,457.3154012,442,,,,,,
2022-11-03T05:12:09+05:30,05:12,459.1091396,436,,,,,,
2022-11-03T05:13:00+05:30,05:13,459.1091396,438,,,,,,
2022-11-03T05:13:51+05:30,05:13,459.1091396,450,,,,,,
2022-11-03T05:14:42+05:30,05:14,460.9028781,452,,,,,,
2022-11-03T05:15:32+05:30,05:15,459.1091396,448,,,,,,
2022-11-03T05:16:23+05:30,05:16,457.3154012,434,,,,,,
2022-11-03T05:17:14+05:30,05:17,459.1091396,444,,,,,,
2022-11-03T05:18:05+05:30,05:18,459.1091396,438,,,,,,
2022-11-03T05:18:56+05:30,05:18,459.1091396,432,,,,,,
2022-11-03T05:19:46+05:30,05:19,460.9028781,430,,,,,,
2022-11-03T05:20:37+05:30,05:20,459.1091396,446,,,,,,
2022-11-03T05:21:28+05:30,05:21,457.3154012,442,,,,,,
2022-11-03T05:22:19+05:30,05:22,457.3154012,424,,,,,,
2022-11-03T05:23:09+05:30,05:23,459.1091396,422,,,,,,
2022-11-03T05:24:00+05:30,05:24,459.1091396,424,,,,,,
2022-11-03T05:24:51+05:30,05:24,459.1091396,432,,,,,,
2022-11-03T05:25:42+05:30,05:25,459.1091396,434,,,,,,
2022-11-03T05:26:33+05:30,05:26,460.9028781,424,,,,,,
2022-11-03T05:27:23+05:30,05:27,459.1091396,422,,,,,,
2022-11-03T05:28:14+05:30,05:28,457.3154012,436,,,,,,
2022-11-03T05:29:05+05:30,05:29,459.1091396,438,,,,,,
2022-11-03T05:29:56+05:30,05:29,460.9028781,424,,,,,,
2022-11-03T05:30:47+05:30,05:30,459.1091396,432,,,,,,
2022-11-03T05:31:36+05:30,05:31,457.3154012,444,,,,,,
2022-11-03T05:32:27+05:30,05:32,459.1091396,450,,,,,,
2022-11-03T05:33:18+05:30,05:33,460.9028781,450,,,,,,
2022-11-03T05:34:09+05:30,05:34,457.3154012,450,,,,,,
2022-11-03T05:35:00+05:30,05:35,457.3154012,434,,,,,,
2022-11-03T05:35:50+05:30,05:35,457.3154012,428,,,,,,
2022-11-03T05:36:41+05:30,05:36,457.3154012,424,,,,,,
2022-11-03T05:37:32+05:30,05:37,460.9028781,430,,,,,,
2022-11-03T05:38:23+05:30,05:38,459.1091396,432,,,,,,
2022-11-03T05:39:14+05:30,05:39,459.1091396,434,,,,,,
2022-11-03T05:40:05+05:30,05:40,457.3154012,436,,,,,,
2022-11-03T05:40:56+05:30,05:40,457.3154012,436,,,,,,
2022-11-03T05:41:47+05:30,05:41,455.5216627,436,,,,,,
2022-11-03T05:42:38+05:30,05:42,457.3154012,444,,,,,,
2022-11-03T05:43:29+05:30,05:43,460.9028781,446,,,,,,
2022-11-03T05:44:19+05:30,05:44,459.1091396,450,,,,,,
2022-11-03T05:45:10+05:30,05:45,457.3154012,440,,,,,,
2022-11-03T05:46:01+05:30,05:46,455.5216627,436,,,,,,
2022-11-03T05:46:52+05:30,05:46,457.3154012,436,,,,,,
2022-11-03T05:47:43+05:30,05:47,459.1091396,424,,,,,,
2022-11-03T05:48:33+05:30,05:48,457.3154012,424,,,,,,
2022-11-03T05:49:24+05:30,05:49,457.3154012,424,,,,,,
2022-11-03T05:50:15+05:30,05:50,457.3154012,432,,,,,,
2022-11-03T05:51:06+05:30,05:51,457.3154012,430,,,,,,
2022-11-03T05:51:56+05:30,05:51,457.3154012,438,,,,,,
2022-11-03T05:52:47+05:30,05:52,457.3154012,434,,,,,,
2022-11-03T05:53:38+05:30,05:53,459.1091396,428,,,,,,
2022-11-03T05:54:29+05:30,05:54,459.1091396,424,,,,,,
2022-11-03T05:55:20+05:30,05:55,457.3154012,424,,,,,,
2022-11-03T05:56:10+05:30,05:56,457.3154012,432,,,,,,
2022-11-03T05:57:01+05:30,05:57,457.3154012,434,,,,,,
2022-11-03T05:57:52+05:30,05:57,459.1091396,426,,,,,,
2022-11-03T05:58:43+05:30,05:58,457.3154012,424,,,,,,
2022-11-03T05:59:34+05:30,05:59,455.5216627,432,,,,,,
2022-11-03T06:00:24+05:30,06:00,455.5216627,456,,,,,,
2022-11-03T06:01:15+05:30,06:01,457.3154012,446,,,,,,
2022-11-03T06:02:06+05:30,06:02,459.1091396,432,,,,,,
2022-11-03T06:02:57+05:30,06:02,457.3154012,432,,,,,,
2022-11-03T06:03:48+05:30,06:03,459.1091396,454,,,,,,
2022-11-03T06:04:38+05:30,06:04,455.5216627,450,,,,,,
2022-11-03T06:05:29+05:30,06:05,457.3154012,434,,,,,,
2022-11-03T06:06:20+05:30,06:06,457.3154012,424,,,,,,
2022-11-03T06:07:11+05:30,06:07,455.5216627,424,,,,,,
2022-11-03T06:08:02+05:30,06:08,455.5216627,424,,,,,,
2022-11-03T06:08:52+05:30,06:08,457.3154012,428,,,,,,
2022-11-03T06:09:43+05:30,06:09,457.3154012,424,,,,,,
2022-11-03T06:10:34+05:30,06:10,459.1091396,438,,,,,,
2022-11-03T06:11:25+05:30,06:11,459.1091396,426,,,,,,
2022-11-03T06:12:16+05:30,06:12,457.3154012,424,,,,,,
2022-11-03T06:13:06+05:30,06:13,459.1091396,424,,,,,,
2022-11-03T06:13:57+05:30,06:13,459.1091396,426,,,,,,
2022-11-03T06:14:48+05:30,06:14,455.5216627,426,,,,,,
2022-11-03T06:15:39+05:30,06:15,453.7279242,424,,,,,,
2022-11-03T06:16:29+05:30,06:16,455.5216627,424,,,,,,
2022-11-03T06:17:20+05:30,06:17,457.3154012,424,,,,,,
2022-11-03T06:18:11+05:30,06:18,457.3154012,428,,,,,,
2022-11-03T06:19:02+05:30,06:19,459.1091396,430,,,,,,
2022-11-03T06:19:53+05:30,06:19,457.3154012,436,,,,,,
2022-11-03T06:20:43+05:30,06:20,460.9028781,440,,,,,,
2022-11-03T06:21:34+05:30,06:21,460.9028781,440,,,,,,
2022-11-03T06:22:25+05:30,06:22,460.9028781,424,,,,,,
2022-11-03T06:23:16+05:30,06:23,459.1091396,424,,,,,,
2022-11-03T06:24:07+05:30,06:24,459.1091396,422,,,,,,
2022-11-03T06:24:57+05:30,06:24,457.3154012,422,,,,,,
2022-11-03T06:25:48+05:30,06:25,457.3154012,428,,,,,,
2022-11-03T06:26:39+05:30,06:26,457.3154012,426,,,,,,
2022-11-03T06:27:30+05:30,06:27,457.3154012,430,,,,,,
2022-11-03T06:28:21+05:30,06:28,457.3154012,440,,,,,,
2022-11-03T06:29:11+05:30,06:29,459.1091396,442,,,,,,
2022-11-03T06:30:02+05:30,06:30,459.1091396,434,,,,,,
2022-11-03T06:30:53+05:30,06:30,460.9028781,432,,,,,,
2022-11-03T06:31:44+05:30,06:31,457.3154012,426,,,,,,
2022-11-03T06:32:34+05:30,06:32,459.1091396,426,,,,,,
2022-11-03T06:33:24+05:30,06:33,459.1091396,434,,,,,,
2022-11-03T06:34:15+05:30,06:34,460.9028781,434,,,,,,
2022-11-03T06:35:05+05:30,06:35,459.1091396,428,,,,,,
2022-11-03T06:35:56+05:30,06:35,457.3154012,438,,,,,,
2022-11-03T06:36:47+05:30,06:36,455.5216627,446,,,,,,
2022-11-03T06:37:37+05:30,06:37,457.3154012,432,,,,,,
2022-11-03T06:38:28+05:30,06:38,459.1091396,432,,,,,,
2022-11-03T06:39:19+05:30,06:39,457.3154012,424,,,,,,
2022-11-03T06:40:10+05:30,06:40,457.3154012,430,,,,,,
2022-11-03T06:41:01+05:30,06:41,457.3154012,426,,,,,,
2022-11-03T06:41:51+05:30,06:41,457.3154012,424,,,,,,
2022-11-03T06:42:42+05:30,06:42,459.1091396,440,,,,,,
2022-11-03T06:43:33+05:30,06:43,459.1091396,434,,,,,,
2022-11-03T06:44:24+05:30,06:44,459.1091396,428,,,,,,
2022-11-03T06:45:15+05:30,06:45,459.1091396,438,,,,,,
2022-11-03T06:46:05+05:30,06:46,455.5216627,434,,,,,,
2022-11-03T06:46:56+05:30,06:46,457.3154012,434,,,,,,
2022-11-03T06:47:47+05:30,06:47,457.3154012,430,,,,,,
2022-11-03T06:48:38+05:30,06:48,457.3154012,424,,,,,,
2022-11-03T06:49:29+05:30,06:49,459.1091396,424,,,,,,
2022-11-03T06:50:19+05:30,06:50,459.1091396,424,,,,,,
2022-11-03T06:51:10+05:30,06:51,455.5216627,424,,,,,,
2022-11-03T06:52:01+05:30,06:52,457.3154012,422,,,,,,
2022-11-03T06:52:52+05:30,06:52,460.9028781,424,,,,,,
2022-11-03T06:53:42+05:30,06:53,460.9028781,436,,,,,,
2022-11-03T06:54:33+05:30,06:54,460.9028781,424,,,,,,
2022-11-03T06:55:24+05:30,06:55,460.9028781,422,,,,,,
2022-11-03T06:56:15+05:30,06:56,460.9028781,424,,,,,,
2022-11-03T06:57:06+05:30,06:57,459.1091396,424,,,,,,
2022-11-03T06:57:56+05:30,06:57,457.3154012,426,,,,,,
2022-11-03T06:58:47+05:30,06:58,460.9028781,426,,,,,,
2022-11-03T06:59:38+05:30,06:59,459.1091396,430,,,,,,
2022-11-03T07:00:29+05:30,07:00,459.1091396,440,,,,,,
2022-11-03T07:01:20+05:30,07:01,455.5216627,442,,,,,,
2022-11-03T07:02:10+05:30,07:02,457.3154012,430,,,,,,
2022-11-03T07:03:00+05:30,07:03,460.9028781,432,,,,,,
2022-11-03T07:03:51+05:30,07:03,460.9028781,426,,,,,,
2022-11-03T07:04:42+05:30,07:04,460.9028781,422,,,,,,
2022-11-03T07:05:33+05:30,07:05,457.3154012,422,,,,,,
2022-11-03T07:06:22+05:30,07:06,457.3154012,424,,,,,,
2022-11-03T07:07:13+05:30,07:07,459.1091396,432,,,,,,
2022-11-03T07:08:04+05:30,07:08,459.1091396,424,,,,,,
2022-11-03T07:08:55+05:30,07:08,459.1091396,420,,,,,,
2022-11-03T07:09:46+05:30,07:09,457.3154012,424,,,,,,
2022-11-03T07:10:36+05:30,07:10,457.3154012,424,,,,,,
2022-11-03T07:11:27+05:30,07:11,457.3154012,428,,,,,,
2022-11-03T07:12:18+05:30,07:12,457.3154012,424,,,,,,
2022-11-03T07:13:09+05:30,07:13,457.3154012,424,,,,,,
2022-11-03T07:14:00+05:30,07:14,459.1091396,426,,,,,,
2022-11-03T07:14:50+05:30,07:14,457.3154012,424,,,,,,
2022-11-03T07:15:41+05:30,07:15,455.5216627,422,,,,,,
2022-11-03T07:16:33+05:30,07:16,457.3154012,430,,,,,,
2022-11-03T07:17:24+05:30,07:17,457.3154012,440,,,,,,
2022-11-03T07:18:15+05:30,07:18,459.1091396,424,,,,,,
2022-11-03T07:19:05+05:30,07:19,455.5216627,426,,,,,,
2022-11-03T07:19:56+05:30,07:19,451.9341857,434,,,,,,
2022-11-03T07:20:47+05:30,07:20,455.5216627,436,,,,,,
2022-11-03T07:21:38+05:30,07:21,455.5216627,430,,,,,,
2022-11-03T07:22:29+05:30,07:22,457.3154012,428,,,,,,
2022-11-03T07:23:19+05:30,07:23,457.3154012,422,,,,,,
2022-11-03T07:24:10+05:30,07:24,459.1091396,422,,,,,,
2022-11-03T07:25:01+05:30,07:25,457.3154012,420,,,,,,
2022-11-03T07:25:51+05:30,07:25,457.3154012,420,,,,,,
2022-11-03T07:26:41+05:30,07:26,457.3154012,422,,,,,,
2022-11-03T07:27:31+05:30,07:27,455.5216627,424,,,,,,
2022-11-03T07:28:22+05:30,07:28,455.5216627,424,,,,,,
2022-11-03T07:29:13+05:30,07:29,455.5216627,424,,,,,,
2022-11-03T07:30:04+05:30,07:30,455.5216627,436,,,,,,
2022-11-03T07:30:55+05:30,07:30,457.3154012,424,,,,,,
2022-11-03T07:31:45+05:30,07:31,455.5216627,424,,,,,,
2022-11-03T07:32:36+05:30,07:32,455.5216627,424,,,,,,
2022-11-03T07:33:27+05:30,07:33,457.3154012,424,,,,,,
2022-11-03T07:34:18+05:30,07:34,457.3154012,422,,,,,,
2022-11-03T07:35:08+05:30,07:35,455.5216627,422,,,,,,
2022-11-03T07:35:59+05:30,07:35,455.5216627,424,,,,,,
2022-11-03T07:36:50+05:30,07:36,455.5216627,430,,,,,,
2022-11-03T07:37:41+05:30,07:37,455.5216627,424,,,,,,
2022-11-03T07:38:32+05:30,07:38,457.3154012,422,,,,,,
2022-11-03T07:39:22+05:30,07:39,457.3154012,422,,,,,,
2022-11-03T07:40:13+05:30,07:40,455.5216627,436,,,,,,
2022-11-03T07:41:04+05:30,07:41,451.9341857,448,,,,,,
2022-11-03T07:41:55+05:30,07:41,455.5216627,424,,,,,,
2022-11-03T07:42:46+05:30,07:42,455.5216627,422,,,,,,
2022-11-03T07:43:36+05:30,07:43,455.5216627,422,,,,,,
2022-11-03T07:44:27+05:30,07:44,455.5216627,422,,,,,,
2022-11-03T07:45:18+05:30,07:45,457.3154012,422,,,,,,
2022-11-03T07:46:09+05:30,07:46,457.3154012,422,,,,,,
2022-11-03T07:47:00+05:30,07:47,457.3154012,420,,,,,,
2022-11-03T07:47:50+05:30,07:47,453.7279242,422,,,,,,
2022-11-03T07:48:41+05:30,07:48,453.7279242,424,,,,,,
2022-11-03T07:49:32+05:30,07:49,457.3154012,424,,,,,,
2022-11-03T07:50:23+05:30,07:50,455.5216627,424,,,,,,
2022-11-03T07:51:14+05:30,07:51,457.3154012,422,,,,,,
2022-11-03T07:52:03+05:30,07:52,457.3154012,424,,,,,,
2022-11-03T07:52:54+05:30,07:52,455.5216627,424,,,,,,
2022-11-03T07:53:45+05:30,07:53,455.5216627,424,,,,,,
2022-11-03T07:54:36+05:30,07:54,457.3154012,422,,,,,,
2022-11-03T07:55:27+05:30,07:55,455.5216627,424,,,,,,
2022-11-03T07:56:17+05:30,07:56,455.5216627,438,,,,,,
2022-11-03T07:57:08+05:30,07:57,455.5216627,432,,,,,,
2022-11-03T07:57:59+05:30,07:57,453.7279242,428,,,,,,
2022-11-03T07:58:50+05:30,07:58,453.7279242,424,,,,,,
2022-11-03T07:59:41+05:30,07:59,457.3154012,424,,,,,,
2022-11-03T08:00:31+05:30,08:00,455.5216627,422,,,,,,
2022-11-03T08:01:22+05:30,08:01,451.9341857,420,,,,,,
2022-11-03T08:02:13+05:30,08:02,451.9341857,420,,,,,,
2022-11-03T08:03:04+05:30,08:03,455.5216627,422,,,,,,
2022-11-03T08:03:54+05:30,08:03,459.1091396,424,,,,,,
2022-11-03T08:04:45+05:30,08:04,460.9028781,424,,,,,,
2022-11-03T08:05:36+05:30,08:05,459.1091396,422,,,,,,
2022-11-03T08:06:27+05:30,08:06,459.1091396,422,,,,,,
2022-11-03T08:07:18+05:30,08:07,459.1091396,424,,,,,,
2022-11-03T08:08:08+05:30,08:08,459.1091396,422,,,,,,
2022-11-03T08:08:59+05:30,08:08,457.3154012,420,,,,,,
2022-11-03T08:09:50+05:30,08:09,455.5216627,424,,,,,,
2022-11-03T08:10:41+05:30,08:10,455.5216627,422,,,,,,
2022-11-03T08:11:32+05:30,08:11,455.5216627,422,,,,,,
2022-11-03T08:12:22+05:30,08:12,453.7279242,424,,,,,,
2022-11-03T08:13:13+05:30,08:13,455.5216627,426,,,,,,
2022-11-03T08:14:04+05:30,08:14,455.5216627,422,,,,,,
2022-11-03T08:14:55+05:30,08:14,451.9341857,422,,,,,,
2022-11-03T08:15:46+05:30,08:15,450.1404472,422,,,,,,
2022-11-03T08:16:36+05:30,08:16,451.9341857,424,,,,,,
2022-11-03T08:17:27+05:30,08:17,453.7279242,424,,,,,,
2022-11-03T08:18:18+05:30,08:18,453.7279242,424,,,,,,
2022-11-03T08:19:09+05:30,08:19,455.5216627,424,,,,,,
2022-11-03T08:20:00+05:30,08:20,455.5216627,424,,,,,,
2022-11-03T08:20:50+05:30,08:20,455.5216627,424,,,,,,
2022-11-03T08:21:41+05:30,08:21,453.7279242,422,,,,,,
2022-11-03T08:22:32+05:30,08:22,453.7279242,422,,,,,,
2022-11-03T08:23:23+05:30,08:23,453.7279242,422,,,,,,
2022-11-03T08:24:14+05:30,08:24,455.5216627,420,,,,,,
2022-11-03T08:25:04+05:30,08:25,455.5216627,422,,,,,,
2022-11-03T08:25:55+05:30,08:25,457.3154012,420,,,,,,
2022-11-03T08:26:46+05:30,08:26,455.5216627,420,,,,,,
2022-11-03T08:27:37+05:30,08:27,455.5216627,420,,,,,,
2022-11-03T08:28:28+05:30,08:28,453.7279242,420,,,,,,
2022-11-03T08:29:18+05:30,08:29,453.7279242,420,,,,,,
2022-11-03T08:30:09+05:30,08:30,453.7279242,422,,,,,,
2022-11-03T08:31:00+05:30,08:31,453.7279242,424,,,,,,
2022-11-03T08:31:51+05:30,08:31,453.7279242,420,,,,,,
2022-11-03T08:32:42+05:30,08:32,453.7279242,420,,,,,,
2022-11-03T08:33:32+05:30,08:33,455.5216627,426,,,,,,
2022-11-03T08:34:23+05:30,08:34,455.5216627,424,,,,,,
2022-11-03T08:35:14+05:30,08:35,453.7279242,424,,,,,,
2022-11-03T08:36:05+05:30,08:36,453.7279242,422,,,,,,
2022-11-03T08:36:56+05:30,08:36,455.5216627,424,,,,,,
2022-11-03T08:37:46+05:30,08:37,455.5216627,420,,,,,,
2022-11-03T08:38:36+05:30,08:38,455.5216627,420,,,,,,
2022-11-03T08:39:27+05:30,08:39,457.3154012,420,,,,,,
2022-11-03T08:40:18+05:30,08:40,455.5216627,424,,,,,,
2022-11-03T08:41:09+05:30,08:41,453.7279242,422,,,,,,
2022-11-03T08:41:59+05:30,08:41,451.9341857,422,,,,,,
2022-11-03T08:42:50+05:30,08:42,453.7279242,420,,,,,,
2022-11-03T08:43:41+05:30,08:43,457.3154012,420,,,,,,
2022-11-03T08:44:32+05:30,08:44,455.5216627,422,,,,,,
2022-11-03T08:45:23+05:30,08:45,455.5216627,422,,,,,,
2022-11-03T08:46:13+05:30,08:46,453.7279242,422,,,,,,
2022-11-03T08:47:04+05:30,08:47,455.5216627,422,,,,,,
2022-11-03T08:47:55+05:30,08:47,455.5216627,422,,,,,,
2022-11-03T08:48:46+05:30,08:48,453.7279242,420,,,,,,
2022-11-03T08:49:36+05:30,08:49,453.7279242,422,,,,,,
2022-11-03T08:50:27+05:30,08:50,451.9341857,422,,,,,,
2022-11-03T08:51:18+05:30,08:51,451.9341857,422,,,,,,
2022-11-03T08:52:09+05:30,08:52,453.7279242,424,,,,,,
2022-11-03T08:53:00+05:30,08:53,453.7279242,428,,,,,,
2022-11-03T08:53:50+05:30,08:53,451.9341857,424,,,,,,
2022-11-03T08:54:41+05:30,08:54,453.7279242,426,,,,,,
2022-11-03T08:55:32+05:30,08:55,453.7279242,424,,,,,,
2022-11-03T08:56:23+05:30,08:56,457.3154012,422,,,,,,
2022-11-03T08:57:14+05:30,08:57,455.5216627,422,,,,,,
2022-11-03T08:58:05+05:30,08:58,455.5216627,422,,,,,,
2022-11-03T08:58:55+05:30,08:58,455.5216627,422,,,,,,
2022-11-03T08:59:46+05:30,08:59,453.7279242,424,,,,,,
2022-11-03T09:00:37+05:30,09:00,455.5216627,424,,,,,,
2022-11-03T09:01:28+05:30,09:01,455.5216627,422,,,,,,
2022-11-03T09:02:18+05:30,09:02,455.5216627,424,,,,,,
2022-11-03T09:03:09+05:30,09:03,455.5216627,422,,,,,,
2022-11-03T09:04:00+05:30,09:04,451.9341857,420,,,,,,
2022-11-03T09:04:51+05:30,09:04,453.7279242,422,,,,,,
2022-11-03T09:05:42+05:30,09:05,451.9341857,422,,,,,,
2022-11-03T09:06:32+05:30,09:06,451.9341857,422,,,,,,
2022-11-03T09:07:23+05:30,09:07,453.7279242,420,,,,,,
2022-11-03T09:08:14+05:30,09:08,453.7279242,418,,,,,,
2022-11-03T09:09:05+05:30,09:09,453.7279242,420,,,,,,
2022-11-03T09:09:56+05:30,09:09,451.9341857,420,,,,,,
2022-11-03T09:10:46+05:30,09:10,448.3467088,420,,,,,,
2022-11-03T09:11:37+05:30,09:11,451.9341857,420,,,,,,
2022-11-03T09:12:28+05:30,09:12,453.7279242,422,,,,,,
2022-11-03T09:13:19+05:30,09:13,451.9341857,424,,,,,,
2022-11-03T09:14:10+05:30,09:14,453.7279242,422,,,,,,
2022-11-03T09:15:01+05:30,09:15,455.5216627,422,,,,,,
2022-11-03T09:15:51+05:30,09:15,455.5216627,424,,,,,,
2022-11-03T09:16:42+05:30,09:16,457.3154012,422,,,,,,
2022-11-03T09:17:33+05:30,09:17,457.3154012,420,,,,,,
2022-11-03T09:18:24+05:30,09:18,455.5216627,422,,,,,,
2022-11-03T09:19:14+05:30,09:19,457.3154012,424,,,,,,
2022-11-03T09:20:05+05:30,09:20,457.3154012,424,,,,,,
2022-11-03T09:20:55+05:30,09:20,455.5216627,422,,,,,,
2022-11-03T09:21:46+05:30,09:21,455.5216627,420,,,,,,
2022-11-03T09:22:37+05:30,09:22,453.7279242,422,,,,,,
2022-11-03T09:23:27+05:30,09:23,453.7279242,424,,,,,,
2022-11-03T09:24:18+05:30,09:24,457.3154012,424,,,,,,
2022-11-03T09:25:09+05:30,09:25,453.7279242,422,,,,,,
2022-11-03T09:26:00+05:30,09:26,453.7279242,424,,,,,,
2022-11-03T09:26:51+05:30,09:26,453.7279242,424,,,,,,
2022-11-03T09:27:41+05:30,09:27,453.7279242,420,,,,,,
2022-11-03T09:28:32+05:30,09:28,455.5216627,418,,,,,,
2022-11-03T09:29:23+05:30,09:29,453.7279242,422,,,,,,
2022-11-03T09:30:14+05:30,09:30,451.9341857,424,,,,,,
2022-11-03T09:31:07+05:30,09:31,453.7279242,422,,,,,,
2022-11-03T09:31:57+05:30,09:31,453.7279242,424,,,,,,
2022-11-03T09:32:48+05:30,09:32,453.7279242,432,,,,,,
2022-11-03T09:33:39+05:30,09:33,455.5216627,424,,,,,,
2022-11-03T09:34:30+05:30,09:34,455.5216627,420,,,,,,
2022-11-03T09:35:20+05:30,09:35,455.5216627,422,,,,,,
2022-11-03T09:36:11+05:30,09:36,455.5216627,424,,,,,,
2022-11-03T09:37:02+05:30,09:37,455.5216627,424,,,,,,
2022-11-03T09:37:53+05:30,09:37,453.7279242,424,,,,,,
2022-11-03T09:38:44+05:30,09:38,455.5216627,424,,,,,,
2022-11-03T09:39:34+05:30,09:39,453.7279242,422,,,,,,
2022-11-03T09:40:25+05:30,09:40,451.9341857,424,,,,,,
2022-11-03T09:41:16+05:30,09:41,453.7279242,422,,,,,,
2022-11-03T09:42:07+05:30,09:42,455.5216627,424,,,,,,
2022-11-03T09:42:58+05:30,09:42,453.7279242,422,,,,,,
2022-11-03T09:43:48+05:30,09:43,455.5216627,420,,,,,,
2022-11-03T09:44:39+05:30,09:44,457.3154012,422,,,,,,
2022-11-03T09:45:30+05:30,09:45,457.3154012,424,,,,,,
2022-11-03T09:46:21+05:30,09:46,453.7279242,424,,,,,,
2022-11-03T09:47:12+05:30,09:47,450.1404472,422,,,,,,
2022-11-03T09:48:02+05:30,09:48,451.9341857,420,,,,,,
2022-11-03T09:48:53+05:30,09:48,453.7279242,422,,,,,,
2022-11-03T09:49:44+05:30,09:49,455.5216627,422,,,,,,
2022-11-03T09:50:35+05:30,09:50,455.5216627,422,,,,,,
2022-11-03T09:51:26+05:30,09:51,453.7279242,424,,,,,,
2022-11-03T09:52:16+05:30,09:52,455.5216627,426,,,,,,
2022-11-03T09:53:07+05:30,09:53,451.9341857,424,,,,,,
2022-11-03T09:53:58+05:30,09:53,451.9341857,420,,,,,,
2022-11-03T09:54:49+05:30,09:54,453.7279242,420,,,,,,
2022-11-03T09:55:40+05:30,09:55,451.9341857,422,,,,,,
2022-11-03T09:56:30+05:30,09:56,451.9341857,422,,,,,,
2022-11-03T09:57:21+05:30,09:57,455.5216627,422,,,,,,
2022-11-03T09:58:12+05:30,09:58,455.5216627,424,,,,,,
2022-11-03T09:59:03+05:30,09:59,455.5216627,432,,,,,,
2022-11-03T09:59:54+05:30,09:59,455.5216627,446,,,,,,
2022-11-03T10:00:44+05:30,10:00,459.1091396,440,,,,,,
2022-11-03T10:01:35+05:30,10:01,460.9028781,424,,,,,,
2022-11-03T10:02:26+05:30,10:02,459.1091396,454,,,,,,
2022-11-03T10:03:17+05:30,10:03,459.1091396,452,,,,,,
2022-11-03T10:04:08+05:30,10:04,459.1091396,436,,,,,,
2022-11-03T10:04:58+05:30,10:04,459.1091396,444,,,,,,
2022-11-03T10:05:49+05:30,10:05,459.1091396,470,,,,,,
2022-11-03T10:06:40+05:30,10:06,459.1091396,474,,,,,,
2022-11-03T10:07:31+05:30,10:07,464.4903551,476,,,,,,
2022-11-03T10:08:22+05:30,10:08,468.077832,480,,,,,,
2022-11-03T10:09:12+05:30,10:09,468.077832,472,,,,,,
2022-11-03T10:10:03+05:30,10:10,462.6966166,468,,,,,,
2022-11-03T10:10:54+05:30,10:10,462.6966166,456,,,,,,
2022-11-03T10:11:45+05:30,10:11,462.6966166,470,,,,,,
2022-11-03T10:12:36+05:30,10:12,464.4903551,476,,,,,,
2022-11-03T10:13:27+05:30,10:13,462.6966166,482,,,,,,
2022-11-03T10:14:17+05:30,10:14,460.9028781,466,,,,,,
2022-11-03T10:15:08+05:30,10:15,462.6966166,454,,,,,,
2022-11-03T10:15:59+05:30,10:15,460.9028781,486,,,,,,
2022-11-03T10:16:50+05:30,10:16,464.4903551,484,,,,,,
2022-11-03T10:17:40+05:30,10:17,462.6966166,478,,,,,,
2022-11-03T10:18:31+05:30,10:18,462.6966166,468,,,,,,
2022-11-03T10:19:22+05:30,10:19,462.6966166,464,,,,,,
2022-11-03T10:20:14+05:30,10:20,462.6966166,460,,,,,,
2022-11-03T10:21:05+05:30,10:21,464.4903551,460,,,,,,
2022-11-03T10:21:56+05:30,10:21,464.4903551,470,,,,,,
2022-11-03T10:22:47+05:30,10:22,466.2840935,484,,,,,,
2022-11-03T10:23:38+05:30,10:23,468.077832,502,,,,,,
2022-11-03T10:24:29+05:30,10:24,466.2840935,494,,,,,,
2022-11-03T10:25:20+05:30,10:25,466.2840935,474,,,,,,
2022-11-03T10:26:09+05:30,10:26,466.2840935,466,,,,,,
2022-11-03T10:27:01+05:30,10:27,466.2840935,492,,,,,,
2022-11-03T10:27:52+05:30,10:27,466.2840935,492,,,,,,
2022-11-03T10:28:43+05:30,10:28,464.4903551,474,,,,,,
2022-11-03T10:29:34+05:30,10:29,464.4903551,470,,,,,,
2022-11-03T10:30:24+05:30,10:30,462.6966166,468,,,,,,
2022-11-03T10:31:15+05:30,10:31,464.4903551,462,,,,,,
2022-11-03T10:32:06+05:30,10:32,466.2840935,478,,,,,,
2022-11-03T10:32:57+05:30,10:32,464.4903551,476,,,,,,
2022-11-03T10:33:48+05:30,10:33,462.6966166,474,,,,,,
2022-11-03T10:34:39+05:30,10:34,462.6966166,470,,,,,,
2022-11-03T10:35:31+05:30,10:35,464.4903551,448,,,,,,
2022-11-03T10:36:22+05:30,10:36,464.4903551,452,,,,,,
2022-11-03T10:37:13+05:30,10:37,462.6966166,462,,,,,,
2022-11-03T10:38:04+05:30,10:38,464.4903551,482,,,,,,
2022-11-03T10:38:55+05:30,10:38,468.077832,472,,,,,,
2022-11-03T10:39:45+05:30,10:39,466.2840935,470,,,,,,
2022-11-03T10:40:36+05:30,10:40,464.4903551,448,,,,,,
2022-11-03T10:41:27+05:30,10:41,464.4903551,454,,,,,,
2022-11-03T10:42:18+05:30,10:42,464.4903551,456,,,,,,
2022-11-03T10:43:09+05:30,10:43,466.2840935,492,,,,,,
2022-11-03T10:44:01+05:30,10:44,466.2840935,496,,,,,,
2022-11-03T10:44:52+05:30,10:44,462.6966166,478,,,,,,
2022-11-03T10:45:43+05:30,10:45,459.1091396,462,,,,,,
2022-11-03T10:46:34+05:30,10:46,462.6966166,434,,,,,,
2022-11-03T10:47:24+05:30,10:47,464.4903551,438,,,,,,
2022-11-03T10:48:15+05:30,10:48,464.4903551,450,,,,,,
2022-11-03T10:49:06+05:30,10:49,464.4903551,444,,,,,,
2022-11-03T10:49:58+05:30,10:49,459.1091396,432,,,,,,
2022-11-03T10:50:49+05:30,10:50,462.6966166,440,,,,,,
2022-11-03T10:51:39+05:30,10:51,460.9028781,444,,,,,,
2022-11-03T10:52:30+05:30,10:52,459.1091396,464,,,,,,
2022-11-03T10:53:24+05:30,10:53,459.1091396,470,,,,,,
2022-11-03T10:54:15+05:30,10:54,457.3154012,458,,,,,,
2022-11-03T10:55:06+05:30,10:55,462.6966166,444,,,,,,
2022-11-03T10:55:56+05:30,10:55,462.6966166,450,,,,,,
2022-11-03T10:56:47+05:30,10:56,460.9028781,464,,,,,,
2022-11-03T10:57:38+05:30,10:57,460.9028781,464,,,,,,
2022-11-03T10:58:29+05:30,10:58,460.9028781,448,,,,,,
2022-11-03T10:59:23+05:30,10:59,459.1091396,440,,,,,,
2022-11-03T11:00:14+05:30,11:00,459.1091396,450,,,,,,
2022-11-03T11:01:04+05:30,11:01,457.3154012,462,,,,,,
2022-11-03T11:01:55+05:30,11:01,459.1091396,430,,,,,,
2022-11-03T11:02:46+05:30,11:02,457.3154012,428,,,,,,
2022-11-03T11:03:37+05:30,11:03,459.1091396,444,,,,,,
2022-11-03T11:04:27+05:30,11:04,455.5216627,446,,,,,,
2022-11-03T11:05:18+05:30,11:05,453.7279242,424,,,,,,
2022-11-03T11:06:09+05:30,11:06,455.5216627,422,,,,,,
2022-11-03T11:06:59+05:30,11:06,455.5216627,432,,,,,,
2022-11-03T11:07:50+05:30,11:07,455.5216627,436,,,,,,
2022-11-03T11:08:41+05:30,11:08,457.3154012,424,,,,,,
2022-11-03T11:09:37+05:30,11:09,459.1091396,444,,,,,,
2022-11-03T11:10:28+05:30,11:10,460.9028781,460,,,,,,
2022-11-03T11:11:19+05:30,11:11,460.9028781,448,,,,,,
2022-11-03T11:12:10+05:30,11:12,457.3154012,436,,,,,,
2022-11-03T11:13:01+05:30,11:13,459.1091396,450,,,,,,
2022-11-03T11:13:51+05:30,11:13,460.9028781,464,,,,,,
2022-11-03T11:14:42+05:30,11:14,462.6966166,476,,,,,,
2022-11-03T11:15:33+05:30,11:15,459.1091396,464,,,,,,
2022-11-03T11:16:24+05:30,11:16,460.9028781,454,,,,,,
2022-11-03T11:17:15+05:30,11:17,460.9028781,476,,,,,,
2022-11-03T11:18:05+05:30,11:18,460.9028781,468,,,,,,
2022-11-03T11:18:56+05:30,11:18,460.9028781,442,,,,,,
2022-11-03T11:19:47+05:30,11:19,464.4903551,454,,,,,,
2022-11-03T11:20:38+05:30,11:20,464.4903551,470,,,,,,
2022-11-03T11:21:29+05:30,11:21,466.2840935,478,,,,,,
2022-11-03T11:22:19+05:30,11:22,466.2840935,478,,,,,,
2022-11-03T11:23:10+05:30,11:23,464.4903551,482,,,,,,
2022-11-03T11:24:01+05:30,11:24,462.6966166,484,,,,,,
2022-11-03T11:24:52+05:30,11:24,464.4903551,478,,,,,,
2022-11-03T11:25:43+05:30,11:25,468.077832,480,,,,,,
2022-11-03T11:26:36+05:30,11:26,468.077832,482,,,,,,
2022-11-03T11:27:26+05:30,11:27,468.077832,474,,,,,,
2022-11-03T11:28:17+05:30,11:28,464.4903551,482,,,,,,
2022-11-03T11:29:08+05:30,11:29,462.6966166,486,,,,,,
2022-11-03T11:29:59+05:30,11:29,466.2840935,504,,,,,,
2022-11-03T11:30:49+05:30,11:30,468.077832,502,,,,,,
2022-11-03T11:31:40+05:30,11:31,466.2840935,492,,,,,,
2022-11-03T11:32:31+05:30,11:32,466.2840935,510,,,,,,
2022-11-03T11:33:22+05:30,11:33,468.077832,504,,,,,,
2022-11-03T11:34:13+05:30,11:34,469.8715705,500,,,,,,
2022-11-03T11:35:03+05:30,11:35,468.077832,516,,,,,,
2022-11-03T11:35:54+05:30,11:35,469.8715705,504,,,,,,
2022-11-03T11:36:45+05:30,11:36,471.665309,502,,,,,,
2022-11-03T11:37:36+05:30,11:37,468.077832,504,,,,,,
2022-11-03T11:38:27+05:30,11:38,466.2840935,488,,,,,,
2022-11-03T11:39:18+05:30,11:39,469.8715705,496,,,,,,
2022-11-03T11:40:08+05:30,11:40,469.8715705,516,,,,,,
2022-11-03T11:40:59+05:30,11:40,468.077832,520,,,,,,
2022-11-03T11:41:50+05:30,11:41,468.077832,510,,,,,,
2022-11-03T11:42:41+05:30,11:42,471.665309,516,,,,,,
2022-11-03T11:43:31+05:30,11:43,471.665309,520,,,,,,
2022-11-03T11:44:22+05:30,11:44,469.8715705,504,,,,,,
2022-11-03T11:45:13+05:30,11:45,468.077832,504,,,,,,
2022-11-03T11:46:04+05:30,11:46,471.665309,528,,,,,,
2022-11-03T11:46:55+05:30,11:46,473.4590475,512,,,,,,
2022-11-03T11:47:45+05:30,11:47,469.8715705,488,,,,,,
2022-11-03T11:48:36+05:30,11:48,468.077832,480,,,,,,
2022-11-03T11:49:27+05:30,11:49,469.8715705,514,,,,,,
2022-11-03T11:50:18+05:30,11:50,473.4590475,524,,,,,,
2022-11-03T11:51:09+05:30,11:51,475.2527859,522,,,,,,
2022-11-03T11:51:59+05:30,11:51,484.2214783,524,,,,,,
2022-11-03T11:52:50+05:30,11:52,486.0152168,534,,,,,,
2022-11-03T11:53:41+05:30,11:53,500.3651247,534,,,,,,
2022-11-03T11:54:32+05:30,11:54,473.4590475,526,,,,,,
2022-11-03T11:55:23+05:30,11:55,471.665309,532,,,,,,
2022-11-03T11:56:13+05:30,11:56,471.665309,546,,,,,,
2022-11-03T11:57:04+05:30,11:57,473.4590475,548,,,,,,
2022-11-03T11:57:55+05:30,11:57,473.4590475,544,,,,,,
2022-11-03T11:58:46+05:30,11:58,473.4590475,534,,,,,,
2022-11-03T11:59:37+05:30,11:59,478.8402629,532,,,,,,
2022-11-03T12:00:27+05:30,12:00,473.4590475,532,,,,,,
2022-11-03T12:01:19+05:30,12:01,480.6340014,540,,,,,,
2022-11-03T12:02:10+05:30,12:02,484.2214783,536,,,,,,
2022-11-03T12:03:01+05:30,12:03,491.3964323,538,,,,,,
2022-11-03T12:03:52+05:30,12:03,478.8402629,546,,,,,,
2022-11-03T12:04:42+05:30,12:04,477.0465244,550,,,,,,
2022-11-03T12:05:33+05:30,12:05,478.8402629,552,,,,,,
2022-11-03T12:06:24+05:30,12:06,484.2214783,538,,,,,,
2022-11-03T12:07:15+05:30,12:07,480.6340014,532,,,,,,
2022-11-03T12:08:08+05:30,12:08,489.6026938,534,,,,,,
2022-11-03T12:08:58+05:30,12:08,496.7776477,536,,,,,,
2022-11-03T12:09:49+05:30,12:09,500.3651247,528,,,,,,
2022-11-03T12:10:40+05:30,12:10,494.9839092,534,,,,,,
2022-11-03T12:11:31+05:30,12:11,494.9839092,544,,,,,,
2022-11-03T12:12:21+05:30,12:12,505.7463401,546,,,,,,
2022-11-03T12:13:12+05:30,12:13,491.3964323,542,,,,,,
2022-11-03T12:14:03+05:30,12:14,478.8402629,554,,,,,,
2022-11-03T12:14:54+05:30,12:14,493.1901707,570,,,,,,
2022-11-03T12:15:45+05:30,12:15,503.9526016,560,,,,,,
2022-11-03T12:16:35+05:30,12:16,503.9526016,560,,,,,,
2022-11-03T12:17:26+05:30,12:17,496.7776477,548,,,,,,
2022-11-03T12:18:17+05:30,12:18,489.6026938,546,,,,,,
2022-11-03T12:19:08+05:30,12:19,503.9526016,558,,,,,,
2022-11-03T12:20:00+05:30,12:20,512.921294,544,,,,,,
2022-11-03T12:20:50+05:30,12:20,505.7463401,550,,,,,,
2022-11-03T12:21:41+05:30,12:21,494.9839092,566,,,,,,
2022-11-03T12:22:32+05:30,12:22,496.7776477,584,,,,,,
2022-11-03T12:23:23+05:30,12:23,520.0962479,582,,,,,,
2022-11-03T12:24:14+05:30,12:24,512.921294,568,,,,,,
2022-11-03T12:25:04+05:30,12:25,518.3025094,572,,,,,,
2022-11-03T12:25:55+05:30,12:25,493.1901707,568,,,,,,
2022-11-03T12:26:47+05:30,12:26,496.7776477,560,,,,,,
2022-11-03T12:27:38+05:30,12:27,527.2712018,566,,,,,,
2022-11-03T12:28:29+05:30,12:28,559.5584945,560,,,,,,
2022-11-03T12:29:19+05:30,12:29,581.0833562,572,,,,,,
2022-11-03T12:30:10+05:30,12:30,590.0520486,558,,,,,,
2022-11-03T12:31:01+05:30,12:31,600.8144795,552,,,,,,
2022-11-03T12:31:52+05:30,12:31,613.3706488,560,,,,,,
2022-11-03T12:32:43+05:30,12:32,611.5769104,552,,,,,,
2022-11-03T12:33:33+05:30,12:33,611.5769104,566,,,,,,
2022-11-03T12:34:24+05:30,12:34,602.608218,568,,,,,,
2022-11-03T12:35:15+05:30,12:35,590.0520486,590,,,,,,
2022-11-03T12:36:06+05:30,12:36,564.9397099,596,,,,,,
2022-11-03T12:36:56+05:30,12:36,568.5271869,572,,,,,,
2022-11-03T12:37:47+05:30,12:37,600.8144795,560,,,,,,
2022-11-03T12:38:38+05:30,12:38,591.8457871,570,,,,,,
2022-11-03T12:39:29+05:30,12:39,590.0520486,574,,,,,,
2022-11-03T12:40:20+05:30,12:40,602.608218,588,,,,,,
2022-11-03T12:41:10+05:30,12:41,599.020741,584,,,,,,
2022-11-03T12:42:01+05:30,12:42,606.1956949,568,,,,,,
2022-11-03T12:42:52+05:30,12:42,602.608218,568,,,,,,
2022-11-03T12:43:43+05:30,12:43,607.9894334,582,,,,,,
2022-11-03T12:44:34+05:30,12:44,607.9894334,582,,,,,,
2022-11-03T12:45:24+05:30,12:45,595.433264,588,,,,,,
2022-11-03T12:46:15+05:30,12:46,577.4958793,604,,,,,,
2022-11-03T12:47:06+05:30,12:47,590.0520486,598,,,,,,
2022-11-03T12:47:57+05:30,12:47,591.8457871,586,,,,,,
2022-11-03T12:48:48+05:30,12:48,593.6395256,582,,,,,,
2022-11-03T12:49:38+05:30,12:49,600.8144795,576,,,,,,
2022-11-03T12:50:29+05:30,12:50,606.1956949,584,,,,,,
2022-11-03T12:51:20+05:30,12:51,611.5769104,584,,,,,,
2022-11-03T12:52:11+05:30,12:52,607.9894334,578,,,,,,
2022-11-03T12:53:02+05:30,12:53,624.1330797,600,,,,,,
2022-11-03T12:53:52+05:30,12:53,625.9268182,582,,,,,,
2022-11-03T12:54:43+05:30,12:54,618.7518643,588,,,,,,
2022-11-03T12:55:35+05:30,12:55,620.5456028,602,,,,,,
2022-11-03T12:56:26+05:30,12:56,609.7831719,604,,,,,,
2022-11-03T12:57:16+05:30,12:57,611.5769104,586,,,,,,
2022-11-03T12:58:07+05:30,12:58,616.9581258,592,,,,,,
2022-11-03T12:58:58+05:30,12:58,604.4019564,606,,,,,,
2022-11-03T12:59:49+05:30,12:59,599.020741,614,,,,,,
2022-11-03T13:00:40+05:30,13:00,602.608218,594,,,,,,
2022-11-03T13:01:30+05:30,13:01,613.3706488,588,,,,,,
2022-11-03T13:02:21+05:30,13:02,599.020741,592,,,,,,
2022-11-03T13:03:12+05:30,13:03,599.020741,596,,,,,,
2022-11-03T13:04:03+05:30,13:04,597.2270025,592,,,,,,
2022-11-03T13:04:54+05:30,13:04,590.0520486,590,,,,,,
2022-11-03T13:05:44+05:30,13:05,597.2270025,586,,,,,,
2022-11-03T13:06:35+05:30,13:06,604.4019564,590,,,,,,
2022-11-03T13:07:26+05:30,13:07,611.5769104,598,,,,,,
2022-11-03T13:08:17+05:30,13:08,611.5769104,596,,,,,,
2022-11-03T13:09:08+05:30,13:09,606.1956949,586,,,,,,
2022-11-03T13:09:58+05:30,13:09,604.4019564,594,,,,,,
2022-11-03T13:10:49+05:30,13:10,616.9581258,592,,,,,,
2022-11-03T13:11:40+05:30,13:11,613.3706488,580,,,,,,
2022-11-03T13:12:31+05:30,13:12,607.9894334,584,,,,,,
2022-11-03T13:13:22+05:30,13:13,595.433264,576,,,,,,
2022-11-03T13:14:12+05:30,13:14,613.3706488,578,,,,,,
2022-11-03T13:15:03+05:30,13:15,629.5142951,576,,,,,,
2022-11-03T13:15:54+05:30,13:15,633.1017721,592,,,,,,
2022-11-03T13:16:45+05:30,13:16,618.7518643,600,,,,,,
2022-11-03T13:17:36+05:30,13:17,624.1330797,594,,,,,,
2022-11-03T13:18:27+05:30,13:18,616.9581258,598,,,,,,
2022-11-03T13:19:18+05:30,13:19,624.1330797,596,,,,,,
2022-11-03T13:20:09+05:30,13:20,622.3393412,602,,,,,,
2022-11-03T13:21:00+05:30,13:21,622.3393412,604,,,,,,
2022-11-03T13:21:50+05:30,13:21,631.3080336,610,,,,,,
2022-11-03T13:22:41+05:30,13:22,618.7518643,588,,,,,,
2022-11-03T13:23:32+05:30,13:23,588.2583101,576,,,,,,
2022-11-03T13:24:23+05:30,13:24,581.0833562,592,,,,,,
2022-11-03T13:25:14+05:30,13:25,591.8457871,598,,,,,,
2022-11-03T13:26:04+05:30,13:26,611.5769104,608,,,,,,
2022-11-03T13:26:55+05:30,13:26,625.9268182,602,,,,,,
2022-11-03T13:27:46+05:30,13:27,615.1643873,600,,,,,,
2022-11-03T13:28:37+05:30,13:28,624.1330797,580,,,,,,
2022-11-03T13:29:28+05:30,13:29,624.1330797,580,,,,,,
2022-11-03T13:30:18+05:30,13:30,618.7518643,588,,,,,,
2022-11-03T13:31:09+05:30,13:31,618.7518643,598,,,,,,
2022-11-03T13:32:00+05:30,13:32,638.4829875,608,,,,,,
2022-11-03T13:32:51+05:30,13:32,633.1017721,612,,,,,,
2022-11-03T13:33:42+05:30,13:33,625.9268182,600,,,,,,
2022-11-03T13:34:32+05:30,13:34,624.1330797,602,,,,,,
2022-11-03T13:35:23+05:30,13:35,615.1643873,610,,,,,,
2022-11-03T13:36:15+05:30,13:36,625.9268182,592,,,,,,
2022-11-03T13:37:06+05:30,13:37,634.8955106,588,,,,,,
2022-11-03T13:37:57+05:30,13:37,600.8144795,598,,,,,,
2022-11-03T13:38:47+05:30,13:38,613.3706488,620,,,,,,
2022-11-03T13:39:38+05:30,13:39,636.6892491,614,,,,,,
2022-11-03T13:40:29+05:30,13:40,631.3080336,596,,,,,,
2022-11-03T13:41:20+05:30,13:41,620.5456028,600,,,,,,
2022-11-03T13:42:11+05:30,13:42,606.1956949,598,,,,,,
2022-11-03T13:43:01+05:30,13:43,607.9894334,610,,,,,,
2022-11-03T13:43:52+05:30,13:43,616.9581258,604,,,,,,
2022-11-03T13:44:43+05:30,13:44,616.9581258,590,,,,,,
2022-11-03T13:45:34+05:30,13:45,609.7831719,582,,,,,,
2022-11-03T13:46:24+05:30,13:46,609.7831719,604,,,,,,
2022-11-03T13:47:16+05:30,13:47,622.3393412,622,,,,,,
2022-11-03T13:48:06+05:30,13:48,622.3393412,616,,,,,,
2022-11-03T13:48:57+05:30,13:48,634.8955106,610,,,,,,
2022-11-03T13:49:48+05:30,13:49,636.6892491,616,,,,,,
2022-11-03T13:50:38+05:30,13:50,625.9268182,622,,,,,,
2022-11-03T13:51:30+05:30,13:51,627.7205567,608,,,,,,
2022-11-03T13:52:21+05:30,13:52,640.276726,600,,,,,,
2022-11-03T13:53:12+05:30,13:53,640.276726,610,,,,,,
2022-11-03T13:54:03+05:30,13:54,643.864203,608,,,,,,
2022-11-03T13:54:53+05:30,13:54,613.3706488,580,,,,,,
2022-11-03T13:55:44+05:30,13:55,609.7831719,570,,,,,,
2022-11-03T13:56:35+05:30,13:56,627.7205567,568,,,,,,
2022-11-03T13:57:26+05:30,13:57,636.6892491,584,,,,,,
2022-11-03T13:58:17+05:30,13:58,629.5142951,582,,,,,,
2022-11-03T13:59:07+05:30,13:59,643.864203,584,,,,,,
2022-11-03T13:59:59+05:30,13:59,634.8955106,580,,,,,,
2022-11-03T14:00:50+05:30,14:00,613.3706488,576,,,,,,
2022-11-03T14:01:41+05:30,14:01,607.9894334,562,,,,,,
2022-11-03T14:02:32+05:30,14:02,625.9268182,556,,,,,,
2022-11-03T14:03:22+05:30,14:03,625.9268182,574,,,,,,
2022-11-03T14:04:13+05:30,14:04,629.5142951,584,,,,,,
2022-11-03T14:05:06+05:30,14:05,620.5456028,564,,,,,,
2022-11-03T14:05:57+05:30,14:05,616.9581258,566,,,,,,
2022-11-03T14:06:48+05:30,14:06,609.7831719,566,,,,,,
2022-11-03T14:07:38+05:30,14:07,609.7831719,574,,,,,,
2022-11-03T14:08:28+05:30,14:08,593.6395256,568,,,,,,
2022-11-03T14:09:19+05:30,14:09,607.9894334,574,,,,,,
2022-11-03T14:10:10+05:30,14:10,618.7518643,550,,,,,,
2022-11-03T14:11:00+05:30,14:11,607.9894334,540,,,,,,
2022-11-03T14:11:51+05:30,14:11,611.5769104,546,,,,,,
2022-11-03T14:12:42+05:30,14:12,615.1643873,538,,,,,,
2022-11-03T14:13:33+05:30,14:13,618.7518643,542,,,,,,
2022-11-03T14:14:24+05:30,14:14,604.4019564,546,,,,,,
2022-11-03T14:15:14+05:30,14:15,593.6395256,562,,,,,,
2022-11-03T14:16:05+05:30,14:16,600.8144795,574,,,,,,
2022-11-03T14:16:56+05:30,14:16,620.5456028,558,,,,,,
2022-11-03T14:17:47+05:30,14:17,616.9581258,566,,,,,,
2022-11-03T14:18:38+05:30,14:18,602.608218,548,,,,,,
2022-11-03T14:19:28+05:30,14:19,599.020741,556,,,,,,
2022-11-03T14:20:19+05:30,14:20,595.433264,564,,,,,,
2022-11-03T14:21:10+05:30,14:21,590.0520486,554,,,,,,
2022-11-03T14:22:01+05:30,14:22,602.608218,570,,,,,,
2022-11-03T14:22:52+05:30,14:22,600.8144795,586,,,,,,
2022-11-03T14:23:42+05:30,14:23,593.6395256,614,,,,,,
2022-11-03T14:24:34+05:30,14:24,599.020741,602,,,,,,
2022-11-03T14:25:25+05:30,14:25,595.433264,594,,,,,,
2022-11-03T14:26:16+05:30,14:26,591.8457871,570,,,,,,
2022-11-03T14:27:07+05:30,14:27,599.020741,562,,,,,,
2022-11-03T14:27:57+05:30,14:27,595.433264,568,,,,,,
2022-11-03T14:28:51+05:30,14:28,595.433264,564,,,,,,
2022-11-03T14:29:42+05:30,14:29,604.4019564,588,,,,,,
2022-11-03T14:30:33+05:30,14:30,609.7831719,598,,,,,,
2022-11-03T14:31:24+05:30,14:31,600.8144795,594,,,,,,
2022-11-03T14:32:14+05:30,14:32,591.8457871,594,,,,,,
2022-11-03T14:33:07+05:30,14:33,607.9894334,588,,,,,,
2022-11-03T14:33:58+05:30,14:33,609.7831719,588,,,,,,
2022-11-03T14:34:49+05:30,14:34,577.4958793,584,,,,,,
2022-11-03T14:35:39+05:30,14:35,599.020741,578,,,,,,
2022-11-03T14:36:30+05:30,14:36,579.2896177,576,,,,,,
2022-11-03T14:37:22+05:30,14:37,561.3522329,564,,,,,,
2022-11-03T14:38:13+05:30,14:38,618.7518643,578,,,,,,
2022-11-03T14:39:04+05:30,14:39,620.5456028,586,,,,,,
2022-11-03T14:39:54+05:30,14:39,577.4958793,582,,,,,,
2022-11-03T14:40:45+05:30,14:40,582.8770947,600,,,,,,
2022-11-03T14:41:36+05:30,14:41,604.4019564,630,,,,,,
2022-11-03T14:42:27+05:30,14:42,620.5456028,616,,,,,,
2022-11-03T14:43:18+05:30,14:43,624.1330797,608,,,,,,
2022-11-03T14:44:08+05:30,14:44,634.8955106,598,,,,,,
2022-11-03T14:44:59+05:30,14:44,627.7205567,608,,,,,,
2022-11-03T14:45:50+05:30,14:45,625.9268182,630,,,,,,
2022-11-03T14:46:41+05:30,14:46,620.5456028,632,,,,,,
2022-11-03T14:47:32+05:30,14:47,629.5142951,628,,,,,,
2022-11-03T14:48:22+05:30,14:48,633.1017721,650,,,,,,
2022-11-03T14:49:13+05:30,14:49,618.7518643,668,,,,,,
2022-11-03T14:50:04+05:30,14:50,642.0704645,666,,,,,,
2022-11-03T14:50:55+05:30,14:50,647.4516799,664,,,,,,
2022-11-03T14:51:46+05:30,14:51,649.2454184,668,,,,,,
2022-11-03T14:52:36+05:30,14:52,652.8328954,666,,,,,,
2022-11-03T14:53:27+05:30,14:53,688.707665,662,,,,,,
2022-11-03T14:54:18+05:30,14:54,694.0888804,666,,,,,,
2022-11-03T14:55:10+05:30,14:55,685.120188,652,,,,,,
2022-11-03T14:56:01+05:30,14:56,683.3264495,664,,,,,,
2022-11-03T14:56:53+05:30,14:56,668.9765417,686,,,,,,
2022-11-03T14:57:44+05:30,14:57,656.4203723,688,,,,,,
2022-11-03T14:58:35+05:30,14:58,661.8015878,694,,,,,,
2022-11-03T14:59:26+05:30,14:59,668.9765417,700,,,,,,
2022-11-03T15:00:17+05:30,15:00,685.120188,714,,,,,,
2022-11-03T15:01:08+05:30,15:01,715.6137421,722,,,,,,
2022-11-03T15:02:01+05:30,15:02,703.0575728,726,,,,,,
2022-11-03T15:02:52+05:30,15:02,710.2325267,734,,,,,,
2022-11-03T15:03:43+05:30,15:03,708.4387882,740,,,,,,