time,Time,Uncalibrated CO2 Values
2022-11-02T12:52:36+05:30,12:52:36,756
2022-11-02T12:53:27+05:30,12:53:27,680
2022-11-02T12:54:18+05:30,12:54:18,596
2022-11-02T12:55:08+05:30,12:55:08,608
2022-11-02T12:56:00+05:30,12:56:00,584
2022-11-02T12:56:51+05:30,12:56:51,544
2022-11-02T12:57:42+05:30,12:57:42,534
2022-11-02T12:58:34+05:30,12:58:34,526
2022-11-02T12:59:24+05:30,12:59:24,522
2022-11-02T13:00:16+05:30,13:00:16,520
2022-11-02T13:01:07+05:30,13:01:07,552
2022-11-02T13:02:02+05:30,13:02:02,588
2022-11-02T13:02:53+05:30,13:02:53,598
2022-11-02T13:03:44+05:30,13:03:44,572
2022-11-02T13:05:28+05:30,13:05:28,584
2022-11-02T13:06:22+05:30,13:06:22,590
2022-11-02T13:07:13+05:30,13:07:13,560
2022-11-02T13:08:04+05:30,13:08:04,524
2022-11-02T13:08:55+05:30,13:08:55,548
2022-11-02T13:09:46+05:30,13:09:46,562
2022-11-02T13:10:37+05:30,13:10:37,548
2022-11-02T13:11:28+05:30,13:11:28,568
2022-11-02T13:12:18+05:30,13:12:18,574
2022-11-02T13:13:09+05:30,13:13:09,570
2022-11-02T13:14:02+05:30,13:14:02,576
2022-11-02T13:14:53+05:30,13:14:53,564
2022-11-02T13:15:46+05:30,13:15:46,574
2022-11-02T13:16:37+05:30,13:16:37,572
2022-11-02T13:17:27+05:30,13:17:27,556
2022-11-02T13:18:18+05:30,13:18:18,552
2022-11-02T13:19:09+05:30,13:19:09,582
2022-11-02T13:20:00+05:30,13:20:00,578
2022-11-02T13:20:51+05:30,13:20:51,554
2022-11-02T13:21:41+05:30,13:21:41,580
2022-11-02T13:22:32+05:30,13:22:32,586
2022-11-02T13:23:23+05:30,13:23:23,578
2022-11-02T13:24:14+05:30,13:24:14,576
2022-11-02T13:25:05+05:30,13:25:05,544
2022-11-02T13:25:55+05:30,13:25:55,568
2022-11-02T13:26:46+05:30,13:26:46,606
2022-11-02T13:27:37+05:30,13:27:37,606
2022-11-02T13:28:28+05:30,13:28:28,620
2022-11-02T13:29:19+05:30,13:29:19,600
2022-11-02T13:30:10+05:30,13:30:10,582
2022-11-02T13:31:00+05:30,13:31:00,566
2022-11-02T13:31:51+05:30,13:31:51,558
2022-11-02T13:32:42+05:30,13:32:42,590
2022-11-02T13:33:33+05:30,13:33:33,584
2022-11-02T13:34:24+05:30,13:34:24,552
2022-11-02T13:35:14+05:30,13:35:14,562
2022-11-02T13:36:05+05:30,13:36:05,588
2022-11-02T13:36:56+05:30,13:36:56,540
2022-11-02T13:37:47+05:30,13:37:47,512
2022-11-02T13:38:38+05:30,13:38:38,528
2022-11-02T13:39:28+05:30,13:39:28,564
2022-11-02T13:40:19+05:30,13:40:19,588
2022-11-02T13:41:10+05:30,13:41:10,570
2022-11-02T13:42:01+05:30,13:42:01,556
2022-11-02T13:42:52+05:30,13:42:52,602
2022-11-02T13:43:42+05:30,13:43:42,594
2022-11-02T13:44:33+05:30,13:44:33,598
2022-11-02T13:45:24+05:30,13:45:24,600
2022-11-02T13:46:15+05:30,13:46:15,590
2022-11-02T13:47:06+05:30,13:47:06,562
2022-11-02T13:47:56+05:30,13:47:56,584
2022-11-02T13:48:47+05:30,13:48:47,590
2022-11-02T13:49:38+05:30,13:49:38,606
2022-11-02T13:50:29+05:30,13:50:29,606
2022-11-02T13:51:20+05:30,13:51:20,580
2022-11-02T13:52:14+05:30,13:52:14,552
2022-11-02T13:53:04+05:30,13:53:04,574
2022-11-02T13:53:55+05:30,13:53:55,574
2022-11-02T13:54:46+05:30,13:54:46,576
2022-11-02T13:55:37+05:30,13:55:37,582
2022-11-02T13:56:28+05:30,13:56:28,582
2022-11-02T13:57:18+05:30,13:57:18,592
2022-11-02T13:58:09+05:30,13:58:09,556
2022-11-02T13:59:00+05:30,13:59:00,578
2022-11-02T13:59:51+05:30,13:59:51,586
2022-11-02T14:00:42+05:30,14:00:42,594
2022-11-02T14:01:33+05:30,14:01:33,598
2022-11-02T14:02:23+05:30,14:02:23,578
2022-11-02T14:03:14+05:30,14:03:14,612
2022-11-02T14:04:05+05:30,14:04:05,640
2022-11-02T14:04:58+05:30,14:04:58,636
2022-11-02T14:05:49+05:30,14:05:49,614
2022-11-02T14:06:40+05:30,14:06:40,628
2022-11-02T14:07:31+05:30,14:07:31,630
2022-11-02T14:08:22+05:30,14:08:22,624
2022-11-02T14:09:13+05:30,14:09:13,638
2022-11-02T14:10:04+05:30,14:10:04,644
2022-11-02T14:10:54+05:30,14:10:54,636
2022-11-02T14:11:48+05:30,14:11:48,668
2022-11-02T14:12:38+05:30,14:12:38,646
2022-11-02T14:13:29+05:30,14:13:29,648
2022-11-02T14:14:22+05:30,14:14:22,658
2022-11-02T14:15:12+05:30,14:15:12,634
2022-11-02T14:16:03+05:30,14:16:03,634
2022-11-02T14:16:55+05:30,14:16:55,614
2022-11-02T14:17:46+05:30,14:17:46,622
2022-11-02T14:18:37+05:30,14:18:37,630
2022-11-02T14:41:07+05:30,14:41:07,638
2022-11-02T14:41:57+05:30,14:41:57,670
2022-11-02T14:42:48+05:30,14:42:48,692
2022-11-02T14:47:05+05:30,14:47:05,396
2022-11-02T14:47:56+05:30,14:47:56,782
2022-11-02T14:48:47+05:30,14:48:47,936
2022-11-02T14:49:38+05:30,14:49:38,870
2022-11-02T15:05:45+05:30,15:05:45,820
2022-11-02T15:06:36+05:30,15:06:36,838
2022-11-02T15:07:26+05:30,15:07:26,852
2022-11-02T15:08:17+05:30,15:08:17,854
2022-11-02T15:09:08+05:30,15:09:08,864
2022-11-02T15:09:58+05:30,15:09:58,858
2022-11-02T15:10:51+05:30,15:10:51,854
2022-11-02T15:11:41+05:30,15:11:41,870
2022-11-02T15:12:32+05:30,15:12:32,898
2022-11-02T15:13:23+05:30,15:13:23,890
2022-11-02T15:14:14+05:30,15:14:14,902
2022-11-02T15:15:05+05:30,15:15:05,908
2022-11-02T15:15:58+05:30,15:15:58,886
2022-11-02T15:16:48+05:30,15:16:48,914
2022-11-02T15:17:39+05:30,15:17:39,944
2022-11-02T15:18:30+05:30,15:18:30,948
2022-11-02T15:19:21+05:30,15:19:21,944
2022-11-02T15:20:11+05:30,15:20:11,980
2022-11-02T15:21:02+05:30,15:21:02,986
2022-11-02T15:21:53+05:30,15:21:53,1008
2022-11-02T15:22:44+05:30,15:22:44,1044
2022-11-02T15:23:35+05:30,15:23:35,1050
2022-11-02T15:24:26+05:30,15:24:26,1086
2022-11-02T15:25:16+05:30,15:25:16,1050
2022-11-02T15:26:07+05:30,15:26:07,1058
2022-11-02T15:26:58+05:30,15:26:58,1030
2022-11-02T15:27:50+05:30,15:27:50,1040
2022-11-02T15:28:42+05:30,15:28:42,1154
2022-11-02T15:29:35+05:30,15:29:35,1124
2022-11-02T15:30:25+05:30,15:30:25,1096
2022-11-02T15:31:16+05:30,15:31:16,1114
2022-11-02T15:32:07+05:30,15:32:07,1108
2022-11-02T15:32:58+05:30,15:32:58,1102
2022-11-02T15:33:48+05:30,15:33:48,1104
2022-11-02T15:34:39+05:30,15:34:39,1108
2022-11-02T15:35:30+05:30,15:35:30,1158
2022-11-02T15:36:21+05:30,15:36:21,1202
2022-11-02T15:37:12+05:30,15:37:12,1132
2022-11-02T15:38:03+05:30,15:38:03,1126
2022-11-02T15:38:54+05:30,15:38:54,1210
2022-11-02T15:39:45+05:30,15:39:45,1160
2022-11-02T15:40:40+05:30,15:40:40,1136
2022-11-02T15:41:33+05:30,15:41:33,1186
2022-11-02T15:42:23+05:30,15:42:23,1204
2022-11-02T15:43:14+05:30,15:43:14,1202
2022-11-02T15:44:05+05:30,15:44:05,394
2022-11-02T15:44:56+05:30,15:44:56,1498
2022-11-02T15:45:47+05:30,15:45:47,1246
2022-11-02T15:46:37+05:30,15:46:37,1228
2022-11-02T15:47:29+05:30,15:47:29,1228
2022-11-02T15:48:20+05:30,15:48:20,1264
2022-11-02T15:49:11+05:30,15:49:11,1292
2022-11-02T15:50:02+05:30,15:50:02,1236
2022-11-02T15:50:55+05:30,15:50:55,1218
2022-11-02T15:51:45+05:30,15:51:45,1236
2022-11-02T15:53:32+05:30,15:53:32,1234
2022-11-02T15:54:25+05:30,15:54:25,1214
2022-11-02T15:55:17+05:30,15:55:17,1214
2022-11-02T15:56:08+05:30,15:56:08,1198
2022-11-02T15:56:59+05:30,15:56:59,1202
2022-11-02T15:57:52+05:30,15:57:52,1256
2022-11-02T15:58:45+05:30,15:58:45,1254
2022-11-02T15:59:36+05:30,15:59:36,1218
2022-11-02T16:00:30+05:30,16:00:30,1256
2022-11-02T16:01:21+05:30,16:01:21,1244
2022-11-02T16:02:13+05:30,16:02:13,1196
2022-11-02T16:03:03+05:30,16:03:03,1218
2022-11-02T16:03:54+05:30,16:03:54,1220
2022-11-02T16:04:45+05:30,16:04:45,1194
2022-11-02T16:05:36+05:30,16:05:36,1186
2022-11-02T16:06:27+05:30,16:06:27,1200
2022-11-02T16:07:17+05:30,16:07:17,1220
2022-11-02T16:08:08+05:30,16:08:08,1230
2022-11-02T16:08:59+05:30,16:08:59,1228
2022-11-02T16:09:52+05:30,16:09:52,1216
2022-11-02T16:10:43+05:30,16:10:43,1228
2022-11-02T16:11:33+05:30,16:11:33,1206
2022-11-02T16:12:24+05:30,16:12:24,1188
2022-11-02T16:13:15+05:30,16:13:15,1210
2022-11-02T16:14:07+05:30,16:14:07,1204
2022-11-02T16:14:59+05:30,16:14:59,1216
2022-11-02T16:15:51+05:30,16:15:51,1172
2022-11-02T16:16:42+05:30,16:16:42,1172
2022-11-02T16:17:34+05:30,16:17:34,1212
2022-11-02T16:18:25+05:30,16:18:25,1178
2022-11-02T16:19:17+05:30,16:19:17,1174
2022-11-02T16:20:10+05:30,16:20:10,1204
2022-11-02T16:21:00+05:30,16:21:00,1186
2022-11-02T16:21:51+05:30,16:21:51,1164
2022-11-02T16:22:43+05:30,16:22:43,1126
2022-11-02T16:23:34+05:30,16:23:34,1136
2022-11-02T16:24:24+05:30,16:24:24,1164
2022-11-02T16:25:20+05:30,16:25:20,1148
2022-11-02T16:26:12+05:30,16:26:12,1108
2022-11-02T16:27:03+05:30,16:27:03,1130
2022-11-02T16:27:54+05:30,16:27:54,1148
2022-11-02T16:28:46+05:30,16:28:46,1130
2022-11-02T16:29:37+05:30,16:29:37,1108
2022-11-02T16:30:28+05:30,16:30:28,1100
2022-11-02T16:31:19+05:30,16:31:19,1090
2022-11-02T16:32:10+05:30,16:32:10,1108
2022-11-02T16:33:00+05:30,16:33:00,1112
2022-11-02T16:33:51+05:30,16:33:51,1082
2022-11-02T16:34:42+05:30,16:34:42,1076
2022-11-02T16:35:33+05:30,16:35:33,1070
2022-11-02T16:36:25+05:30,16:36:25,1062
2022-11-02T16:37:15+05:30,16:37:15,1078
2022-11-02T16:38:06+05:30,16:38:06,1082
2022-11-02T16:38:57+05:30,16:38:57,1070
2022-11-02T16:39:48+05:30,16:39:48,1016
2022-11-02T16:40:39+05:30,16:40:39,1020
2022-11-02T16:41:29+05:30,16:41:29,1030
2022-11-02T16:42:20+05:30,16:42:20,1016
2022-11-02T16:43:11+05:30,16:43:11,1006
2022-11-02T16:44:02+05:30,16:44:02,1014
2022-11-02T16:44:53+05:30,16:44:53,1026
2022-11-02T16:45:43+05:30,16:45:43,966
2022-11-02T16:46:34+05:30,16:46:34,964
2022-11-02T16:47:26+05:30,16:47:26,990
2022-11-02T16:48:17+05:30,16:48:17,992
2022-11-02T16:49:08+05:30,16:49:08,976
2022-11-02T16:49:59+05:30,16:49:59,970
2022-11-02T16:50:50+05:30,16:50:50,950
2022-11-02T16:51:42+05:30,16:51:42,950
2022-11-02T16:52:33+05:30,16:52:33,958
2022-11-02T16:53:24+05:30,16:53:24,962
2022-11-02T16:54:14+05:30,16:54:14,964
2022-11-02T16:55:05+05:30,16:55:05,942
2022-11-02T16:55:56+05:30,16:55:56,928
2022-11-02T16:56:47+05:30,16:56:47,944
2022-11-02T16:57:38+05:30,16:57:38,924
2022-11-02T16:58:29+05:30,16:58:29,912
2022-11-02T16:59:22+05:30,16:59:22,914
2022-11-02T17:00:13+05:30,17:00:13,890
2022-11-02T17:01:04+05:30,17:01:04,904
2022-11-02T17:01:56+05:30,17:01:56,924
2022-11-02T17:02:48+05:30,17:02:48,894
2022-11-02T17:03:39+05:30,17:03:39,884
2022-11-02T17:04:32+05:30,17:04:32,900
2022-11-02T17:05:23+05:30,17:05:23,914
2022-11-02T17:06:13+05:30,17:06:13,884
2022-11-02T17:07:06+05:30,17:07:06,910
2022-11-02T17:07:58+05:30,17:07:58,928
2022-11-02T17:08:50+05:30,17:08:50,896
2022-11-02T17:09:41+05:30,17:09:41,898
2022-11-02T17:10:34+05:30,17:10:34,886
2022-11-02T17:11:25+05:30,17:11:25,884
2022-11-02T17:12:17+05:30,17:12:17,862
2022-11-02T17:13:08+05:30,17:13:08,852
2022-11-02T17:14:00+05:30,17:14:00,900
2022-11-02T17:14:54+05:30,17:14:54,904
2022-11-02T17:15:45+05:30,17:15:45,882
2022-11-02T17:16:36+05:30,17:16:36,858
2022-11-02T17:17:27+05:30,17:17:27,852
2022-11-02T17:18:19+05:30,17:18:19,846
2022-11-02T17:19:13+05:30,17:19:13,832
2022-11-02T17:20:05+05:30,17:20:05,818
2022-11-02T17:20:56+05:30,17:20:56,828
2022-11-02T17:21:47+05:30,17:21:47,832
2022-11-02T17:22:38+05:30,17:22:38,830
2022-11-02T17:23:28+05:30,17:23:28,822
2022-11-02T17:24:20+05:30,17:24:20,818
2022-11-02T17:25:11+05:30,17:25:11,818
2022-11-02T17:26:03+05:30,17:26:03,824
2022-11-02T17:26:55+05:30,17:26:55,838
2022-11-02T17:27:45+05:30,17:27:45,842
2022-11-02T17:28:37+05:30,17:28:37,818
2022-11-02T17:29:28+05:30,17:29:28,812
2022-11-02T17:30:24+05:30,17:30:24,816
2022-11-02T17:31:14+05:30,17:31:14,810
2022-11-02T17:32:04+05:30,17:32:04,806
2022-11-02T17:32:55+05:30,17:32:55,840
2022-11-02T17:33:46+05:30,17:33:46,820
2022-11-02T17:34:38+05:30,17:34:38,826
2022-11-02T17:35:28+05:30,17:35:28,854
2022-11-02T17:36:19+05:30,17:36:19,854
2022-11-02T17:37:10+05:30,17:37:10,822
2022-11-02T17:38:01+05:30,17:38:01,804
2022-11-02T17:38:52+05:30,17:38:52,820
2022-11-02T17:39:42+05:30,17:39:42,812
2022-11-02T17:40:33+05:30,17:40:33,824
2022-11-02T17:41:24+05:30,17:41:24,832
2022-11-02T17:42:15+05:30,17:42:15,824
2022-11-02T17:43:06+05:30,17:43:06,822
2022-11-02T17:43:56+05:30,17:43:56,796
2022-11-02T17:44:47+05:30,17:44:47,722
2022-11-02T17:45:39+05:30,17:45:39,730
2022-11-02T17:46:30+05:30,17:46:30,802
2022-11-02T17:47:21+05:30,17:47:21,812
2022-11-02T17:48:11+05:30,17:48:11,808
2022-11-02T17:49:02+05:30,17:49:02,774
2022-11-02T17:49:53+05:30,17:49:53,758
2022-11-02T17:50:44+05:30,17:50:44,754
2022-11-02T17:51:35+05:30,17:51:35,758
2022-11-02T17:52:25+05:30,17:52:25,746
2022-11-02T17:53:16+05:30,17:53:16,762
2022-11-02T17:54:07+05:30,17:54:07,756
2022-11-02T17:55:00+05:30,17:55:00,756
2022-11-02T17:55:51+05:30,17:55:51,776
2022-11-02T17:56:45+05:30,17:56:45,778
2022-11-02T17:57:35+05:30,17:57:35,754
2022-11-02T17:58:30+05:30,17:58:30,748
2022-11-02T17:59:21+05:30,17:59:21,752
2022-11-02T18:00:12+05:30,18:00:12,768
2022-11-02T18:01:08+05:30,18:01:08,780
2022-11-02T18:01:59+05:30,18:01:59,782
2022-11-02T18:02:50+05:30,18:02:50,750
2022-11-02T18:03:41+05:30,18:03:41,728
2022-11-02T18:04:32+05:30,18:04:32,748
2022-11-02T18:05:22+05:30,18:05:22,784
2022-11-02T18:06:13+05:30,18:06:13,768
2022-11-02T18:07:04+05:30,18:07:04,738
2022-11-02T18:07:56+05:30,18:07:56,730
2022-11-02T18:08:47+05:30,18:08:47,704
2022-11-02T18:09:37+05:30,18:09:37,716
2022-11-02T18:10:28+05:30,18:10:28,724
2022-11-02T18:11:19+05:30,18:11:19,698
2022-11-02T18:12:10+05:30,18:12:10,698
2022-11-02T18:13:01+05:30,18:13:01,716
2022-11-02T18:13:51+05:30,18:13:51,720
2022-11-02T18:14:42+05:30,18:14:42,728
2022-11-02T18:15:33+05:30,18:15:33,720
2022-11-02T18:17:19+05:30,18:17:19,724
2022-11-02T18:18:09+05:30,18:18:09,722
2022-11-02T18:19:00+05:30,18:19:00,724
2022-11-02T18:19:51+05:30,18:19:51,728
2022-11-02T18:20:43+05:30,18:20:43,730
2022-11-02T18:21:34+05:30,18:21:34,714
2022-11-02T18:22:24+05:30,18:22:24,726
2022-11-02T18:23:15+05:30,18:23:15,720
2022-11-02T18:24:06+05:30,18:24:06,736
2022-11-02T18:24:57+05:30,18:24:57,748
2022-11-02T18:25:47+05:30,18:25:47,752
2022-11-02T18:26:38+05:30,18:26:38,740
2022-11-02T18:27:31+05:30,18:27:31,738
2022-11-02T18:28:22+05:30,18:28:22,760
2022-11-02T18:29:13+05:30,18:29:13,772
2022-11-02T18:30:04+05:30,18:30:04,754
2022-11-02T18:30:55+05:30,18:30:55,740
2022-11-02T18:31:46+05:30,18:31:46,746
2022-11-02T18:32:37+05:30,18:32:37,766
2022-11-02T18:33:28+05:30,18:33:28,780
2022-11-02T18:34:18+05:30,18:34:18,764
2022-11-02T18:35:09+05:30,18:35:09,756
2022-11-02T18:36:00+05:30,18:36:00,754
2022-11-02T18:36:52+05:30,18:36:52,752
2022-11-02T18:37:42+05:30,18:37:42,762
2022-11-02T18:38:33+05:30,18:38:33,762
2022-11-02T18:39:25+05:30,18:39:25,784
2022-11-02T18:40:16+05:30,18:40:16,796
2022-11-02T18:41:07+05:30,18:41:07,778
2022-11-02T18:41:58+05:30,18:41:58,762
2022-11-02T18:42:48+05:30,18:42:48,772
2022-11-02T18:43:39+05:30,18:43:39,768
2022-11-02T18:44:31+05:30,18:44:31,758
2022-11-02T18:45:22+05:30,18:45:22,772
2022-11-02T18:46:12+05:30,18:46:12,762
2022-11-02T18:47:03+05:30,18:47:03,768
2022-11-02T18:47:54+05:30,18:47:54,782
2022-11-02T18:48:45+05:30,18:48:45,784
2022-11-02T18:49:36+05:30,18:49:36,774
2022-11-02T18:50:26+05:30,18:50:26,774
2022-11-02T18:51:17+05:30,18:51:17,784
2022-11-02T18:52:08+05:30,18:52:08,764
2022-11-02T18:52:59+05:30,18:52:59,742
2022-11-02T18:53:50+05:30,18:53:50,750
2022-11-02T18:54:41+05:30,18:54:41,764
2022-11-02T18:55:32+05:30,18:55:32,746
2022-11-02T18:56:23+05:30,18:56:23,760
2022-11-02T18:57:14+05:30,18:57:14,762
2022-11-02T18:58:05+05:30,18:58:05,772
2022-11-02T18:58:55+05:30,18:58:55,754
2022-11-02T18:59:46+05:30,18:59:46,758
2022-11-02T19:00:40+05:30,19:00:40,770
2022-11-02T19:01:30+05:30,19:01:30,746
2022-11-02T19:02:21+05:30,19:02:21,740
2022-11-02T19:03:12+05:30,19:03:12,776
2022-11-02T19:04:04+05:30,19:04:04,780
2022-11-02T19:04:55+05:30,19:04:55,764
2022-11-02T19:05:46+05:30,19:05:46,736
2022-11-02T19:06:36+05:30,19:06:36,780
2022-11-02T19:07:27+05:30,19:07:27,786
2022-11-02T19:08:18+05:30,19:08:18,760
2022-11-02T19:09:10+05:30,19:09:10,772
2022-11-02T19:10:01+05:30,19:10:01,788
2022-11-02T19:10:53+05:30,19:10:53,752
2022-11-02T19:11:44+05:30,19:11:44,742
2022-11-02T19:12:36+05:30,19:12:36,764
2022-11-02T19:13:27+05:30,19:13:27,762
2022-11-02T19:14:17+05:30,19:14:17,784
2022-11-02T19:15:08+05:30,19:15:08,780
2022-11-02T19:15:59+05:30,19:15:59,760
2022-11-02T19:16:50+05:30,19:16:50,744
2022-11-02T19:17:41+05:30,19:17:41,758
2022-11-02T19:18:33+05:30,19:18:33,740
2022-11-02T19:19:24+05:30,19:19:24,732
2022-11-02T19:20:15+05:30,19:20:15,758
2022-11-02T19:21:06+05:30,19:21:06,772
2022-11-02T19:21:57+05:30,19:21:57,748
2022-11-02T19:22:49+05:30,19:22:49,728
2022-11-02T19:23:39+05:30,19:23:39,722
2022-11-02T19:24:30+05:30,19:24:30,750
2022-11-02T19:25:21+05:30,19:25:21,748
2022-11-02T19:26:11+05:30,19:26:11,736
2022-11-02T19:27:02+05:30,19:27:02,740
2022-11-02T19:27:53+05:30,19:27:53,756
2022-11-02T19:28:44+05:30,19:28:44,734
2022-11-02T19:29:36+05:30,19:29:36,746
2022-11-02T19:30:26+05:30,19:30:26,778
2022-11-02T19:31:18+05:30,19:31:18,784
2022-11-02T19:32:11+05:30,19:32:11,754
2022-11-02T19:33:02+05:30,19:33:02,760
2022-11-02T19:33:53+05:30,19:33:53,756
2022-11-02T19:34:43+05:30,19:34:43,780
2022-11-02T19:35:35+05:30,19:35:35,774
2022-11-02T19:36:26+05:30,19:36:26,766
2022-11-02T19:37:17+05:30,19:37:17,756
2022-11-02T19:38:08+05:30,19:38:08,752
2022-11-02T19:38:58+05:30,19:38:58,738
2022-11-02T19:39:49+05:30,19:39:49,736
2022-11-02T19:40:40+05:30,19:40:40,744
2022-11-02T19:41:31+05:30,19:41:31,752
2022-11-02T19:42:21+05:30,19:42:21,740
2022-11-02T19:43:12+05:30,19:43:12,742
2022-11-02T19:44:04+05:30,19:44:04,764
2022-11-02T19:44:55+05:30,19:44:55,758
2022-11-02T19:45:46+05:30,19:45:46,748
2022-11-02T19:46:36+05:30,19:46:36,748
2022-11-02T19:47:27+05:30,19:47:27,758
2022-11-02T19:48:19+05:30,19:48:19,756
2022-11-02T19:49:10+05:30,19:49:10,764
2022-11-02T19:50:01+05:30,19:50:01,756
2022-11-02T19:50:51+05:30,19:50:51,750
2022-11-02T19:51:42+05:30,19:51:42,768
2022-11-02T19:52:33+05:30,19:52:33,760
2022-11-02T19:53:25+05:30,19:53:25,790
2022-11-02T19:54:16+05:30,19:54:16,764
2022-11-02T19:55:06+05:30,19:55:06,762
2022-11-02T19:55:57+05:30,19:55:57,766
2022-11-02T19:56:48+05:30,19:56:48,762
2022-11-02T19:57:39+05:30,19:57:39,758
2022-11-02T19:58:30+05:30,19:58:30,760
2022-11-02T19:59:20+05:30,19:59:20,754
2022-11-02T20:00:11+05:30,20:00:11,756
2022-11-02T20:01:02+05:30,20:01:02,766
2022-11-02T20:01:53+05:30,20:01:53,766
2022-11-02T20:02:45+05:30,20:02:45,768
2022-11-02T20:03:36+05:30,20:03:36,758
2022-11-02T20:04:27+05:30,20:04:27,738
2022-11-02T20:05:19+05:30,20:05:19,776
2022-11-02T20:06:11+05:30,20:06:11,788
2022-11-02T20:07:02+05:30,20:07:02,770
2022-11-02T20:07:52+05:30,20:07:52,754
2022-11-02T20:08:43+05:30,20:08:43,740
2022-11-02T20:09:34+05:30,20:09:34,754
2022-11-02T20:10:25+05:30,20:10:25,754
2022-11-02T20:11:15+05:30,20:11:15,758
2022-11-02T20:12:06+05:30,20:12:06,782
2022-11-02T20:12:57+05:30,20:12:57,780
2022-11-02T20:13:48+05:30,20:13:48,774
2022-11-02T20:14:39+05:30,20:14:39,784
2022-11-02T20:15:29+05:30,20:15:29,768
2022-11-02T20:16:20+05:30,20:16:20,756
2022-11-02T20:17:11+05:30,20:17:11,780
2022-11-02T20:18:04+05:30,20:18:04,786
2022-11-02T20:18:55+05:30,20:18:55,772
2022-11-02T20:19:45+05:30,20:19:45,760
2022-11-02T20:20:36+05:30,20:20:36,788
2022-11-02T20:21:27+05:30,20:21:27,772
2022-11-02T20:22:18+05:30,20:22:18,750
2022-11-02T20:23:12+05:30,20:23:12,766
2022-11-02T20:24:03+05:30,20:24:03,778
2022-11-02T20:24:54+05:30,20:24:54,780
2022-11-02T20:25:45+05:30,20:25:45,770
2022-11-02T20:26:36+05:30,20:26:36,782
2022-11-02T20:27:26+05:30,20:27:26,792
2022-11-02T20:28:17+05:30,20:28:17,776
2022-11-02T20:29:08+05:30,20:29:08,766
2022-11-02T20:29:59+05:30,20:29:59,758
2022-11-02T20:30:50+05:30,20:30:50,754
2022-11-02T20:31:41+05:30,20:31:41,758
2022-11-02T20:32:35+05:30,20:32:35,750
2022-11-02T20:33:27+05:30,20:33:27,752
2022-11-02T20:34:18+05:30,20:34:18,772
2022-11-02T20:35:09+05:30,20:35:09,780
2022-11-02T20:36:00+05:30,20:36:00,772
2022-11-02T20:36:50+05:30,20:36:50,764
2022-11-02T20:37:41+05:30,20:37:41,748
2022-11-02T20:38:32+05:30,20:38:32,742
2022-11-02T20:39:23+05:30,20:39:23,746
2022-11-02T20:40:13+05:30,20:40:13,794
2022-11-02T20:41:04+05:30,20:41:04,822
2022-11-02T20:41:55+05:30,20:41:55,816
2022-11-02T20:42:46+05:30,20:42:46,804
2022-11-02T20:43:38+05:30,20:43:38,806
2022-11-02T20:44:28+05:30,20:44:28,818
2022-11-02T20:45:19+05:30,20:45:19,830
2022-11-02T20:46:10+05:30,20:46:10,822
2022-11-02T20:47:01+05:30,20:47:01,818
2022-11-02T20:47:52+05:30,20:47:52,816
2022-11-02T20:48:42+05:30,20:48:42,816
2022-11-02T20:49:33+05:30,20:49:33,820
2022-11-02T20:50:24+05:30,20:50:24,820
2022-11-02T20:51:15+05:30,20:51:15,864
2022-11-02T20:52:07+05:30,20:52:07,850
2022-11-02T20:52:57+05:30,20:52:57,838
2022-11-02T20:53:49+05:30,20:53:49,838
2022-11-02T20:54:40+05:30,20:54:40,840
2022-11-02T20:55:31+05:30,20:55:31,864
2022-11-02T20:56:22+05:30,20:56:22,844
2022-11-02T20:57:12+05:30,20:57:12,836
2022-11-02T20:58:03+05:30,20:58:03,854
2022-11-02T20:58:55+05:30,20:58:55,844
2022-11-02T20:59:46+05:30,20:59:46,822
2022-11-02T21:00:37+05:30,21:00:37,824
2022-11-02T21:01:27+05:30,21:01:27,874
2022-11-02T21:02:20+05:30,21:02:20,858
2022-11-02T21:03:11+05:30,21:03:11,852
2022-11-02T21:04:02+05:30,21:04:02,836
2022-11-02T21:04:52+05:30,21:04:52,852
2022-11-02T21:05:43+05:30,21:05:43,870
2022-11-02T21:06:34+05:30,21:06:34,874
2022-11-02T21:07:25+05:30,21:07:25,860
2022-11-02T21:08:16+05:30,21:08:16,868
2022-11-02T21:09:06+05:30,21:09:06,856
2022-11-02T21:09:58+05:30,21:09:58,864
2022-11-02T21:10:49+05:30,21:10:49,882
2022-11-02T21:11:40+05:30,21:11:40,876
2022-11-02T21:12:30+05:30,21:12:30,886
2022-11-02T21:13:21+05:30,21:13:21,890
2022-11-02T21:14:12+05:30,21:14:12,890
2022-11-02T21:15:03+05:30,21:15:03,848
2022-11-02T21:15:54+05:30,21:15:54,854
2022-11-02T21:16:44+05:30,21:16:44,886
2022-11-02T21:17:35+05:30,21:17:35,888
2022-11-02T21:18:26+05:30,21:18:26,892
2022-11-02T21:19:18+05:30,21:19:18,884
2022-11-02T21:20:09+05:30,21:20:09,906
2022-11-02T21:20:59+05:30,21:20:59,932
2022-11-02T21:21:50+05:30,21:21:50,926
2022-11-02T21:22:41+05:30,21:22:41,912
2022-11-02T21:23:32+05:30,21:23:32,892
2022-11-02T21:24:24+05:30,21:24:24,860
2022-11-02T21:25:14+05:30,21:25:14,862
2022-11-02T21:26:05+05:30,21:26:05,876
2022-11-02T21:26:56+05:30,21:26:56,886
2022-11-02T21:27:47+05:30,21:27:47,866
2022-11-02T21:28:38+05:30,21:28:38,864
2022-11-02T21:29:28+05:30,21:29:28,896
2022-11-02T21:30:19+05:30,21:30:19,918
2022-11-02T21:31:10+05:30,21:31:10,932
2022-11-02T21:32:01+05:30,21:32:01,898
2022-11-02T21:32:55+05:30,21:32:55,900
2022-11-02T21:33:46+05:30,21:33:46,896
2022-11-02T21:34:38+05:30,21:34:38,908
2022-11-02T21:35:29+05:30,21:35:29,912
2022-11-02T21:36:20+05:30,21:36:20,858
2022-11-02T21:37:10+05:30,21:37:10,872
2022-11-02T21:38:01+05:30,21:38:01,864
2022-11-02T21:38:53+05:30,21:38:53,858
2022-11-02T21:39:48+05:30,21:39:48,840
2022-11-02T21:40:39+05:30,21:40:39,842
2022-11-02T21:41:29+05:30,21:41:29,902
2022-11-02T21:42:20+05:30,21:42:20,894
2022-11-02T21:43:11+05:30,21:43:11,874
2022-11-02T21:44:03+05:30,21:44:03,908
2022-11-02T21:44:54+05:30,21:44:54,900
2022-11-02T21:45:44+05:30,21:45:44,848
2022-11-02T21:46:35+05:30,21:46:35,842
2022-11-02T21:47:26+05:30,21:47:26,852
2022-11-02T21:48:17+05:30,21:48:17,882
2022-11-02T21:49:08+05:30,21:49:08,892
2022-11-02T21:49:58+05:30,21:49:58,916
2022-11-02T21:50:52+05:30,21:50:52,896
2022-11-02T21:51:43+05:30,21:51:43,898
2022-11-02T21:52:34+05:30,21:52:34,884
2022-11-02T21:53:24+05:30,21:53:24,876
2022-11-02T21:54:16+05:30,21:54:16,898
2022-11-02T21:55:08+05:30,21:55:08,880
2022-11-02T21:55:59+05:30,21:55:59,864
2022-11-02T21:56:50+05:30,21:56:50,860
2022-11-02T21:57:40+05:30,21:57:40,868
2022-11-02T21:58:31+05:30,21:58:31,860
2022-11-02T21:59:22+05:30,21:59:22,876
2022-11-02T22:00:16+05:30,22:00:16,880
2022-11-02T22:01:08+05:30,22:01:08,876
2022-11-02T22:01:58+05:30,22:01:58,898
2022-11-02T22:02:49+05:30,22:02:49,918
2022-11-02T22:03:40+05:30,22:03:40,896
2022-11-02T22:04:31+05:30,22:04:31,860
2022-11-02T22:05:21+05:30,22:05:21,896
2022-11-02T22:06:12+05:30,22:06:12,908
2022-11-02T22:07:03+05:30,22:07:03,884
2022-11-02T22:07:54+05:30,22:07:54,882
2022-11-02T22:08:45+05:30,22:08:45,868
2022-11-02T22:09:35+05:30,22:09:35,864
2022-11-02T22:10:27+05:30,22:10:27,904
2022-11-02T22:11:18+05:30,22:11:18,914
2022-11-02T22:12:10+05:30,22:12:10,880
2022-11-02T22:13:00+05:30,22:13:00,904
2022-11-02T22:13:50+05:30,22:13:50,892
2022-11-02T22:14:41+05:30,22:14:41,896
2022-11-02T22:15:32+05:30,22:15:32,862
2022-11-02T22:16:23+05:30,22:16:23,884
2022-11-02T22:17:16+05:30,22:17:16,904
2022-11-02T22:18:06+05:30,22:18:06,912
2022-11-02T22:18:57+05:30,22:18:57,908
2022-11-02T22:19:48+05:30,22:19:48,912
2022-11-02T22:20:39+05:30,22:20:39,892
2022-11-02T22:21:30+05:30,22:21:30,890
2022-11-02T22:22:20+05:30,22:22:20,866
2022-11-02T22:23:11+05:30,22:23:11,866
2022-11-02T22:24:02+05:30,22:24:02,916
2022-11-02T22:24:53+05:30,22:24:53,916
2022-11-02T22:25:44+05:30,22:25:44,902
2022-11-02T22:26:34+05:30,22:26:34,900
2022-11-02T22:27:25+05:30,22:27:25,868
2022-11-02T22:28:16+05:30,22:28:16,872
2022-11-02T22:29:07+05:30,22:29:07,834
2022-11-02T22:30:00+05:30,22:30:00,882
2022-11-02T22:30:52+05:30,22:30:52,894
2022-11-02T22:31:43+05:30,22:31:43,888
2022-11-02T22:32:34+05:30,22:32:34,876
2022-11-02T22:33:26+05:30,22:33:26,872
2022-11-02T22:34:19+05:30,22:34:19,910
2022-11-02T22:35:12+05:30,22:35:12,922
2022-11-02T22:36:03+05:30,22:36:03,916
2022-11-02T22:36:54+05:30,22:36:54,896
2022-11-02T22:37:45+05:30,22:37:45,886
2022-11-02T22:38:35+05:30,22:38:35,892
2022-11-02T22:39:26+05:30,22:39:26,926
2022-11-02T22:40:17+05:30,22:40:17,924
2022-11-02T22:41:08+05:30,22:41:08,908
2022-11-02T22:41:58+05:30,22:41:58,924
2022-11-02T22:42:50+05:30,22:42:50,898
2022-11-02T22:43:41+05:30,22:43:41,878
2022-11-02T22:44:32+05:30,22:44:32,904
2022-11-02T22:45:23+05:30,22:45:23,912
2022-11-02T22:46:13+05:30,22:46:13,910
2022-11-02T22:47:04+05:30,22:47:04,870
2022-11-02T22:47:55+05:30,22:47:55,864
2022-11-02T22:48:46+05:30,22:48:46,862
2022-11-02T22:49:37+05:30,22:49:37,866
2022-11-02T22:50:27+05:30,22:50:27,914
2022-11-02T22:51:18+05:30,22:51:18,882
2022-11-02T22:52:12+05:30,22:52:12,868
2022-11-02T22:53:03+05:30,22:53:03,884
2022-11-02T22:53:53+05:30,22:53:53,888
2022-11-02T22:54:44+05:30,22:54:44,900
2022-11-02T22:55:35+05:30,22:55:35,880
2022-11-02T22:56:26+05:30,22:56:26,894
2022-11-02T22:57:17+05:30,22:57:17,890
2022-11-02T22:58:07+05:30,22:58:07,876
2022-11-02T22:58:59+05:30,22:58:59,876
2022-11-02T22:59:50+05:30,22:59:50,888
2022-11-02T23:00:41+05:30,23:00:41,894
2022-11-02T23:01:34+05:30,23:01:34,880
2022-11-02T23:02:25+05:30,23:02:25,878
2022-11-02T23:03:17+05:30,23:03:17,886
2022-11-02T23:04:08+05:30,23:04:08,898
2022-11-02T23:04:59+05:30,23:04:59,888
2022-11-02T23:05:49+05:30,23:05:49,864
2022-11-02T23:06:40+05:30,23:06:40,882
2022-11-02T23:07:31+05:30,23:07:31,878
2022-11-02T23:08:22+05:30,23:08:22,884
2022-11-02T23:09:13+05:30,23:09:13,858
2022-11-02T23:10:03+05:30,23:10:03,842
2022-11-02T23:10:54+05:30,23:10:54,860
2022-11-02T23:11:45+05:30,23:11:45,884
2022-11-02T23:12:36+05:30,23:12:36,872
2022-11-02T23:13:28+05:30,23:13:28,838
2022-11-02T23:14:18+05:30,23:14:18,838
2022-11-02T23:15:09+05:30,23:15:09,838
2022-11-02T23:16:00+05:30,23:16:00,852
2022-11-02T23:16:51+05:30,23:16:51,850
2022-11-02T23:17:41+05:30,23:17:41,850
2022-11-02T23:18:32+05:30,23:18:32,844
2022-11-02T23:19:23+05:30,23:19:23,806
2022-11-02T23:20:14+05:30,23:20:14,828
2022-11-02T23:21:05+05:30,23:21:05,830
2022-11-02T23:21:55+05:30,23:21:55,836
2022-11-02T23:22:46+05:30,23:22:46,820
2022-11-02T23:23:37+05:30,23:23:37,842
2022-11-02T23:24:28+05:30,23:24:28,868
2022-11-02T23:25:19+05:30,23:25:19,848
2022-11-02T23:26:09+05:30,23:26:09,830
2022-11-02T23:27:00+05:30,23:27:00,852
2022-11-02T23:27:51+05:30,23:27:51,842
2022-11-02T23:28:42+05:30,23:28:42,836
2022-11-02T23:29:35+05:30,23:29:35,838
2022-11-02T23:30:26+05:30,23:30:26,834
2022-11-02T23:31:17+05:30,23:31:17,850
2022-11-02T23:32:08+05:30,23:32:08,820
2022-11-02T23:32:59+05:30,23:32:59,808
2022-11-02T23:33:50+05:30,23:33:50,850
2022-11-02T23:34:41+05:30,23:34:41,864
2022-11-02T23:35:32+05:30,23:35:32,850
2022-11-02T23:36:23+05:30,23:36:23,820
2022-11-02T23:37:14+05:30,23:37:14,838
2022-11-02T23:38:04+05:30,23:38:04,828
2022-11-02T23:38:55+05:30,23:38:55,834
2022-11-02T23:39:46+05:30,23:39:46,874
2022-11-02T23:40:37+05:30,23:40:37,904
2022-11-02T23:41:28+05:30,23:41:28,884
2022-11-02T23:42:18+05:30,23:42:18,836
2022-11-02T23:43:09+05:30,23:43:09,836
2022-11-02T23:44:01+05:30,23:44:01,844
2022-11-02T23:44:52+05:30,23:44:52,834
2022-11-02T23:45:42+05:30,23:45:42,854
2022-11-02T23:46:33+05:30,23:46:33,878
2022-11-02T23:47:24+05:30,23:47:24,876
2022-11-02T23:48:15+05:30,23:48:15,842
2022-11-02T23:49:06+05:30,23:49:06,824
2022-11-02T23:49:56+05:30,23:49:56,820
2022-11-02T23:50:47+05:30,23:50:47,826
2022-11-02T23:51:38+05:30,23:51:38,806
2022-11-02T23:52:29+05:30,23:52:29,818
2022-11-02T23:53:21+05:30,23:53:21,828
2022-11-02T23:54:11+05:30,23:54:11,862
2022-11-02T23:55:02+05:30,23:55:02,868
2022-11-02T23:55:53+05:30,23:55:53,900
2022-11-02T23:56:44+05:30,23:56:44,892
2022-11-02T23:57:34+05:30,23:57:34,892
2022-11-02T23:58:25+05:30,23:58:25,880
2022-11-02T23:59:16+05:30,23:59:16,834
2022-11-03T00:00:07+05:30,00:00:07,854
2022-11-03T00:00:58+05:30,00:00:58,888
2022-11-03T00:01:48+05:30,00:01:48,876
2022-11-03T00:02:39+05:30,00:02:39,880
2022-11-03T00:03:30+05:30,00:03:30,870
2022-11-03T00:04:21+05:30,00:04:21,884
2022-11-03T00:05:12+05:30,00:05:12,1042
2022-11-03T00:06:02+05:30,00:06:02,928
2022-11-03T00:06:53+05:30,00:06:53,872
2022-11-03T00:07:47+05:30,00:07:47,904
2022-11-03T00:08:38+05:30,00:08:38,892
2022-11-03T00:09:28+05:30,00:09:28,868
2022-11-03T00:10:19+05:30,00:10:19,878
2022-11-03T00:11:10+05:30,00:11:10,840
2022-11-03T00:12:01+05:30,00:12:01,738
2022-11-03T00:12:52+05:30,00:12:52,706
2022-11-03T00:13:42+05:30,00:13:42,704
2022-11-03T00:14:33+05:30,00:14:33,712
2022-11-03T00:15:24+05:30,00:15:24,708
2022-11-03T00:16:15+05:30,00:16:15,696
2022-11-03T00:17:07+05:30,00:17:07,696
2022-11-03T00:17:57+05:30,00:17:57,710
2022-11-03T00:18:49+05:30,00:18:49,726
2022-11-03T00:19:42+05:30,00:19:42,716
2022-11-03T00:20:34+05:30,00:20:34,702
2022-11-03T00:21:24+05:30,00:21:24,694
2022-11-03T00:22:15+05:30,00:22:15,698
2022-11-03T00:23:06+05:30,00:23:06,696
2022-11-03T00:23:57+05:30,00:23:57,708
2022-11-03T00:24:47+05:30,00:24:47,710
2022-11-03T00:25:38+05:30,00:25:38,678
2022-11-03T00:26:29+05:30,00:26:29,656
2022-11-03T00:27:21+05:30,00:27:21,654
2022-11-03T00:28:12+05:30,00:28:12,650
2022-11-03T00:29:02+05:30,00:29:02,616
2022-11-03T00:29:53+05:30,00:29:53,600
2022-11-03T00:30:44+05:30,00:30:44,590
2022-11-03T00:31:35+05:30,00:31:35,588
2022-11-03T00:32:26+05:30,00:32:26,578
2022-11-03T00:33:16+05:30,00:33:16,570
2022-11-03T00:34:08+05:30,00:34:08,574
2022-11-03T00:34:59+05:30,00:34:59,568
2022-11-03T00:35:50+05:30,00:35:50,560
2022-11-03T00:36:41+05:30,00:36:41,554
2022-11-03T00:37:31+05:30,00:37:31,552
2022-11-03T00:38:22+05:30,00:38:22,562
2022-11-03T00:39:13+05:30,00:39:13,566
2022-11-03T00:40:04+05:30,00:40:04,538
2022-11-03T00:40:54+05:30,00:40:54,534
2022-11-03T00:41:45+05:30,00:41:45,548
2022-11-03T00:42:36+05:30,00:42:36,552
2022-11-03T00:43:30+05:30,00:43:30,536
2022-11-03T00:44:21+05:30,00:44:21,534
2022-11-03T00:45:11+05:30,00:45:11,528
2022-11-03T00:46:05+05:30,00:46:05,502
2022-11-03T00:46:55+05:30,00:46:55,502
2022-11-03T00:47:46+05:30,00:47:46,506
2022-11-03T00:48:37+05:30,00:48:37,524
2022-11-03T00:49:28+05:30,00:49:28,510
2022-11-03T00:50:19+05:30,00:50:19,526
2022-11-03T00:51:10+05:30,00:51:10,536
2022-11-03T00:52:01+05:30,00:52:01,532
2022-11-03T00:52:51+05:30,00:52:51,524
2022-11-03T00:53:42+05:30,00:53:42,524
2022-11-03T00:54:33+05:30,00:54:33,512
2022-11-03T00:55:24+05:30,00:55:24,492
2022-11-03T00:56:15+05:30,00:56:15,490
2022-11-03T00:57:05+05:30,00:57:05,506
2022-11-03T00:57:56+05:30,00:57:56,510
2022-11-03T00:58:49+05:30,00:58:49,492
2022-11-03T00:59:40+05:30,00:59:40,498
2022-11-03T01:00:31+05:30,01:00:31,518
2022-11-03T01:01:21+05:30,01:01:21,520
2022-11-03T01:02:12+05:30,01:02:12,512
2022-11-03T01:03:03+05:30,01:03:03,516
2022-11-03T01:03:54+05:30,01:03:54,504
2022-11-03T01:04:45+05:30,01:04:45,500
2022-11-03T01:05:35+05:30,01:05:35,496
2022-11-03T01:06:26+05:30,01:06:26,496
2022-11-03T01:07:17+05:30,01:07:17,494
2022-11-03T01:08:08+05:30,01:08:08,490
2022-11-03T01:08:59+05:30,01:08:59,494
2022-11-03T01:09:49+05:30,01:09:49,494
2022-11-03T01:10:40+05:30,01:10:40,480
2022-11-03T01:11:31+05:30,01:11:31,480
2022-11-03T01:12:22+05:30,01:12:22,490
2022-11-03T01:13:12+05:30,01:13:12,500
2022-11-03T01:14:03+05:30,01:14:03,496
2022-11-03T01:14:54+05:30,01:14:54,492
2022-11-03T01:15:45+05:30,01:15:45,488
2022-11-03T01:16:36+05:30,01:16:36,498
2022-11-03T01:17:26+05:30,01:17:26,478
2022-11-03T01:18:17+05:30,01:18:17,472
2022-11-03T01:19:08+05:30,01:19:08,472
2022-11-03T01:19:59+05:30,01:19:59,476
2022-11-03T01:20:51+05:30,01:20:51,486
2022-11-03T01:21:41+05:30,01:21:41,482
2022-11-03T01:22:32+05:30,01:22:32,470
2022-11-03T01:23:23+05:30,01:23:23,466
2022-11-03T01:24:14+05:30,01:24:14,462
2022-11-03T01:25:07+05:30,01:25:07,464
2022-11-03T01:25:57+05:30,01:25:57,458
2022-11-03T01:26:48+05:30,01:26:48,456
2022-11-03T01:27:39+05:30,01:27:39,454
2022-11-03T01:28:30+05:30,01:28:30,454
2022-11-03T01:29:20+05:30,01:29:20,468
2022-11-03T01:30:11+05:30,01:30:11,450
2022-11-03T01:31:02+05:30,01:31:02,442
2022-11-03T01:31:53+05:30,01:31:53,436
2022-11-03T01:32:44+05:30,01:32:44,450
2022-11-03T01:33:36+05:30,01:33:36,448
2022-11-03T01:34:26+05:30,01:34:26,458
2022-11-03T01:35:17+05:30,01:35:17,458
2022-11-03T01:36:08+05:30,01:36:08,454
2022-11-03T01:36:59+05:30,01:36:59,442
2022-11-03T01:37:49+05:30,01:37:49,434
2022-11-03T01:38:40+05:30,01:38:40,438
2022-11-03T01:39:31+05:30,01:39:31,436
2022-11-03T01:40:22+05:30,01:40:22,424
2022-11-03T01:41:13+05:30,01:41:13,436
2022-11-03T01:42:03+05:30,01:42:03,432
2022-11-03T01:42:54+05:30,01:42:54,440
2022-11-03T01:43:45+05:30,01:43:45,446
2022-11-03T01:44:36+05:30,01:44:36,442
2022-11-03T01:45:27+05:30,01:45:27,434
2022-11-03T01:46:17+05:30,01:46:17,422
2022-11-03T01:47:08+05:30,01:47:08,424
2022-11-03T01:47:59+05:30,01:47:59,426
2022-11-03T01:48:50+05:30,01:48:50,440
2022-11-03T01:49:40+05:30,01:49:40,430
2022-11-03T01:50:31+05:30,01:50:31,436
2022-11-03T01:51:22+05:30,01:51:22,424
2022-11-03T01:52:13+05:30,01:52:13,424
2022-11-03T01:53:04+05:30,01:53:04,422
2022-11-03T01:53:57+05:30,01:53:57,426
2022-11-03T01:54:48+05:30,01:54:48,422
2022-11-03T01:55:39+05:30,01:55:39,422
2022-11-03T01:56:31+05:30,01:56:31,422
2022-11-03T01:57:23+05:30,01:57:23,422
2022-11-03T01:58:13+05:30,01:58:13,424
2022-11-03T01:59:04+05:30,01:59:04,424
2022-11-03T01:59:55+05:30,01:59:55,422
2022-11-03T02:00:46+05:30,02:00:46,424
2022-11-03T02:01:38+05:30,02:01:38,424
2022-11-03T02:02:28+05:30,02:02:28,422
2022-11-03T02:03:19+05:30,02:03:19,420
2022-11-03T02:04:10+05:30,02:04:10,420
2022-11-03T02:05:01+05:30,02:05:01,422
2022-11-03T02:05:51+05:30,02:05:51,422
2022-11-03T02:06:42+05:30,02:06:42,422
2022-11-03T02:07:33+05:30,02:07:33,418
2022-11-03T02:08:24+05:30,02:08:24,418
2022-11-03T02:09:15+05:30,02:09:15,418
2022-11-03T02:10:05+05:30,02:10:05,422
2022-11-03T02:10:56+05:30,02:10:56,422
2022-11-03T02:11:47+05:30,02:11:47,422
2022-11-03T02:12:38+05:30,02:12:38,422
2022-11-03T02:13:29+05:30,02:13:29,422
2022-11-03T02:14:19+05:30,02:14:19,422
2022-11-03T02:15:10+05:30,02:15:10,422
2022-11-03T02:16:01+05:30,02:16:01,420
2022-11-03T02:16:52+05:30,02:16:52,420
2022-11-03T02:17:42+05:30,02:17:42,420
2022-11-03T02:18:32+05:30,02:18:32,420
2022-11-03T02:19:23+05:30,02:19:23,420
2022-11-03T02:20:14+05:30,02:20:14,424
2022-11-03T02:21:05+05:30,02:21:05,422
2022-11-03T02:21:56+05:30,02:21:56,418
2022-11-03T02:22:46+05:30,02:22:46,420
2022-11-03T02:23:37+05:30,02:23:37,422
2022-11-03T02:24:28+05:30,02:24:28,420
2022-11-03T02:25:19+05:30,02:25:19,418
2022-11-03T02:26:10+05:30,02:26:10,418
2022-11-03T02:27:00+05:30,02:27:00,422
2022-11-03T02:27:51+05:30,02:27:51,422
2022-11-03T02:28:42+05:30,02:28:42,420
2022-11-03T02:29:33+05:30,02:29:33,418
2022-11-03T02:30:24+05:30,02:30:24,418
2022-11-03T02:31:14+05:30,02:31:14,418
2022-11-03T02:32:05+05:30,02:32:05,418
2022-11-03T02:32:56+05:30,02:32:56,418
2022-11-03T02:33:47+05:30,02:33:47,418
2022-11-03T02:34:38+05:30,02:34:38,416
2022-11-03T02:35:29+05:30,02:35:29,418
2022-11-03T02:36:20+05:30,02:36:20,422
2022-11-03T02:37:11+05:30,02:37:11,420
2022-11-03T02:38:02+05:30,02:38:02,420
2022-11-03T02:38:52+05:30,02:38:52,416
2022-11-03T02:39:43+05:30,02:39:43,418
2022-11-03T02:40:36+05:30,02:40:36,422
2022-11-03T02:41:27+05:30,02:41:27,420
2022-11-03T02:42:18+05:30,02:42:18,418
2022-11-03T02:43:08+05:30,02:43:08,416
2022-11-03T02:43:59+05:30,02:43:59,414
2022-11-03T02:44:50+05:30,02:44:50,412
2022-11-03T02:45:41+05:30,02:45:41,416
2022-11-03T02:46:32+05:30,02:46:32,416
2022-11-03T02:47:22+05:30,02:47:22,416
2022-11-03T02:48:13+05:30,02:48:13,416
2022-11-03T02:49:04+05:30,02:49:04,416
2022-11-03T02:49:55+05:30,02:49:55,416
2022-11-03T02:50:46+05:30,02:50:46,414
2022-11-03T02:51:36+05:30,02:51:36,414
2022-11-03T02:52:27+05:30,02:52:27,416
2022-11-03T02:53:18+05:30,02:53:18,416
2022-11-03T02:54:09+05:30,02:54:09,416
2022-11-03T02:55:01+05:30,02:55:01,414
2022-11-03T02:55:51+05:30,02:55:51,414
2022-11-03T02:56:42+05:30,02:56:42,412
2022-11-03T02:57:33+05:30,02:57:33,414
2022-11-03T02:58:24+05:30,02:58:24,414
2022-11-03T02:59:14+05:30,02:59:14,414
2022-11-03T03:00:05+05:30,03:00:05,412
2022-11-03T03:00:56+05:30,03:00:56,414
2022-11-03T03:01:47+05:30,03:01:47,414
2022-11-03T03:02:38+05:30,03:02:38,412
2022-11-03T03:03:28+05:30,03:03:28,414
2022-11-03T03:04:19+05:30,03:04:19,414
2022-11-03T03:05:10+05:30,03:05:10,414
2022-11-03T03:06:01+05:30,03:06:01,410
2022-11-03T03:06:52+05:30,03:06:52,414
2022-11-03T03:07:42+05:30,03:07:42,416
2022-11-03T03:08:33+05:30,03:08:33,414
2022-11-03T03:09:25+05:30,03:09:25,414
2022-11-03T03:10:16+05:30,03:10:16,414
2022-11-03T03:11:06+05:30,03:11:06,416
2022-11-03T03:11:56+05:30,03:11:56,418
2022-11-03T03:12:47+05:30,03:12:47,418
2022-11-03T03:13:38+05:30,03:13:38,414
2022-11-03T03:14:29+05:30,03:14:29,414
2022-11-03T03:15:20+05:30,03:15:20,414
2022-11-03T03:16:10+05:30,03:16:10,410
2022-11-03T03:17:01+05:30,03:17:01,410
2022-11-03T03:17:52+05:30,03:17:52,410
2022-11-03T03:18:43+05:30,03:18:43,414
2022-11-03T03:19:34+05:30,03:19:34,414
2022-11-03T03:20:24+05:30,03:20:24,412
2022-11-03T03:21:15+05:30,03:21:15,414
2022-11-03T03:22:06+05:30,03:22:06,412
2022-11-03T03:22:57+05:30,03:22:57,412
2022-11-03T03:23:50+05:30,03:23:50,414
2022-11-03T03:24:42+05:30,03:24:42,412
2022-11-03T03:25:33+05:30,03:25:33,414
2022-11-03T03:26:24+05:30,03:26:24,414
2022-11-03T03:27:15+05:30,03:27:15,414
2022-11-03T03:28:05+05:30,03:28:05,414
2022-11-03T03:28:56+05:30,03:28:56,412
2022-11-03T03:29:47+05:30,03:29:47,412
2022-11-03T03:30:38+05:30,03:30:38,412
2022-11-03T03:31:29+05:30,03:31:29,412
2022-11-03T03:32:19+05:30,03:32:19,414
2022-11-03T03:33:10+05:30,03:33:10,414
2022-11-03T03:34:01+05:30,03:34:01,414
2022-11-03T03:34:52+05:30,03:34:52,412
2022-11-03T03:35:43+05:30,03:35:43,414
2022-11-03T03:36:33+05:30,03:36:33,416
2022-11-03T03:37:25+05:30,03:37:25,414
2022-11-03T03:38:16+05:30,03:38:16,412
2022-11-03T03:39:07+05:30,03:39:07,410
2022-11-03T03:39:58+05:30,03:39:58,412
2022-11-03T03:40:48+05:30,03:40:48,408
2022-11-03T03:41:39+05:30,03:41:39,408
2022-11-03T03:42:30+05:30,03:42:30,410
2022-11-03T03:43:21+05:30,03:43:21,410
2022-11-03T03:44:12+05:30,03:44:12,410
2022-11-03T03:45:02+05:30,03:45:02,410
2022-11-03T03:45:53+05:30,03:45:53,410
2022-11-03T03:46:44+05:30,03:46:44,412
2022-11-03T03:47:35+05:30,03:47:35,410
2022-11-03T03:48:25+05:30,03:48:25,408
2022-11-03T03:49:16+05:30,03:49:16,410
2022-11-03T03:50:07+05:30,03:50:07,410
2022-11-03T03:50:58+05:30,03:50:58,410
2022-11-03T03:51:49+05:30,03:51:49,412
2022-11-03T03:52:39+05:30,03:52:39,412
2022-11-03T03:53:30+05:30,03:53:30,410
2022-11-03T03:54:21+05:30,03:54:21,406
2022-11-03T03:55:12+05:30,03:55:12,406
2022-11-03T03:56:03+05:30,03:56:03,408
2022-11-03T03:56:53+05:30,03:56:53,406
2022-11-03T03:57:44+05:30,03:57:44,406
2022-11-03T03:58:35+05:30,03:58:35,408
2022-11-03T03:59:26+05:30,03:59:26,410
2022-11-03T04:00:17+05:30,04:00:17,408
2022-11-03T04:01:06+05:30,04:01:06,408
2022-11-03T04:01:57+05:30,04:01:57,408
2022-11-03T04:02:48+05:30,04:02:48,406
2022-11-03T04:03:39+05:30,04:03:39,404
2022-11-03T04:04:30+05:30,04:04:30,406
2022-11-03T04:05:20+05:30,04:05:20,408
2022-11-03T04:06:11+05:30,04:06:11,408
2022-11-03T04:07:02+05:30,04:07:02,406
2022-11-03T04:07:53+05:30,04:07:53,406
2022-11-03T04:08:44+05:30,04:08:44,408
2022-11-03T04:09:34+05:30,04:09:34,412
2022-11-03T04:10:25+05:30,04:10:25,412
2022-11-03T04:11:16+05:30,04:11:16,412
2022-11-03T04:12:07+05:30,04:12:07,412
2022-11-03T04:12:58+05:30,04:12:58,410
2022-11-03T04:13:48+05:30,04:13:48,410
2022-11-03T04:14:39+05:30,04:14:39,410
2022-11-03T04:15:30+05:30,04:15:30,410
2022-11-03T04:16:21+05:30,04:16:21,410
2022-11-03T04:17:11+05:30,04:17:11,410
2022-11-03T04:18:02+05:30,04:18:02,410
2022-11-03T04:18:53+05:30,04:18:53,410
2022-11-03T04:19:44+05:30,04:19:44,410
2022-11-03T04:20:35+05:30,04:20:35,410
2022-11-03T04:21:25+05:30,04:21:25,410
2022-11-03T04:22:16+05:30,04:22:16,410
2022-11-03T04:23:06+05:30,04:23:06,410
2022-11-03T04:23:57+05:30,04:23:57,408
2022-11-03T04:24:47+05:30,04:24:47,406
2022-11-03T04:25:37+05:30,04:25:37,410
2022-11-03T04:26:28+05:30,04:26:28,412
2022-11-03T04:27:19+05:30,04:27:19,410
2022-11-03T04:28:10+05:30,04:28:10,410
2022-11-03T04:29:01+05:30,04:29:01,410
2022-11-03T04:29:51+05:30,04:29:51,408
2022-11-03T04:30:42+05:30,04:30:42,410
2022-11-03T04:31:33+05:30,04:31:33,410
2022-11-03T04:32:24+05:30,04:32:24,408
2022-11-03T04:33:15+05:30,04:33:15,406
2022-11-03T04:34:05+05:30,04:34:05,406
2022-11-03T04:34:56+05:30,04:34:56,408
2022-11-03T04:35:47+05:30,04:35:47,408
2022-11-03T04:36:38+05:30,04:36:38,404
2022-11-03T04:37:29+05:30,04:37:29,408
2022-11-03T04:38:18+05:30,04:38:18,410
2022-11-03T04:39:09+05:30,04:39:09,408
2022-11-03T04:40:00+05:30,04:40:00,406
2022-11-03T04:40:51+05:30,04:40:51,408
2022-11-03T04:41:42+05:30,04:41:42,406
2022-11-03T04:42:32+05:30,04:42:32,408
2022-11-03T04:43:23+05:30,04:43:23,406
2022-11-03T04:44:14+05:30,04:44:14,408
2022-11-03T04:45:05+05:30,04:45:05,410
2022-11-03T04:45:55+05:30,04:45:55,410
2022-11-03T04:46:46+05:30,04:46:46,410
2022-11-03T04:47:37+05:30,04:47:37,412
2022-11-03T04:48:28+05:30,04:48:28,412
2022-11-03T04:49:19+05:30,04:49:19,408
2022-11-03T04:50:09+05:30,04:50:09,410
2022-11-03T04:51:00+05:30,04:51:00,410
2022-11-03T04:51:51+05:30,04:51:51,410
2022-11-03T04:52:42+05:30,04:52:42,410
2022-11-03T04:53:33+05:30,04:53:33,408
2022-11-03T04:54:23+05:30,04:54:23,406
2022-11-03T04:55:14+05:30,04:55:14,408
2022-11-03T04:56:05+05:30,04:56:05,410
2022-11-03T04:56:56+05:30,04:56:56,408
2022-11-03T04:57:46+05:30,04:57:46,410
2022-11-03T04:58:36+05:30,04:58:36,408
2022-11-03T04:59:27+05:30,04:59:27,410
2022-11-03T05:00:18+05:30,05:00:18,410
2022-11-03T05:01:09+05:30,05:01:09,408
2022-11-03T05:02:00+05:30,05:02:00,408
2022-11-03T05:02:50+05:30,05:02:50,410
2022-11-03T05:03:41+05:30,05:03:41,408
2022-11-03T05:04:32+05:30,05:04:32,406
2022-11-03T05:05:23+05:30,05:05:23,408
2022-11-03T05:06:14+05:30,05:06:14,408
2022-11-03T05:07:04+05:30,05:07:04,408
2022-11-03T05:07:55+05:30,05:07:55,406
2022-11-03T05:08:46+05:30,05:08:46,406
2022-11-03T05:09:37+05:30,05:09:37,404
2022-11-03T05:10:28+05:30,05:10:28,406
2022-11-03T05:11:18+05:30,05:11:18,406
2022-11-03T05:12:09+05:30,05:12:09,408
2022-11-03T05:13:00+05:30,05:13:00,408
2022-11-03T05:13:51+05:30,05:13:51,408
2022-11-03T05:14:42+05:30,05:14:42,410
2022-11-03T05:15:32+05:30,05:15:32,408
2022-11-03T05:16:23+05:30,05:16:23,406
2022-11-03T05:17:14+05:30,05:17:14,408
2022-11-03T05:18:05+05:30,05:18:05,408
2022-11-03T05:18:56+05:30,05:18:56,408
2022-11-03T05:19:46+05:30,05:19:46,410
2022-11-03T05:20:37+05:30,05:20:37,408
2022-11-03T05:21:28+05:30,05:21:28,406
2022-11-03T05:22:19+05:30,05:22:19,406
2022-11-03T05:23:09+05:30,05:23:09,408
2022-11-03T05:24:00+05:30,05:24:00,408
2022-11-03T05:24:51+05:30,05:24:51,408
2022-11-03T05:25:42+05:30,05:25:42,408
2022-11-03T05:26:33+05:30,05:26:33,410
2022-11-03T05:27:23+05:30,05:27:23,408
2022-11-03T05:28:14+05:30,05:28:14,406
2022-11-03T05:29:05+05:30,05:29:05,408
2022-11-03T05:29:56+05:30,05:29:56,410
2022-11-03T05:30:47+05:30,05:30:47,408
2022-11-03T05:31:36+05:30,05:31:36,406
2022-11-03T05:32:27+05:30,05:32:27,408
2022-11-03T05:33:18+05:30,05:33:18,410
2022-11-03T05:34:09+05:30,05:34:09,406
2022-11-03T05:35:00+05:30,05:35:00,406
2022-11-03T05:35:50+05:30,05:35:50,406
2022-11-03T05:36:41+05:30,05:36:41,406
2022-11-03T05:37:32+05:30,05:37:32,410
2022-11-03T05:38:23+05:30,05:38:23,408
2022-11-03T05:39:14+05:30,05:39:14,408
2022-11-03T05:40:05+05:30,05:40:05,406
2022-11-03T05:40:56+05:30,05:40:56,406
2022-11-03T05:41:47+05:30,05:41:47,404
2022-11-03T05:42:38+05:30,05:42:38,406
2022-11-03T05:43:29+05:30,05:43:29,410
2022-11-03T05:44:19+05:30,05:44:19,408
2022-11-03T05:45:10+05:30,05:45:10,406
2022-11-03T05:46:01+05:30,05:46:01,404
2022-11-03T05:46:52+05:30,05:46:52,406
2022-11-03T05:47:43+05:30,05:47:43,408
2022-11-03T05:48:33+05:30,05:48:33,406
2022-11-03T05:49:24+05:30,05:49:24,406
2022-11-03T05:50:15+05:30,05:50:15,406
2022-11-03T05:51:06+05:30,05:51:06,406
2022-11-03T05:51:56+05:30,05:51:56,406
2022-11-03T05:52:47+05:30,05:52:47,406
2022-11-03T05:53:38+05:30,05:53:38,408
2022-11-03T05:54:29+05:30,05:54:29,408
2022-11-03T05:55:20+05:30,05:55:20,406
2022-11-03T05:56:10+05:30,05:56:10,406
2022-11-03T05:57:01+05:30,05:57:01,406
2022-11-03T05:57:52+05:30,05:57:52,408
2022-11-03T05:58:43+05:30,05:58:43,406
2022-11-03T05:59:34+05:30,05:59:34,404
2022-11-03T06:00:24+05:30,06:00:24,404
2022-11-03T06:01:15+05:30,06:01:15,406
2022-11-03T06:02:06+05:30,06:02:06,408
2022-11-03T06:02:57+05:30,06:02:57,406
2022-11-03T06:03:48+05:30,06:03:48,408
2022-11-03T06:04:38+05:30,06:04:38,404
2022-11-03T06:05:29+05:30,06:05:29,406
2022-11-03T06:06:20+05:30,06:06:20,406
2022-11-03T06:07:11+05:30,06:07:11,404
2022-11-03T06:08:02+05:30,06:08:02,404
2022-11-03T06:08:52+05:30,06:08:52,406
2022-11-03T06:09:43+05:30,06:09:43,406
2022-11-03T06:10:34+05:30,06:10:34,408
2022-11-03T06:11:25+05:30,06:11:25,408
2022-11-03T06:12:16+05:30,06:12:16,406
2022-11-03T06:13:06+05:30,06:13:06,408
2022-11-03T06:13:57+05:30,06:13:57,408
2022-11-03T06:14:48+05:30,06:14:48,404
2022-11-03T06:15:39+05:30,06:15:39,402
2022-11-03T06:16:29+05:30,06:16:29,404
2022-11-03T06:17:20+05:30,06:17:20,406
2022-11-03T06:18:11+05:30,06:18:11,406
2022-11-03T06:19:02+05:30,06:19:02,408
2022-11-03T06:19:53+05:30,06:19:53,406
2022-11-03T06:20:43+05:30,06:20:43,410
2022-11-03T06:21:34+05:30,06:21:34,410
2022-11-03T06:22:25+05:30,06:22:25,410
2022-11-03T06:23:16+05:30,06:23:16,408
2022-11-03T06:24:07+05:30,06:24:07,408
2022-11-03T06:24:57+05:30,06:24:57,406
2022-11-03T06:25:48+05:30,06:25:48,406
2022-11-03T06:26:39+05:30,06:26:39,406
2022-11-03T06:27:30+05:30,06:27:30,406
2022-11-03T06:28:21+05:30,06:28:21,406
2022-11-03T06:29:11+05:30,06:29:11,408
2022-11-03T06:30:02+05:30,06:30:02,408
2022-11-03T06:30:53+05:30,06:30:53,410
2022-11-03T06:31:44+05:30,06:31:44,406
2022-11-03T06:32:34+05:30,06:32:34,408
2022-11-03T06:33:24+05:30,06:33:24,408
2022-11-03T06:34:15+05:30,06:34:15,410
2022-11-03T06:35:05+05:30,06:35:05,408
2022-11-03T06:35:56+05:30,06:35:56,406
2022-11-03T06:36:47+05:30,06:36:47,404
2022-11-03T06:37:37+05:30,06:37:37,406
2022-11-03T06:38:28+05:30,06:38:28,408
2022-11-03T06:39:19+05:30,06:39:19,406
2022-11-03T06:40:10+05:30,06:40:10,406
2022-11-03T06:41:01+05:30,06:41:01,406
2022-11-03T06:41:51+05:30,06:41:51,406
2022-11-03T06:42:42+05:30,06:42:42,408
2022-11-03T06:43:33+05:30,06:43:33,408
2022-11-03T06:44:24+05:30,06:44:24,408
2022-11-03T06:45:15+05:30,06:45:15,408
2022-11-03T06:46:05+05:30,06:46:05,404
2022-11-03T06:46:56+05:30,06:46:56,406
2022-11-03T06:47:47+05:30,06:47:47,406
2022-11-03T06:48:38+05:30,06:48:38,406
2022-11-03T06:49:29+05:30,06:49:29,408
2022-11-03T06:50:19+05:30,06:50:19,408
2022-11-03T06:51:10+05:30,06:51:10,404
2022-11-03T06:52:01+05:30,06:52:01,406
2022-11-03T06:52:52+05:30,06:52:52,410
2022-11-03T06:53:42+05:30,06:53:42,410
2022-11-03T06:54:33+05:30,06:54:33,410
2022-11-03T06:55:24+05:30,06:55:24,410
2022-11-03T06:56:15+05:30,06:56:15,410
2022-11-03T06:57:06+05:30,06:57:06,408
2022-11-03T06:57:56+05:30,06:57:56,406
2022-11-03T06:58:47+05:30,06:58:47,410
2022-11-03T06:59:38+05:30,06:59:38,408
2022-11-03T07:00:29+05:30,07:00:29,408
2022-11-03T07:01:20+05:30,07:01:20,404
2022-11-03T07:02:10+05:30,07:02:10,406
2022-11-03T07:03:00+05:30,07:03:00,410
2022-11-03T07:03:51+05:30,07:03:51,410
2022-11-03T07:04:42+05:30,07:04:42,410
2022-11-03T07:05:33+05:30,07:05:33,406
2022-11-03T07:06:22+05:30,07:06:22,406
2022-11-03T07:07:13+05:30,07:07:13,408
2022-11-03T07:08:04+05:30,07:08:04,408
2022-11-03T07:08:55+05:30,07:08:55,408
2022-11-03T07:09:46+05:30,07:09:46,406
2022-11-03T07:10:36+05:30,07:10:36,406
2022-11-03T07:11:27+05:30,07:11:27,406
2022-11-03T07:12:18+05:30,07:12:18,406
2022-11-03T07:13:09+05:30,07:13:09,406
2022-11-03T07:14:00+05:30,07:14:00,408
2022-11-03T07:14:50+05:30,07:14:50,406
2022-11-03T07:15:41+05:30,07:15:41,404
2022-11-03T07:16:33+05:30,07:16:33,406
2022-11-03T07:17:24+05:30,07:17:24,406
2022-11-03T07:18:15+05:30,07:18:15,408
2022-11-03T07:19:05+05:30,07:19:05,404
2022-11-03T07:19:56+05:30,07:19:56,400
2022-11-03T07:20:47+05:30,07:20:47,404
2022-11-03T07:21:38+05:30,07:21:38,404
2022-11-03T07:22:29+05:30,07:22:29,406
2022-11-03T07:23:19+05:30,07:23:19,406
2022-11-03T07:24:10+05:30,07:24:10,408
2022-11-03T07:25:01+05:30,07:25:01,406
2022-11-03T07:25:51+05:30,07:25:51,406
2022-11-03T07:26:41+05:30,07:26:41,406
2022-11-03T07:27:31+05:30,07:27:31,404
2022-11-03T07:28:22+05:30,07:28:22,404
2022-11-03T07:29:13+05:30,07:29:13,404
2022-11-03T07:30:04+05:30,07:30:04,404
2022-11-03T07:30:55+05:30,07:30:55,406
2022-11-03T07:31:45+05:30,07:31:45,404
2022-11-03T07:32:36+05:30,07:32:36,404
2022-11-03T07:33:27+05:30,07:33:27,406
2022-11-03T07:34:18+05:30,07:34:18,406
2022-11-03T07:35:08+05:30,07:35:08,404
2022-11-03T07:35:59+05:30,07:35:59,404
2022-11-03T07:36:50+05:30,07:36:50,404
2022-11-03T07:37:41+05:30,07:37:41,404
2022-11-03T07:38:32+05:30,07:38:32,406
2022-11-03T07:39:22+05:30,07:39:22,406
2022-11-03T07:40:13+05:30,07:40:13,404
2022-11-03T07:41:04+05:30,07:41:04,400
2022-11-03T07:41:55+05:30,07:41:55,404
2022-11-03T07:42:46+05:30,07:42:46,404
2022-11-03T07:43:36+05:30,07:43:36,404
2022-11-03T07:44:27+05:30,07:44:27,404
2022-11-03T07:45:18+05:30,07:45:18,406
2022-11-03T07:46:09+05:30,07:46:09,406
2022-11-03T07:47:00+05:30,07:47:00,406
2022-11-03T07:47:50+05:30,07:47:50,402
2022-11-03T07:48:41+05:30,07:48:41,402
2022-11-03T07:49:32+05:30,07:49:32,406
2022-11-03T07:50:23+05:30,07:50:23,404
2022-11-03T07:51:14+05:30,07:51:14,406
2022-11-03T07:52:03+05:30,07:52:03,406
2022-11-03T07:52:54+05:30,07:52:54,404
2022-11-03T07:53:45+05:30,07:53:45,404
2022-11-03T07:54:36+05:30,07:54:36,406
2022-11-03T07:55:27+05:30,07:55:27,404
2022-11-03T07:56:17+05:30,07:56:17,404
2022-11-03T07:57:08+05:30,07:57:08,404
2022-11-03T07:57:59+05:30,07:57:59,402
2022-11-03T07:58:50+05:30,07:58:50,402
2022-11-03T07:59:41+05:30,07:59:41,406
2022-11-03T08:00:31+05:30,08:00:31,404
2022-11-03T08:01:22+05:30,08:01:22,400
2022-11-03T08:02:13+05:30,08:02:13,400
2022-11-03T08:03:04+05:30,08:03:04,404
2022-11-03T08:03:54+05:30,08:03:54,408
2022-11-03T08:04:45+05:30,08:04:45,410
2022-11-03T08:05:36+05:30,08:05:36,408
2022-11-03T08:06:27+05:30,08:06:27,408
2022-11-03T08:07:18+05:30,08:07:18,408
2022-11-03T08:08:08+05:30,08:08:08,408
2022-11-03T08:08:59+05:30,08:08:59,406
2022-11-03T08:09:50+05:30,08:09:50,404
2022-11-03T08:10:41+05:30,08:10:41,404
2022-11-03T08:11:32+05:30,08:11:32,404
2022-11-03T08:12:22+05:30,08:12:22,402
2022-11-03T08:13:13+05:30,08:13:13,404
2022-11-03T08:14:04+05:30,08:14:04,404
2022-11-03T08:14:55+05:30,08:14:55,400
2022-11-03T08:15:46+05:30,08:15:46,398
2022-11-03T08:16:36+05:30,08:16:36,400
2022-11-03T08:17:27+05:30,08:17:27,402
2022-11-03T08:18:18+05:30,08:18:18,402
2022-11-03T08:19:09+05:30,08:19:09,404
2022-11-03T08:20:00+05:30,08:20:00,404
2022-11-03T08:20:50+05:30,08:20:50,404
2022-11-03T08:21:41+05:30,08:21:41,402
2022-11-03T08:22:32+05:30,08:22:32,402
2022-11-03T08:23:23+05:30,08:23:23,402
2022-11-03T08:24:14+05:30,08:24:14,404
2022-11-03T08:25:04+05:30,08:25:04,404
2022-11-03T08:25:55+05:30,08:25:55,406
2022-11-03T08:26:46+05:30,08:26:46,404
2022-11-03T08:27:37+05:30,08:27:37,404
2022-11-03T08:28:28+05:30,08:28:28,402
2022-11-03T08:29:18+05:30,08:29:18,402
2022-11-03T08:30:09+05:30,08:30:09,402
2022-11-03T08:31:00+05:30,08:31:00,402
2022-11-03T08:31:51+05:30,08:31:51,402
2022-11-03T08:32:42+05:30,08:32:42,402
2022-11-03T08:33:32+05:30,08:33:32,404
2022-11-03T08:34:23+05:30,08:34:23,404
2022-11-03T08:35:14+05:30,08:35:14,402
2022-11-03T08:36:05+05:30,08:36:05,402
2022-11-03T08:36:56+05:30,08:36:56,404
2022-11-03T08:37:46+05:30,08:37:46,404
2022-11-03T08:38:36+05:30,08:38:36,404
2022-11-03T08:39:27+05:30,08:39:27,406
2022-11-03T08:40:18+05:30,08:40:18,404
2022-11-03T08:41:09+05:30,08:41:09,402
2022-11-03T08:41:59+05:30,08:41:59,400
2022-11-03T08:42:50+05:30,08:42:50,402
2022-11-03T08:43:41+05:30,08:43:41,406
2022-11-03T08:44:32+05:30,08:44:32,404
2022-11-03T08:45:23+05:30,08:45:23,404
2022-11-03T08:46:13+05:30,08:46:13,402
2022-11-03T08:47:04+05:30,08:47:04,404
2022-11-03T08:47:55+05:30,08:47:55,404
2022-11-03T08:48:46+05:30,08:48:46,402
2022-11-03T08:49:36+05:30,08:49:36,402
2022-11-03T08:50:27+05:30,08:50:27,400
2022-11-03T08:51:18+05:30,08:51:18,400
2022-11-03T08:52:09+05:30,08:52:09,402
2022-11-03T08:53:00+05:30,08:53:00,402
2022-11-03T08:53:50+05:30,08:53:50,400
2022-11-03T08:54:41+05:30,08:54:41,402
2022-11-03T08:55:32+05:30,08:55:32,402
2022-11-03T08:56:23+05:30,08:56:23,406
2022-11-03T08:57:14+05:30,08:57:14,404
2022-11-03T08:58:05+05:30,08:58:05,404
2022-11-03T08:58:55+05:30,08:58:55,404
2022-11-03T08:59:46+05:30,08:59:46,402
2022-11-03T09:00:37+05:30,09:00:37,404
2022-11-03T09:01:28+05:30,09:01:28,404
2022-11-03T09:02:18+05:30,09:02:18,404
2022-11-03T09:03:09+05:30,09:03:09,404
2022-11-03T09:04:00+05:30,09:04:00,400
2022-11-03T09:04:51+05:30,09:04:51,402
2022-11-03T09:05:42+05:30,09:05:42,400
2022-11-03T09:06:32+05:30,09:06:32,400
2022-11-03T09:07:23+05:30,09:07:23,402
2022-11-03T09:08:14+05:30,09:08:14,402
2022-11-03T09:09:05+05:30,09:09:05,402
2022-11-03T09:09:56+05:30,09:09:56,400
2022-11-03T09:10:46+05:30,09:10:46,396
2022-11-03T09:11:37+05:30,09:11:37,400
2022-11-03T09:12:28+05:30,09:12:28,402
2022-11-03T09:13:19+05:30,09:13:19,400
2022-11-03T09:14:10+05:30,09:14:10,402
2022-11-03T09:15:01+05:30,09:15:01,404
2022-11-03T09:15:51+05:30,09:15:51,404
2022-11-03T09:16:42+05:30,09:16:42,406
2022-11-03T09:17:33+05:30,09:17:33,406
2022-11-03T09:18:24+05:30,09:18:24,404
2022-11-03T09:19:14+05:30,09:19:14,406
2022-11-03T09:20:05+05:30,09:20:05,406
2022-11-03T09:20:55+05:30,09:20:55,404
2022-11-03T09:21:46+05:30,09:21:46,404
2022-11-03T09:22:37+05:30,09:22:37,402
2022-11-03T09:23:27+05:30,09:23:27,402
2022-11-03T09:24:18+05:30,09:24:18,406
2022-11-03T09:25:09+05:30,09:25:09,402
2022-11-03T09:26:00+05:30,09:26:00,402
2022-11-03T09:26:51+05:30,09:26:51,402
2022-11-03T09:27:41+05:30,09:27:41,402
2022-11-03T09:28:32+05:30,09:28:32,404
2022-11-03T09:29:23+05:30,09:29:23,402
2022-11-03T09:30:14+05:30,09:30:14,400
2022-11-03T09:31:07+05:30,09:31:07,402
2022-11-03T09:31:57+05:30,09:31:57,402
2022-11-03T09:32:48+05:30,09:32:48,402
2022-11-03T09:33:39+05:30,09:33:39,404
2022-11-03T09:34:30+05:30,09:34:30,404
2022-11-03T09:35:20+05:30,09:35:20,404
2022-11-03T09:36:11+05:30,09:36:11,404
2022-11-03T09:37:02+05:30,09:37:02,404
2022-11-03T09:37:53+05:30,09:37:53,402
2022-11-03T09:38:44+05:30,09:38:44,404
2022-11-03T09:39:34+05:30,09:39:34,402
2022-11-03T09:40:25+05:30,09:40:25,400
2022-11-03T09:41:16+05:30,09:41:16,402
2022-11-03T09:42:07+05:30,09:42:07,404
2022-11-03T09:42:58+05:30,09:42:58,402
2022-11-03T09:43:48+05:30,09:43:48,404
2022-11-03T09:44:39+05:30,09:44:39,406
2022-11-03T09:45:30+05:30,09:45:30,406
2022-11-03T09:46:21+05:30,09:46:21,402
2022-11-03T09:47:12+05:30,09:47:12,398
2022-11-03T09:48:02+05:30,09:48:02,400
2022-11-03T09:48:53+05:30,09:48:53,402
2022-11-03T09:49:44+05:30,09:49:44,404
2022-11-03T09:50:35+05:30,09:50:35,404
2022-11-03T09:51:26+05:30,09:51:26,402
2022-11-03T09:52:16+05:30,09:52:16,404
2022-11-03T09:53:07+05:30,09:53:07,400
2022-11-03T09:53:58+05:30,09:53:58,400
2022-11-03T09:54:49+05:30,09:54:49,402
2022-11-03T09:55:40+05:30,09:55:40,400
2022-11-03T09:56:30+05:30,09:56:30,400
2022-11-03T09:57:21+05:30,09:57:21,404
2022-11-03T09:58:12+05:30,09:58:12,404
2022-11-03T09:59:03+05:30,09:59:03,404
2022-11-03T09:59:54+05:30,09:59:54,404
2022-11-03T10:00:44+05:30,10:00:44,408
2022-11-03T10:01:35+05:30,10:01:35,410
2022-11-03T10:02:26+05:30,10:02:26,408
2022-11-03T10:03:17+05:30,10:03:17,408
2022-11-03T10:04:08+05:30,10:04:08,408
2022-11-03T10:04:58+05:30,10:04:58,408
2022-11-03T10:05:49+05:30,10:05:49,408
2022-11-03T10:06:40+05:30,10:06:40,408
2022-11-03T10:07:31+05:30,10:07:31,414
2022-11-03T10:08:22+05:30,10:08:22,418
2022-11-03T10:09:12+05:30,10:09:12,418
2022-11-03T10:10:03+05:30,10:10:03,412
2022-11-03T10:10:54+05:30,10:10:54,412
2022-11-03T10:11:45+05:30,10:11:45,412
2022-11-03T10:12:36+05:30,10:12:36,414
2022-11-03T10:13:27+05:30,10:13:27,412
2022-11-03T10:14:17+05:30,10:14:17,410
2022-11-03T10:15:08+05:30,10:15:08,412
2022-11-03T10:15:59+05:30,10:15:59,410
2022-11-03T10:16:50+05:30,10:16:50,414
2022-11-03T10:17:40+05:30,10:17:40,412
2022-11-03T10:18:31+05:30,10:18:31,412
2022-11-03T10:19:22+05:30,10:19:22,412
2022-11-03T10:20:14+05:30,10:20:14,412
2022-11-03T10:21:05+05:30,10:21:05,414
2022-11-03T10:21:56+05:30,10:21:56,414
2022-11-03T10:22:47+05:30,10:22:47,416
2022-11-03T10:23:38+05:30,10:23:38,418
2022-11-03T10:24:29+05:30,10:24:29,416
2022-11-03T10:25:20+05:30,10:25:20,416
2022-11-03T10:26:09+05:30,10:26:09,416
2022-11-03T10:27:01+05:30,10:27:01,416
2022-11-03T10:27:52+05:30,10:27:52,416
2022-11-03T10:28:43+05:30,10:28:43,414
2022-11-03T10:29:34+05:30,10:29:34,414
2022-11-03T10:30:24+05:30,10:30:24,412
2022-11-03T10:31:15+05:30,10:31:15,414
2022-11-03T10:32:06+05:30,10:32:06,416
2022-11-03T10:32:57+05:30,10:32:57,414
2022-11-03T10:33:48+05:30,10:33:48,412
2022-11-03T10:34:39+05:30,10:34:39,412
2022-11-03T10:35:31+05:30,10:35:31,414
2022-11-03T10:36:22+05:30,10:36:22,414
2022-11-03T10:37:13+05:30,10:37:13,412
2022-11-03T10:38:04+05:30,10:38:04,414
2022-11-03T10:38:55+05:30,10:38:55,418
2022-11-03T10:39:45+05:30,10:39:45,416
2022-11-03T10:40:36+05:30,10:40:36,414
2022-11-03T10:41:27+05:30,10:41:27,414
2022-11-03T10:42:18+05:30,10:42:18,414
2022-11-03T10:43:09+05:30,10:43:09,416
2022-11-03T10:44:01+05:30,10:44:01,416
2022-11-03T10:44:52+05:30,10:44:52,412
2022-11-03T10:45:43+05:30,10:45:43,408
2022-11-03T10:46:34+05:30,10:46:34,412
2022-11-03T10:47:24+05:30,10:47:24,414
2022-11-03T10:48:15+05:30,10:48:15,414
2022-11-03T10:49:06+05:30,10:49:06,414
2022-11-03T10:49:58+05:30,10:49:58,408
2022-11-03T10:50:49+05:30,10:50:49,412
2022-11-03T10:51:39+05:30,10:51:39,410
2022-11-03T10:52:30+05:30,10:52:30,408
2022-11-03T10:53:24+05:30,10:53:24,408
2022-11-03T10:54:15+05:30,10:54:15,406
2022-11-03T10:55:06+05:30,10:55:06,412
2022-11-03T10:55:56+05:30,10:55:56,412
2022-11-03T10:56:47+05:30,10:56:47,410
2022-11-03T10:57:38+05:30,10:57:38,410
2022-11-03T10:58:29+05:30,10:58:29,410
2022-11-03T10:59:23+05:30,10:59:23,408
2022-11-03T11:00:14+05:30,11:00:14,408
2022-11-03T11:01:04+05:30,11:01:04,406
2022-11-03T11:01:55+05:30,11:01:55,408
2022-11-03T11:02:46+05:30,11:02:46,406
2022-11-03T11:03:37+05:30,11:03:37,408
2022-11-03T11:04:27+05:30,11:04:27,404
2022-11-03T11:05:18+05:30,11:05:18,402
2022-11-03T11:06:09+05:30,11:06:09,404
2022-11-03T11:06:59+05:30,11:06:59,404
2022-11-03T11:07:50+05:30,11:07:50,404
2022-11-03T11:08:41+05:30,11:08:41,406
2022-11-03T11:09:37+05:30,11:09:37,408
2022-11-03T11:10:28+05:30,11:10:28,410
2022-11-03T11:11:19+05:30,11:11:19,410
2022-11-03T11:12:10+05:30,11:12:10,406
2022-11-03T11:13:01+05:30,11:13:01,408
2022-11-03T11:13:51+05:30,11:13:51,410
2022-11-03T11:14:42+05:30,11:14:42,412
2022-11-03T11:15:33+05:30,11:15:33,408
2022-11-03T11:16:24+05:30,11:16:24,410
2022-11-03T11:17:15+05:30,11:17:15,410
2022-11-03T11:18:05+05:30,11:18:05,410
2022-11-03T11:18:56+05:30,11:18:56,410
2022-11-03T11:19:47+05:30,11:19:47,414
2022-11-03T11:20:38+05:30,11:20:38,414
2022-11-03T11:21:29+05:30,11:21:29,416
2022-11-03T11:22:19+05:30,11:22:19,416
2022-11-03T11:23:10+05:30,11:23:10,414
2022-11-03T11:24:01+05:30,11:24:01,412
2022-11-03T11:24:52+05:30,11:24:52,414
2022-11-03T11:25:43+05:30,11:25:43,418
2022-11-03T11:26:36+05:30,11:26:36,418
2022-11-03T11:27:26+05:30,11:27:26,418
2022-11-03T11:28:17+05:30,11:28:17,414
2022-11-03T11:29:08+05:30,11:29:08,412
2022-11-03T11:29:59+05:30,11:29:59,416
2022-11-03T11:30:49+05:30,11:30:49,418
2022-11-03T11:31:40+05:30,11:31:40,416
2022-11-03T11:32:31+05:30,11:32:31,416
2022-11-03T11:33:22+05:30,11:33:22,418
2022-11-03T11:34:13+05:30,11:34:13,420
2022-11-03T11:35:03+05:30,11:35:03,418
2022-11-03T11:35:54+05:30,11:35:54,420
2022-11-03T11:36:45+05:30,11:36:45,422
2022-11-03T11:37:36+05:30,11:37:36,418
2022-11-03T11:38:27+05:30,11:38:27,416
2022-11-03T11:39:18+05:30,11:39:18,420
2022-11-03T11:40:08+05:30,11:40:08,420
2022-11-03T11:40:59+05:30,11:40:59,418
2022-11-03T11:41:50+05:30,11:41:50,418
2022-11-03T11:42:41+05:30,11:42:41,422
2022-11-03T11:43:31+05:30,11:43:31,422
2022-11-03T11:44:22+05:30,11:44:22,420
2022-11-03T11:45:13+05:30,11:45:13,418
2022-11-03T11:46:04+05:30,11:46:04,422
2022-11-03T11:46:55+05:30,11:46:55,424
2022-11-03T11:47:45+05:30,11:47:45,420
2022-11-03T11:48:36+05:30,11:48:36,418
2022-11-03T11:49:27+05:30,11:49:27,420
2022-11-03T11:50:18+05:30,11:50:18,424
2022-11-03T11:51:09+05:30,11:51:09,426
2022-11-03T11:51:59+05:30,11:51:59,436
2022-11-03T11:52:50+05:30,11:52:50,438
2022-11-03T11:53:41+05:30,11:53:41,454
2022-11-03T11:54:32+05:30,11:54:32,424
2022-11-03T11:55:23+05:30,11:55:23,422
2022-11-03T11:56:13+05:30,11:56:13,422
2022-11-03T11:57:04+05:30,11:57:04,424
2022-11-03T11:57:55+05:30,11:57:55,424
2022-11-03T11:58:46+05:30,11:58:46,424
2022-11-03T11:59:37+05:30,11:59:37,430
2022-11-03T12:00:27+05:30,12:00:27,424
2022-11-03T12:01:19+05:30,12:01:19,432
2022-11-03T12:02:10+05:30,12:02:10,436
2022-11-03T12:03:01+05:30,12:03:01,444
2022-11-03T12:03:52+05:30,12:03:52,430
2022-11-03T12:04:42+05:30,12:04:42,428
2022-11-03T12:05:33+05:30,12:05:33,430
2022-11-03T12:06:24+05:30,12:06:24,436
2022-11-03T12:07:15+05:30,12:07:15,432
2022-11-03T12:08:08+05:30,12:08:08,442
2022-11-03T12:08:58+05:30,12:08:58,450
2022-11-03T12:09:49+05:30,12:09:49,454
2022-11-03T12:10:40+05:30,12:10:40,448
2022-11-03T12:11:31+05:30,12:11:31,448
2022-11-03T12:12:21+05:30,12:12:21,460
2022-11-03T12:13:12+05:30,12:13:12,444
2022-11-03T12:14:03+05:30,12:14:03,430
2022-11-03T12:14:54+05:30,12:14:54,446
2022-11-03T12:15:45+05:30,12:15:45,458
2022-11-03T12:16:35+05:30,12:16:35,458
2022-11-03T12:17:26+05:30,12:17:26,450
2022-11-03T12:18:17+05:30,12:18:17,442
2022-11-03T12:19:08+05:30,12:19:08,458
2022-11-03T12:20:00+05:30,12:20:00,468
2022-11-03T12:20:50+05:30,12:20:50,460
2022-11-03T12:21:41+05:30,12:21:41,448
2022-11-03T12:22:32+05:30,12:22:32,450
2022-11-03T12:23:23+05:30,12:23:23,476
2022-11-03T12:24:14+05:30,12:24:14,468
2022-11-03T12:25:04+05:30,12:25:04,474
2022-11-03T12:25:55+05:30,12:25:55,446
2022-11-03T12:26:47+05:30,12:26:47,450
2022-11-03T12:27:38+05:30,12:27:38,484
2022-11-03T12:28:29+05:30,12:28:29,520
2022-11-03T12:29:19+05:30,12:29:19,544
2022-11-03T12:30:10+05:30,12:30:10,554
2022-11-03T12:31:01+05:30,12:31:01,566
2022-11-03T12:31:52+05:30,12:31:52,580
2022-11-03T12:32:43+05:30,12:32:43,578
2022-11-03T12:33:33+05:30,12:33:33,578
2022-11-03T12:34:24+05:30,12:34:24,568
2022-11-03T12:35:15+05:30,12:35:15,554
2022-11-03T12:36:06+05:30,12:36:06,526
2022-11-03T12:36:56+05:30,12:36:56,530
2022-11-03T12:37:47+05:30,12:37:47,566
2022-11-03T12:38:38+05:30,12:38:38,556
2022-11-03T12:39:29+05:30,12:39:29,554
2022-11-03T12:40:20+05:30,12:40:20,568
2022-11-03T12:41:10+05:30,12:41:10,564
2022-11-03T12:42:01+05:30,12:42:01,572
2022-11-03T12:42:52+05:30,12:42:52,568
2022-11-03T12:43:43+05:30,12:43:43,574
2022-11-03T12:44:34+05:30,12:44:34,574
2022-11-03T12:45:24+05:30,12:45:24,560
2022-11-03T12:46:15+05:30,12:46:15,540
2022-11-03T12:47:06+05:30,12:47:06,554
2022-11-03T12:47:57+05:30,12:47:57,556
2022-11-03T12:48:48+05:30,12:48:48,558
2022-11-03T12:49:38+05:30,12:49:38,566
2022-11-03T12:50:29+05:30,12:50:29,572
2022-11-03T12:51:20+05:30,12:51:20,578
2022-11-03T12:52:11+05:30,12:52:11,574
2022-11-03T12:53:02+05:30,12:53:02,592
2022-11-03T12:53:52+05:30,12:53:52,594
2022-11-03T12:54:43+05:30,12:54:43,586
2022-11-03T12:55:35+05:30,12:55:35,588
2022-11-03T12:56:26+05:30,12:56:26,576
2022-11-03T12:57:16+05:30,12:57:16,578
2022-11-03T12:58:07+05:30,12:58:07,584
2022-11-03T12:58:58+05:30,12:58:58,570
2022-11-03T12:59:49+05:30,12:59:49,564
2022-11-03T13:00:40+05:30,13:00:40,568
2022-11-03T13:01:30+05:30,13:01:30,580
2022-11-03T13:02:21+05:30,13:02:21,564
2022-11-03T13:03:12+05:30,13:03:12,564
2022-11-03T13:04:03+05:30,13:04:03,562
2022-11-03T13:04:54+05:30,13:04:54,554
2022-11-03T13:05:44+05:30,13:05:44,562
2022-11-03T13:06:35+05:30,13:06:35,570
2022-11-03T13:07:26+05:30,13:07:26,578
2022-11-03T13:08:17+05:30,13:08:17,578
2022-11-03T13:09:08+05:30,13:09:08,572
2022-11-03T13:09:58+05:30,13:09:58,570
2022-11-03T13:10:49+05:30,13:10:49,584
2022-11-03T13:11:40+05:30,13:11:40,580
2022-11-03T13:12:31+05:30,13:12:31,574
2022-11-03T13:13:22+05:30,13:13:22,560
2022-11-03T13:14:12+05:30,13:14:12,580
2022-11-03T13:15:03+05:30,13:15:03,598
2022-11-03T13:15:54+05:30,13:15:54,602
2022-11-03T13:16:45+05:30,13:16:45,586
2022-11-03T13:17:36+05:30,13:17:36,592
2022-11-03T13:18:27+05:30,13:18:27,584
2022-11-03T13:19:18+05:30,13:19:18,592
2022-11-03T13:20:09+05:30,13:20:09,590
2022-11-03T13:21:00+05:30,13:21:00,590
2022-11-03T13:21:50+05:30,13:21:50,600
2022-11-03T13:22:41+05:30,13:22:41,586
2022-11-03T13:23:32+05:30,13:23:32,552
2022-11-03T13:24:23+05:30,13:24:23,544
2022-11-03T13:25:14+05:30,13:25:14,556
2022-11-03T13:26:04+05:30,13:26:04,578
2022-11-03T13:26:55+05:30,13:26:55,594
2022-11-03T13:27:46+05:30,13:27:46,582
2022-11-03T13:28:37+05:30,13:28:37,592
2022-11-03T13:29:28+05:30,13:29:28,592
2022-11-03T13:30:18+05:30,13:30:18,586
2022-11-03T13:31:09+05:30,13:31:09,586
2022-11-03T13:32:00+05:30,13:32:00,608
2022-11-03T13:32:51+05:30,13:32:51,602
2022-11-03T13:33:42+05:30,13:33:42,594
2022-11-03T13:34:32+05:30,13:34:32,592
2022-11-03T13:35:23+05:30,13:35:23,582
2022-11-03T13:36:15+05:30,13:36:15,594
2022-11-03T13:37:06+05:30,13:37:06,604
2022-11-03T13:37:57+05:30,13:37:57,566
2022-11-03T13:38:47+05:30,13:38:47,580
2022-11-03T13:39:38+05:30,13:39:38,606
2022-11-03T13:40:29+05:30,13:40:29,600
2022-11-03T13:41:20+05:30,13:41:20,588
2022-11-03T13:42:11+05:30,13:42:11,572
2022-11-03T13:43:01+05:30,13:43:01,574
2022-11-03T13:43:52+05:30,13:43:52,584
2022-11-03T13:44:43+05:30,13:44:43,584
2022-11-03T13:45:34+05:30,13:45:34,576
2022-11-03T13:46:24+05:30,13:46:24,576
2022-11-03T13:47:16+05:30,13:47:16,590
2022-11-03T13:48:06+05:30,13:48:06,590
2022-11-03T13:48:57+05:30,13:48:57,604
2022-11-03T13:49:48+05:30,13:49:48,606
2022-11-03T13:50:38+05:30,13:50:38,594
2022-11-03T13:51:30+05:30,13:51:30,596
2022-11-03T13:52:21+05:30,13:52:21,610
2022-11-03T13:53:12+05:30,13:53:12,610
2022-11-03T13:54:03+05:30,13:54:03,614
2022-11-03T13:54:53+05:30,13:54:53,580
2022-11-03T13:55:44+05:30,13:55:44,576
2022-11-03T13:56:35+05:30,13:56:35,596
2022-11-03T13:57:26+05:30,13:57:26,606
2022-11-03T13:58:17+05:30,13:58:17,598
2022-11-03T13:59:07+05:30,13:59:07,614
2022-11-03T13:59:59+05:30,13:59:59,604
2022-11-03T14:00:50+05:30,14:00:50,580
2022-11-03T14:01:41+05:30,14:01:41,574
2022-11-03T14:02:32+05:30,14:02:32,594
2022-11-03T14:03:22+05:30,14:03:22,594
2022-11-03T14:04:13+05:30,14:04:13,598
2022-11-03T14:05:06+05:30,14:05:06,588
2022-11-03T14:05:57+05:30,14:05:57,584
2022-11-03T14:06:48+05:30,14:06:48,576
2022-11-03T14:07:38+05:30,14:07:38,576
2022-11-03T14:08:28+05:30,14:08:28,558
2022-11-03T14:09:19+05:30,14:09:19,574
2022-11-03T14:10:10+05:30,14:10:10,586
2022-11-03T14:11:00+05:30,14:11:00,574
2022-11-03T14:11:51+05:30,14:11:51,578
2022-11-03T14:12:42+05:30,14:12:42,582
2022-11-03T14:13:33+05:30,14:13:33,586
2022-11-03T14:14:24+05:30,14:14:24,570
2022-11-03T14:15:14+05:30,14:15:14,558
2022-11-03T14:16:05+05:30,14:16:05,566
2022-11-03T14:16:56+05:30,14:16:56,588
2022-11-03T14:17:47+05:30,14:17:47,584
2022-11-03T14:18:38+05:30,14:18:38,568
2022-11-03T14:19:28+05:30,14:19:28,564
2022-11-03T14:20:19+05:30,14:20:19,560
2022-11-03T14:21:10+05:30,14:21:10,554
2022-11-03T14:22:01+05:30,14:22:01,568
2022-11-03T14:22:52+05:30,14:22:52,566
2022-11-03T14:23:42+05:30,14:23:42,558
2022-11-03T14:24:34+05:30,14:24:34,564
2022-11-03T14:25:25+05:30,14:25:25,560
2022-11-03T14:26:16+05:30,14:26:16,556
2022-11-03T14:27:07+05:30,14:27:07,564
2022-11-03T14:27:57+05:30,14:27:57,560
2022-11-03T14:28:51+05:30,14:28:51,560
2022-11-03T14:29:42+05:30,14:29:42,570
2022-11-03T14:30:33+05:30,14:30:33,576
2022-11-03T14:31:24+05:30,14:31:24,566
2022-11-03T14:32:14+05:30,14:32:14,556
2022-11-03T14:33:07+05:30,14:33:07,574
2022-11-03T14:33:58+05:30,14:33:58,576
2022-11-03T14:34:49+05:30,14:34:49,540
2022-11-03T14:35:39+05:30,14:35:39,564
2022-11-03T14:36:30+05:30,14:36:30,542
2022-11-03T14:37:22+05:30,14:37:22,522
2022-11-03T14:38:13+05:30,14:38:13,586
2022-11-03T14:39:04+05:30,14:39:04,588
2022-11-03T14:39:54+05:30,14:39:54,540
2022-11-03T14:40:45+05:30,14:40:45,546
2022-11-03T14:41:36+05:30,14:41:36,570
2022-11-03T14:42:27+05:30,14:42:27,588
2022-11-03T14:43:18+05:30,14:43:18,592
2022-11-03T14:44:08+05:30,14:44:08,604
2022-11-03T14:44:59+05:30,14:44:59,596
2022-11-03T14:45:50+05:30,14:45:50,594
2022-11-03T14:46:41+05:30,14:46:41,588
2022-11-03T14:47:32+05:30,14:47:32,598
2022-11-03T14:48:22+05:30,14:48:22,602
2022-11-03T14:49:13+05:30,14:49:13,586
2022-11-03T14:50:04+05:30,14:50:04,612
2022-11-03T14:50:55+05:30,14:50:55,618
2022-11-03T14:51:46+05:30,14:51:46,620
2022-11-03T14:52:36+05:30,14:52:36,624
2022-11-03T14:53:27+05:30,14:53:27,664
2022-11-03T14:54:18+05:30,14:54:18,670
2022-11-03T14:55:10+05:30,14:55:10,660
2022-11-03T14:56:01+05:30,14:56:01,658
2022-11-03T14:56:53+05:30,14:56:53,642
2022-11-03T14:57:44+05:30,14:57:44,628
2022-11-03T14:58:35+05:30,14:58:35,634
2022-11-03T14:59:26+05:30,14:59:26,642
2022-11-03T15:00:17+05:30,15:00:17,660
2022-11-03T15:01:08+05:30,15:01:08,694
2022-11-03T15:02:01+05:30,15:02:01,680
2022-11-03T15:02:52+05:30,15:02:52,688
2022-11-03T15:03:43+05:30,15:03:43,686